k	pairs	c_scale	r_k	y	wins	losses	draws	ptnml	LmrHistDiv	LmrHistClamp
0	24	2.054887	0.003993184	-3	14	17	17	2/10/4/5/3	427	2
1	48	1.915949	0.0045715199	-4	16	20	12	4/5/8/5/2	422	2
2	72	1.839072	0.0049383343	-3	18	21	9	6/5/5/2/6	426	2
3	96	1.786405	0.0052093496	11	22	11	15	2/4/4/9/5	439	2
4	120	1.746594	0.0054242592	5	22	17	9	4/4/5/5/6	445	2
5	144	1.714726	0.0056018519	-7	12	19	17	2/6/13/3/0	436	2
6	168	1.688235	0.0057526333	-2	16	18	14	0/7/13/3/1	434	2
7	192	1.665620	0.0058831224	-7	13	20	15	2/9/9/2/2	443	2
8	216	1.645923	0.0059976662	0	16	16	16	3/5/8/5/3	443	2
9	240	1.628501	0.0060993206	6	20	14	14	3/2/10/4/5	435	2
10	264	1.612899	0.0061903227	8	23	15	10	2/3/9/5/5	425	2
11	288	1.598787	0.0062723636	8	20	12	16	2/2/10/6/4	435	2
12	312	1.585914	0.0063467551	-4	13	17	18	3/6/9/4/2	440	2
13	336	1.574088	0.0064145375	-15	8	23	17	7/7/5/4/1	460	2
14	360	1.563157	0.0064765504	-1	16	17	15	3/5/8/6/2	461	2
15	384	1.553001	0.0065334824	-17	8	25	15	6/7/9/2/0	483	2
16	408	1.543521	0.0065859055	16	25	9	14	1/2/8/6/7	504	2
17	432	1.534636	0.0066343006	-2	17	19	12	2/4/12/6/0	501	2
18	456	1.526279	0.0066790762	-10	13	23	12	6/6/6/4/2	514	2
19	480	1.518392	0.0067205825	3	17	14	17	0/5/13/4/2	510	2
20	504	1.510928	0.0067591218	6	20	14	14	1/4/9/8/2	503	2
21	528	1.503845	0.0067949574	-2	15	17	16	3/5/9/5/2	500	2
22	552	1.497109	0.00682832	-2	17	19	12	4/5/7/5/3	503	2
23	576	1.490687	0.0068594127	-1	19	20	9	4/3/10/4/3	504	2
24	600	1.484554	0.0068884155	0	13	13	22	1/8/8/4/3	504	2
25	624	1.478685	0.0069154889	3	17	14	17	1/4/12/5/2	508	2
26	648	1.473059	0.0069407761	-5	16	21	11	7/5/4/2/6	514	2
27	672	1.467658	0.0069644059	1	19	18	11	1/5/12/4/2	516	2
28	696	1.462466	0.0069864944	13	22	9	17	0/3/11/4/6	533	2
29	720	1.457467	0.0070071466	4	17	13	18	0/8/7/6/3	538	2
30	744	1.452648	0.0070264579	2	20	18	10	2/4/10/6/2	540	2
31	768	1.447997	0.007044515	7	22	15	11	5/1/5/8/5	550	2
32	792	1.443504	0.0070613972	-4	15	19	14	1/8/11/2/2	555	2
33	816	1.439158	0.0070771771	-2	15	17	16	3/4/11/4/2	552	2
34	840	1.434951	0.0070919213	-6	16	22	10	6/3/9/3/3	544	2
35	864	1.430874	0.0071056911	3	17	14	17	1/8/6/5/4	548	2
36	888	1.426920	0.0071185428	-2	15	17	16	3/6/8/4/3	546	2
37	912	1.423081	0.0071305289	4	19	15	14	1/4/10/8/1	541	2
38	936	1.419353	0.0071416974	-6	14	20	14	2/8/10/2/2	533	2
39	960	1.415728	0.0071520934	-7	11	18	19	3/9/5/6/1	542	2
40	984	1.412202	0.0071617583	1	19	18	11	3/5/7/6/3	541	2
41	1008	1.408769	0.0071707311	3	18	15	15	2/3/10/8/1	544	2
42	1032	1.405425	0.0071790476	1	18	17	13	3/5/6/8/2	546	2
43	1056	1.402165	0.0071867417	1	18	17	13	3/5/6/8/2	547	2
44	1080	1.398986	0.0071938449	-1	18	19	11	3/4/10/5/2	546	2
45	1104	1.395884	0.0072003866	-2	15	17	16	4/5/6/7/2	548	2
46	1128	1.392855	0.0072063945	9	21	12	15	1/6/4/9/4	537	2
47	1152	1.389897	0.0072118946	-4	13	17	18	1/7/12/3/1	542	2
48	1176	1.387005	0.0072169111	6	19	13	16	2/3/8/9/2	550	2
49	1200	1.384178	0.007221467	1	17	16	15	1/7/8/6/2	551	2
50	1224	1.381412	0.0072255838	-3	14	17	17	3/5/9/6/1	555	2
51	1248	1.378706	0.0072292819	-2	16	18	14	3/4/11/4/2	552	2
52	1272	1.376056	0.0072325805	-11	12	23	13	6/3/11/4/0	566	2
53	1296	1.373460	0.0072354977	1	16	15	17	3/5/7/6/3	565	2
54	1320	1.370917	0.0072380505	-5	14	19	15	2/8/8/5/1	558	2
55	1344	1.368425	0.0072402552	4	21	17	10	2/3/11/5/3	553	2
56	1368	1.365981	0.007242127	-7	17	24	7	7/4/7/1/5	545	2
57	1392	1.363583	0.0072436806	-8	13	21	14	4/4/12/4/0	534	2
58	1416	1.361231	0.0072449296	1	18	17	13	4/4/7/5/4	536	2
59	1440	1.358922	0.0072458871	-1	14	15	19	4/3/9/6/2	537	2
60	1464	1.356656	0.0072465656	1	18	17	13	2/4/11/5/2	538	2
61	1488	1.354429	0.0072469767	-9	13	22	13	5/5/10/2/2	527	2
62	1512	1.352242	0.0072471318	4	20	16	12	2/5/9/3/5	532	2
63	1536	1.350093	0.0072470414	-6	16	22	10	5/3/12/1/3	539	2
64	1560	1.347981	0.0072467157	13	26	13	9	2/3/7/4/8	523	2
65	1584	1.345904	0.0072461644	-4	18	22	8	5/4/9/2/4	518	2
66	1608	1.343861	0.0072453966	-8	15	23	10	7/4/5/6/2	528	2
67	1632	1.341852	0.0072444212	0	18	18	12	3/6/6/6/3	528	2
68	1656	1.339875	0.0072432465	-1	16	17	15	3/8/5/3/5	527	2
69	1680	1.337929	0.0072418806	-4	16	20	12	2/7/10/3/2	532	2
70	1704	1.336013	0.0072403311	-4	16	20	12	4/5/9/3/3	527	2
71	1728	1.334127	0.0072386052	-3	16	19	13	3/5/10/4/2	531	2
72	1752	1.332270	0.0072367099	0	17	17	14	1/7/9/5/2	531	2
73	1776	1.330441	0.007234652	-4	15	19	14	6/3/6/7/2	536	2
74	1800	1.328638	0.0072324379	-2	15	17	16	2/7/8/5/2	538	2
75	1824	1.326862	0.0072300735	1	18	17	13	3/5/7/6/3	539	2
76	1848	1.325111	0.0072275648	1	21	20	7	5/3/7/4/5	538	2
77	1872	1.323385	0.0072249174	-2	17	19	12	2/4/13/4/1	536	2
78	1896	1.321684	0.0072221367	0	17	17	14	2/6/9/4/3	536	2
79	1920	1.320006	0.0072192278	1	15	14	19	1/9/4/8/2	537	2
80	1944	1.318351	0.0072161957	2	20	18	10	3/5/8/3/5	534	2
81	1968	1.316718	0.007213045	3	19	16	13	2/3/12/4/3	538	2
82	1992	1.315107	0.0072097805	12	22	10	16	1/2/9/8/4	553	2
83	2016	1.313517	0.0072064063	9	20	11	17	2/1/10/8/3	563	2
84	2040	1.311948	0.0072029268	-3	14	17	17	3/4/12/3/2	560	2
85	2064	1.310399	0.0071993459	-6	13	19	16	4/6/6/8/0	553	2
86	2088	1.308870	0.0071956676	-3	16	19	13	2/6/11/3/2	556	2
87	2112	1.307360	0.0071918956	16	24	8	16	0/2/8/10/4	575	2
88	2136	1.305869	0.0071880333	-14	13	27	8	9/4/5/4/2	592	2
89	2160	1.304396	0.0071840844	-5	16	21	11	4/8/5/3/4	586	2
90	2184	1.302941	0.0071800521	6	20	14	14	2/6/6/4/6	579	2
91	2208	1.301504	0.0071759396	3	17	14	17	2/3/11/6/2	583	2
92	2232	1.300083	0.00717175	6	19	13	16	1/4/9/8/2	590	2
93	2256	1.298680	0.0071674861	-5	13	18	17	3/5/11/4/1	584	2
94	2280	1.297292	0.007163151	2	17	15	16	2/4/10/6/2	586	2
95	2304	1.295921	0.0071587473	-6	14	20	14	3/6/10/4/1	593	2
96	2328	1.294565	0.0071542777	-17	9	26	13	8/4/10/1/1	614	2
97	2352	1.293225	0.0071497447	13	21	8	19	1/5/4/8/6	629	2
98	2376	1.291900	0.0071451507	-7	14	21	13	5/5/8/4/2	637	2
99	2400	1.290589	0.0071404983	-6	14	20	14	4/7/6/5/2	644	2
100	2424	1.289292	0.0071357895	3	20	17	11	2/4/11/3/4	641	2
101	2448	1.288010	0.0071310267	11	25	14	9	3/3/5/6/7	628	2
102	2472	1.286742	0.0071262119	11	25	14	9	3/3/5/6/7	641	2
103	2496	1.285487	0.0071213473	-9	13	22	13	3/7/10/4/0	630	2
104	2520	1.284245	0.0071164348	-1	15	16	17	2/7/7/6/2	631	2
105	2544	1.283016	0.0071114763	7	20	13	15	2/4/9/3/6	623	2
106	2568	1.281800	0.0071064736	5	19	14	15	2/3/10/6/3	629	2
107	2592	1.280596	0.0071014286	4	19	15	14	2/4/10/4/4	634	2
108	2616	1.279404	0.007096343	1	13	12	23	1/5/10/8/0	632	2
109	2640	1.278225	0.0070912184	-3	17	20	11	2/6/11/3/2	629	2
110	2664	1.277057	0.0070860565	-3	15	18	15	3/5/10/4/2	632	2
111	2688	1.275901	0.0070808587	-7	13	20	15	4/9/3/6/2	624	2
112	2712	1.274756	0.0070756267	6	21	15	12	0/6/10/4/4	617	2
113	2736	1.273622	0.0070703618	3	18	15	15	2/5/8/6/3	614	2
114	2760	1.272499	0.0070650654	1	16	15	17	3/4/7/9/1	613	2
115	2784	1.271387	0.007059739	-3	16	19	13	2/7/10/2/3	609	2
116	2808	1.270285	0.0070543838	-2	15	17	16	1/8/8/6/1	607	2
117	2832	1.269193	0.0070490012	6	20	14	14	2/4/8/6/4	600	2
118	2856	1.268112	0.0070435922	10	22	12	14	3/3/4/9/5	612	2
119	2880	1.267041	0.0070381582	1	18	17	13	3/2/12/5/2	613	2
120	2904	1.265979	0.0070327002	0	14	14	20	0/7/10/7/0	613	2
121	2928	1.264927	0.0070272194	4	20	16	12	1/5/10/5/3	617	2
122	2952	1.263885	0.0070217169	-3	15	18	15	3/2/15/3/1	614	2
123	2976	1.262852	0.0070161936	-7	13	20	15	3/4/14/3/0	606	2
124	3000	1.261828	0.0070106507	1	17	16	15	2/4/12/3/3	605	2
125	3024	1.260812	0.0070050891	-6	16	22	10	6/5/5/5/3	598	2
126	3048	1.259806	0.0069995097	-17	12	29	7	8/5/8/2/1	617	2
127	3072	1.258809	0.0069939134	2	19	17	12	3/3/10/5/3	615	2
128	3096	1.257820	0.0069883012	12	23	11	14	1/3/8/7/5	602	2
129	3120	1.256839	0.0069826739	0	19	19	10	4/6/5/4/5	602	2
130	3144	1.255867	0.0069770323	-5	15	20	13	5/5/7/4/3	596	2
131	3168	1.254902	0.0069713773	-5	14	19	15	2/8/8/5/1	590	2
132	3192	1.253946	0.0069657095	-2	16	18	14	1/7/11/3/2	588	2
133	3216	1.252998	0.0069600299	2	19	17	12	3/6/5/6/4	590	2
134	3240	1.252057	0.006954339	1	19	18	11	5/4/4/7/4	591	2
135	3264	1.251124	0.0069486377	-1	18	19	11	3/5/9/4/3	590	2
136	3288	1.250199	0.0069429265	9	21	12	15	3/2/7/7/5	600	2
137	3312	1.249281	0.0069372063	2	19	17	12	4/4/6/6/4	598	2
138	3336	1.248370	0.0069314775	-10	14	24	10	6/5/8/3/2	609	2
139	3360	1.247467	0.0069257409	-5	13	18	17	5/3/10/4/2	604	2
140	3384	1.246570	0.006919997	3	18	15	15	1/6/9/5/3	600	2
141	3408	1.245681	0.0069142465	-7	16	23	9	3/6/12/1/2	608	2
142	3432	1.244798	0.0069084899	3	20	17	11	2/8/5/3/6	611	2
143	3456	1.243922	0.0069027277	4	19	15	14	1/6/9/4/4	607	2
144	3480	1.243053	0.0068969606	3	20	17	11	1/4/13/3/3	610	2
145	3504	1.242191	0.0068911889	-2	14	16	18	3/6/8/4/3	608	2
146	3528	1.241335	0.0068854133	1	20	19	9	2/5/11/2/4	609	2
147	3552	1.240485	0.0068796342	3	17	14	17	2/3/11/6/2	612	2
148	3576	1.239641	0.0068738521	5	21	16	11	1/7/8/2/6	607	2
149	3600	1.238804	0.0068680674	2	19	17	12	4/3/8/5/4	605	2
150	3624	1.237973	0.0068622805	14	25	11	12	0/4/7/8/5	590	2
151	3648	1.237148	0.006856492	2	16	14	18	3/5/8/3/5	587	2
152	3672	1.236329	0.0068507023	1	18	17	13	2/4/12/3/3	588	2
153	3696	1.235516	0.0068449117	5	19	14	15	3/3/9/4/5	594	2
154	3720	1.234708	0.0068391206	-1	15	16	17	4/3/10/4/3	595	2
155	3744	1.233907	0.0068333294	-2	13	15	20	2/6/10/4/2	597	2
156	3768	1.233111	0.0068275385	-4	16	20	12	1/8/11/2/2	601	2
157	3792	1.232320	0.0068217483	2	15	13	20	2/6/7/6/3	604	2
158	3816	1.231535	0.006815959	6	19	13	16	2/5/6/7/4	610	2
159	3840	1.230756	0.0068101711	2	20	18	10	5/3/7/3/6	608	2
160	3864	1.229981	0.0068043848	-4	16	20	12	0/9/11/3/1	612	2
161	3888	1.229212	0.0067986005	10	23	13	12	1/2/10/8/3	623	2
162	3912	1.228449	0.0067928185	-2	17	19	12	5/3/7/7/2	621	2
163	3936	1.227690	0.0067870391	-6	12	18	18	4/5/8/7/0	614	2
164	3960	1.226936	0.0067812625	-1	18	19	11	4/3/9/6/2	615	2
165	3984	1.226188	0.006775489	-1	17	18	13	4/5/6/6/3	616	2
166	4008	1.225444	0.006769719	-7	16	23	9	6/2/11/3/2	609	2
167	4032	1.224706	0.0067639527	2	17	15	16	2/6/8/4/4	607	2
168	4056	1.223972	0.0067581903	3	21	18	9	3/3/9/6/3	610	2
169	4080	1.223243	0.006752432	3	20	17	11	4/3/8/4/5	613	2
170	4104	1.222518	0.0067466782	-6	14	20	14	2/7/11/3/1	607	2
171	4128	1.221798	0.0067409291	2	18	16	14	3/4/9/4/4	609	2
172	4152	1.221083	0.0067351848	-11	11	22	15	4/8/8/3/1	597	2
173	4176	1.220373	0.0067294456	2	18	16	14	2/4/9/8/1	600	2
174	4200	1.219666	0.0067237117	-2	17	19	12	3/6/9/2/4	597	2
175	4224	1.218965	0.0067179833	-4	15	19	14	4/5/7/7/1	602	2
176	4248	1.218267	0.0067122607	10	23	13	12	1/3/10/5/5	612	2
177	4272	1.217574	0.0067065439	-6	16	22	10	5/3/12/1/3	618	2
178	4296	1.216886	0.0067008332	1	16	15	17	2/2/14/5/1	619	2
179	4320	1.216201	0.0066951288	-8	14	22	12	5/5/8/5/1	628	2
180	4344	1.215521	0.0066894308	11	24	13	11	0/3/13/2/6	616	2
181	4368	1.214845	0.0066837394	-5	12	17	19	2/8/7/7/0	622	2
182	4392	1.214172	0.0066780548	6	22	16	10	3/2/10/4/5	615	2
183	4416	1.213504	0.0066723772	5	19	14	15	2/8/3/5/6	620	2
184	4440	1.212840	0.0066667066	-7	15	22	11	3/6/12/1/2	613	2
185	4464	1.212180	0.0066610433	-6	14	20	14	5/4/9/4/2	619	2
186	4488	1.211524	0.0066553873	5	20	15	13	2/5/8/4/5	614	2
187	4512	1.210871	0.0066497388	-4	18	22	8	3/5/11/3/2	618	2
188	4536	1.210223	0.006644098	-2	17	19	12	3/4/11/4/2	620	3
189	4560	1.209578	0.006638465	-7	15	22	11	4/5/10/4/1	613	3
190	4584	1.208937	0.0066328398	5	17	12	19	3/2/9/7/3	618	3
191	4608	1.208299	0.0066272227	-7	17	24	7	6/5/7/2/4	626	3
192	4632	1.207665	0.0066216137	-3	17	20	11	3/5/10/4/2	623	3
193	4656	1.207035	0.006616013	-2	16	18	14	4/5/6/7/2	625	3
194	4680	1.206409	0.0066104207	-2	16	18	14	1/7/10/5/1	627	3
195	4704	1.205785	0.0066048368	9	24	15	9	2/1/12/4/5	617	3
196	4728	1.205166	0.0065992615	-1	17	18	13	2/3/13/6/0	618	3
197	4752	1.204550	0.0065936948	-8	12	20	16	3/7/9/5/0	610	3
198	4776	1.203937	0.0065881369	3	22	19	7	4/3/8/4/5	613	3
199	4800	1.203328	0.0065825879	-9	12	21	15	5/4/10/5/0	622	3
200	4824	1.202722	0.0065770478	0	19	19	10	5/2/8/6/3	622	3
201	4848	1.202119	0.0065715168	-10	13	23	12	3/7/11/3/0	633	3
202	4872	1.201519	0.0065659949	-1	16	17	15	2/5/10/6/1	632	3
203	4896	1.200923	0.0065604821	0	19	19	10	3/5/8/5/3	632	3
204	4920	1.200330	0.0065549786	9	18	9	21	0/5/9/6/4	623	3
205	4944	1.199741	0.0065494845	0	15	15	18	2/6/8/6/2	623	3
206	4968	1.199154	0.0065439998	-2	18	20	10	3/3/12/5/1	625	3
207	4992	1.198570	0.0065385245	1	16	15	17	2/7/5/8/2	626	3
208	5016	1.197990	0.0065330588	-2	15	17	16	3/4/9/8/0	628	3
209	5040	1.197412	0.0065276027	2	14	12	22	0/8/8/6/2	630	3
210	5064	1.196838	0.0065221563	-2	16	18	14	4/4/9/4/3	628	3
211	5088	1.196267	0.0065167196	1	17	16	15	2/8/4/7/3	627	3
212	5112	1.195698	0.0065112927	6	24	18	6	2/3/11/3/5	633	3
213	5136	1.195133	0.0065058756	6	22	16	10	2/3/9/7/3	638	3
214	5160	1.194570	0.0065004684	4	17	13	18	2/5/8/5/4	635	3
215	5184	1.194010	0.0064950712	-1	14	15	19	2/6/11/1/4	634	3
216	5208	1.193453	0.0064896839	-1	18	19	11	1/6/12/3/2	635	3
217	5232	1.192899	0.0064843066	5	18	13	17	2/5/8/4/5	630	3
218	5256	1.192348	0.0064789395	-5	14	19	15	4/5/9/4/2	635	3
219	5280	1.191800	0.0064735824	-4	16	20	12	3/6/9/4/2	638	3
220	5304	1.191254	0.0064682355	10	22	12	14	0/3/11/7/3	648	3
221	5328	1.190711	0.0064628987	2	20	18	10	2/4/11/4/3	650	3
222	5352	1.190170	0.0064575722	-4	17	21	10	3/5/11/3/2	646	3
223	5376	1.189633	0.0064522559	-4	17	21	10	3/4/13/2/2	642	3
224	5400	1.189098	0.00644695	-6	15	21	12	4/3/13/3/1	637	3
225	5424	1.188565	0.0064416543	3	19	16	13	2/6/7/5/4	634	3
226	5448	1.188035	0.006436369	3	21	18	9	3/6/6/3/6	637	3
227	5472	1.187508	0.006431094	-2	19	21	8	4/5/8/3/4	638	3
228	5496	1.186983	0.0064258295	-6	13	19	16	3/4/13/4/0	633	3
229	5520	1.186461	0.0064205754	-5	17	22	9	5/4/10/1/4	628	3
230	5544	1.185941	0.0064153317	14	24	10	14	1/4/6/6/7	641	3
231	5568	1.185424	0.0064100985	-3	17	20	11	5/6/4/5/4	644	3
232	5592	1.184909	0.0064048757	3	19	16	13	4/3/6/8/3	641	3
233	5616	1.184396	0.0063996635	2	19	17	12	3/2/12/4/3	639	3
234	5640	1.183886	0.0063944618	0	19	19	10	3/5/8/5/3	639	3
235	5664	1.183379	0.0063892706	9	20	11	17	1/5/7/6/5	648	3
236	5688	1.182874	0.00638409	3	18	15	15	3/6/5/5/5	651	3
237	5712	1.182371	0.0063789199	1	17	16	15	1/6/10/5/2	652	3
238	5736	1.181870	0.0063737604	-5	15	20	13	4/7/6/4/3	647	3
239	5760	1.181372	0.0063686115	-2	16	18	14	5/2/10/4/3	645	3
240	5784	1.180876	0.0063634732	-4	14	18	16	3/7/6/7/1	649	3
241	5808	1.180382	0.0063583455	5	18	13	17	2/4/8/7/3	644	3
242	5832	1.179890	0.0063532285	3	19	16	13	4/4/6/5/5	647	3
243	5856	1.179401	0.006348122	-4	14	18	16	2/9/7/3/3	643	3
244	5880	1.178914	0.0063430262	-5	12	17	19	3/5/10/6/0	648	3
245	5904	1.178429	0.006337941	3	17	14	17	2/5/8/6/3	645	3
246	5928	1.177946	0.0063328664	1	18	17	13	3/5/6/8/2	644	3
247	5952	1.177466	0.0063278025	8	22	14	12	2/4/6/8/4	652	3
248	5976	1.176987	0.0063227492	1	19	18	11	2/6/9/3/4	653	3
249	6000	1.176511	0.0063177066	0	15	15	18	0/9/8/5/2	653	3
250	6024	1.176037	0.0063126746	-7	16	23	9	5/6/7/3/3	660	3
251	6048	1.175564	0.0063076532	1	17	16	15	0/6/13/3/2	659	3
252	6072	1.175094	0.0063026425	0	16	16	16	3/4/8/8/1	659	3
253	6096	1.174626	0.0062976424	-5	15	20	13	5/5/8/2/4	663	3
254	6120	1.174160	0.006292653	1	16	15	17	1/7/8/6/2	664	3
255	6144	1.173696	0.0062876742	0	19	19	10	4/2/12/2/4	664	3
256	6168	1.173234	0.006282706	9	23	14	11	0/5/9/6/4	656	3
257	6192	1.172774	0.0062777485	-1	18	19	11	5/2/8/7/2	657	3
258	6216	1.172316	0.0062728016	1	17	16	15	2/6/7/7/2	658	3
259	6240	1.171860	0.0062678652	-15	11	26	11	6/6/10/1/1	672	3
260	6264	1.171405	0.0062629395	-10	10	20	18	5/5/10/3/1	681	3
261	6288	1.170953	0.0062580244	5	20	15	13	2/4/10/3/5	686	3
262	6312	1.170503	0.0062531199	1	15	14	19	2/5/9/6/2	687	3
263	6336	1.170054	0.006248226	12	24	12	12	1/3/9/5/6	698	3
264	6360	1.169607	0.0062433426	1	17	16	15	3/5/6/8/2	699	3
265	6384	1.169162	0.0062384698	-7	16	23	9	6/4/8/3/3	692	3
266	6408	1.168719	0.0062336075	-2	16	18	14	4/4/7/8/1	694	3
267	6432	1.168278	0.0062287558	3	17	14	17	2/6/8/3/5	692	3
268	6456	1.167839	0.0062239146	0	16	16	16	2/5/10/5/2	692	3
269	6480	1.167401	0.006219084	8	24	16	8	4/2/8/2/8	684	3
270	6504	1.166965	0.0062142638	-9	13	22	13	4/6/10/3/1	676	3
271	6528	1.166531	0.0062094542	4	22	18	8	4/1/9/7/3	679	3
272	6552	1.166099	0.006204655	-9	13	22	13	6/5/7/4/2	671	3
273	6576	1.165669	0.0061998663	-5	14	19	15	4/7/5/6/2	676	3
274	6600	1.165240	0.006195088	1	18	17	13	2/4/10/7/1	675	3
275	6624	1.164813	0.0061903202	0	15	15	18	2/6/8/6/2	675	3
276	6648	1.164387	0.0061855628	8	21	13	14	2/2/10/6/4	667	3
277	6672	1.163964	0.0061808158	-3	15	18	15	3/5/10/4/2	670	3
278	6696	1.163542	0.0061760793	-2	16	18	14	1/9/8/3/3	668	3
279	6720	1.163121	0.006171353	-3	18	21	9	2/7/10/2/3	666	3
280	6744	1.162702	0.0061666372	-7	13	20	15	4/7/6/6/1	659	3
281	6768	1.162285	0.0061619317	-2	15	17	16	1/8/10/2/3	657	3
282	6792	1.161870	0.0061572365	-1	17	18	13	2/4/13/3/2	658	3
283	6816	1.161456	0.0061525516	-11	12	23	13	5/6/10/1/2	648	3
284	6840	1.161044	0.006147877	11	23	12	13	0/3/9/10/2	638	3
285	6864	1.160633	0.0061432127	-6	12	18	18	2/8/8/6/0	644	3
286	6888	1.160224	0.0061385587	-5	14	19	15	6/3/7/6/2	648	3
287	6912	1.159816	0.0061339149	2	16	14	18	1/6/8/8/1	646	3
288	6936	1.159411	0.0061292813	-1	15	16	17	2/7/8/4/3	647	3
289	6960	1.159006	0.0061246579	-3	17	20	11	4/6/7/3/4	650	3
290	6984	1.158603	0.0061200447	8	19	11	18	1/4/9/6/4	657	3
291	7008	1.158202	0.0061154416	-6	14	20	14	5/5/8/3/3	652	3
292	7032	1.157802	0.0061108487	-13	10	23	15	5/8/8/1/2	664	3
293	7056	1.157404	0.0061062659	4	17	13	18	1/6/8/6/3	660	3
294	7080	1.157007	0.0061016932	3	19	16	13	2/5/9/4/4	663	3
295	7104	1.156611	0.0060971306	-2	16	18	14	4/3/11/3/3	661	3
296	7128	1.156217	0.006092578	2	19	17	12	2/5/10/3/4	659	3
297	7152	1.155825	0.0060880355	-2	16	18	14	2/7/8/5/2	657	3
298	7176	1.155434	0.006083503	-4	15	19	14	4/7/5/5/3	654	3
299	7200	1.155044	0.0060789805	5	22	17	9	3/4/7/5/5	658	3
300	7224	1.154656	0.006074468	3	16	13	19	1/5/10/6/2	655	3
301	7248	1.154269	0.0060699654	2	17	15	16	0/8/8/6/2	657	3
302	7272	1.153884	0.0060654727	1	18	17	13	3/2/12/5/2	656	3
303	7296	1.153500	0.00606099	-1	18	19	11	4/2/11/5/2	657	3
304	7320	1.153118	0.0060565171	-2	15	17	16	3/7/6/5/3	659	3
305	7344	1.152737	0.0060520541	1	17	16	15	2/6/7/7/2	658	3
306	7368	1.152357	0.006047601	5	22	17	9	2/4/9/5/4	654	3
307	7392	1.151978	0.0060431577	3	17	14	17	2/4/9/7/2	651	3
308	7416	1.151601	0.0060387241	-2	17	19	12	4/4/9/4/3	653	3
309	7440	1.151225	0.0060343003	-11	9	20	19	5/6/10/1/2	663	3
310	7464	1.150851	0.0060298863	7	21	14	13	2/2/10/7/3	669	3
311	7488	1.150478	0.006025482	2	19	17	12	3/3/9/7/2	671	3
312	7512	1.150106	0.0060210874	-5	13	18	17	2/7/10/4/1	666	3
313	7536	1.149736	0.0060167025	1	17	16	15	2/6/9/3/4	665	3
314	7560	1.149367	0.0060123273	3	18	15	15	3/4/8/5/4	663	3
315	7584	1.148999	0.0060079617	-2	16	18	14	5/3/8/5/3	664	3
316	7608	1.148632	0.0060036057	-2	19	21	8	3/3/14/1/3	666	3
317	7632	1.148267	0.0059992592	6	19	13	16	0/8/7/4/5	661	3
318	7656	1.147903	0.0059949224	-1	16	17	15	2/6/9/5/2	662	3
319	7680	1.147540	0.005990595	-1	17	18	13	3/4/10/5/2	661	3
320	7704	1.147178	0.0059862772	8	22	14	12	2/3/8/7/4	654	3
321	7728	1.146818	0.0059819689	1	19	18	11	3/4/10/3/4	653	3
322	7752	1.146459	0.00597767	1	19	18	11	3/5/7/6/3	652	3
323	7776	1.146101	0.0059733806	9	23	14	11	1/3/11/4/5	660	3
324	7800	1.145744	0.0059691006	4	19	15	14	2/4/10/4/4	663	3
325	7824	1.145389	0.00596483	4	19	15	14	2/7/5/5/5	660	3
326	7848	1.145035	0.0059605687	1	16	15	17	4/2/9/7/2	661	3
327	7872	1.144681	0.0059563168	-7	13	20	15	4/4/12/3/1	655	3
328	7896	1.144330	0.0059520743	1	18	17	13	3/4/9/5/3	654	3
329	7920	1.143979	0.005947841	5	20	15	13	4/1/8/8/3	649	3
330	7944	1.143629	0.0059436169	0	17	17	14	4/1/11/7/1	649	3
331	7968	1.143281	0.0059394022	-2	15	17	16	4/4/9/4/3	651	3
332	7992	1.142934	0.0059351966	-5	15	20	13	5/6/6/3/4	656	3
333	8016	1.142588	0.0059310003	2	18	16	14	4/3/8/5/4	657	3
334	8040	1.142243	0.0059268131	3	16	13	19	2/6/8/3/5	655	3
335	8064	1.141899	0.005922635	-7	14	21	13	6/3/9/4/2	649	3
336	8088	1.141556	0.0059184661	-7	13	20	15	6/3/9/4/2	655	3
337	8112	1.141215	0.0059143063	-3	14	17	17	2/11/3/4/4	652	3
338	8136	1.140874	0.0059101555	-10	11	21	16	6/2/12/4/0	643	3
339	8160	1.140535	0.0059060138	6	22	16	10	4/3/6/5/6	638	3
340	8184	1.140197	0.0059018811	5	23	18	7	3/3/9/4/5	643	3
341	8208	1.139859	0.0058977574	0	17	17	14	2/4/12/4/2	643	3
342	8232	1.139523	0.0058936427	-3	14	17	17	3/4/11/5/1	645	3
343	8256	1.139188	0.0058895369	8	20	12	16	1/3/11/5/4	652	3
344	8280	1.138854	0.00588544	5	20	15	13	1/4/11/5/3	656	3
345	8304	1.138521	0.0058813521	-7	13	20	15	4/7/8/2/3	662	3
346	8328	1.138190	0.005877273	1	20	19	9	6/2/8/1/7	661	3
347	8352	1.137859	0.0058732028	-3	14	17	17	2/9/5/6/2	659	3
348	8376	1.137529	0.0058691413	-1	18	19	11	5/4/6/5/4	660	3
349	8400	1.137200	0.0058650887	0	16	16	16	3/7/4/7/3	660	3
350	8424	1.136873	0.0058610449	-3	14	17	17	3/5/9/6/1	657	3
351	8448	1.136546	0.0058570097	5	20	15	13	1/5/10/4/4	653	3
352	8472	1.136221	0.0058529834	3	23	20	5	4/3/9/2/6	650	3
353	8496	1.135896	0.0058489657	4	21	17	10	0/5/13/3/3	654	3
354	8520	1.135572	0.0058449567	2	18	16	14	3/4/7/8/2	655	3
355	8544	1.135250	0.0058409563	-5	12	17	19	3/8/5/7/1	651	3
356	8568	1.134928	0.0058369645	-4	14	18	16	4/3/10/7/0	655	3
357	8592	1.134608	0.0058329814	3	19	16	13	2/7/6/4/5	652	3
358	8616	1.134288	0.0058290068	3	19	16	13	3/2/12/3/4	655	3
359	8640	1.133969	0.0058250408	-13	12	25	11	7/5/7/4/1	666	3
360	8664	1.133652	0.0058210833	-1	17	18	13	5/3/7/6/3	665	3
361	8688	1.133335	0.0058171343	-4	15	19	14	4/4/10/4/2	668	3
362	8712	1.133019	0.0058131938	-1	14	15	19	1/8/9/3/3	667	3
363	8736	1.132705	0.0058092617	3	19	16	13	2/3/11/6/2	670	3
364	8760	1.132391	0.005805338	0	18	18	12	3/5/8/5/3	670	3
365	8784	1.132078	0.0058014228	6	19	13	16	2/3/9/7/3	675	3
366	8808	1.131766	0.0057975159	2	19	17	12	2/3/13/3/3	677	3
367	8832	1.131455	0.0057936173	7	22	15	11	1/7/7/2/7	682	3
368	8856	1.131145	0.0057897271	2	18	16	14	3/4/9/4/4	681	3
369	8880	1.130836	0.0057858452	3	19	16	13	4/4/5/7/4	683	3
370	8904	1.130528	0.0057819716	-3	16	19	13	3/7/8/2/4	681	3
371	8928	1.130220	0.0057781062	-2	12	14	22	1/7/9/7/0	682	3
372	8952	1.129914	0.0057742491	-9	11	20	17	5/5/9/4/1	690	3
373	8976	1.129608	0.0057704001	0	17	17	14	3/5/8/5/3	690	3
374	9000	1.129304	0.0057665594	1	17	16	15	3/3/10/6/2	691	3
375	9024	1.129000	0.0057627267	-7	13	20	15	1/11/7/4/1	685	3
376	9048	1.128697	0.0057589023	1	13	12	23	2/3/12/6/1	684	3
377	9072	1.128395	0.0057550859	2	16	14	18	4/3/7/7/3	682	3
378	9096	1.128094	0.0057512776	3	17	14	17	3/5/7/4/5	685	3
379	9120	1.127794	0.0057474774	-5	13	18	17	4/7/5/6/2	689	3
380	9144	1.127495	0.0057436852	1	18	17	13	2/5/9/6/2	690	3
381	9168	1.127196	0.005739901	-6	15	21	12	4/6/8/4/2	685	3
382	9192	1.126899	0.0057361248	1	19	18	11	1/6/11/3/3	686	3
383	9216	1.126602	0.0057323565	2	17	15	16	3/5/8/3/5	687	3
384	9240	1.126306	0.0057285962	-7	12	19	17	5/5/9/2/3	682	3
385	9264	1.126011	0.0057248439	10	23	13	12	2/3/6/9/4	673	3
386	9288	1.125717	0.0057210994	6	19	13	16	1/4/11/4/4	668	3
387	9312	1.125423	0.0057173627	0	17	17	14	2/6/9/4/3	668	3
388	9336	1.125131	0.005713634	-2	15	17	16	2/6/9/6/1	670	3
389	9360	1.124839	0.005709913	-6	15	21	12	4/4/11/4/1	675	3
390	9384	1.124548	0.0057061998	-3	14	17	17	4/5/7/6/2	678	3
391	9408	1.124258	0.0057024945	-10	9	19	20	4/5/12/3/0	669	3
392	9432	1.123969	0.0056987968	-4	14	18	16	2/6/10/6/0	666	3
393	9456	1.123680	0.0056951069	9	25	16	7	1/4/10/3/6	673	3
394	9480	1.123393	0.0056914247	5	17	12	19	0/4/13/5/2	669	3
395	9504	1.123106	0.0056877502	-6	15	21	12	6/5/5/5/3	674	3
396	9528	1.122820	0.0056840833	0	19	19	10	3/2/13/4/2	674	3
397	9552	1.122535	0.005680424	0	15	15	18	2/6/8/6/2	674	3
398	9576	1.122250	0.0056767724	-8	12	20	16	2/8/11/2/1	681	3
399	9600	1.121966	0.0056731284	-1	19	20	9	4/5/7/4/4	680	3
400	9624	1.121683	0.0056694919	-15	11	26	11	6/6/9/3/0	668	3
401	9648	1.121401	0.005665863	-2	15	17	16	4/4/10/2/4	669	3
402	9672	1.121120	0.0056622415	-1	16	17	15	2/4/12/5/1	670	3
403	9696	1.120839	0.0056586276	-6	13	19	16	4/5/8/7/0	675	3
404	9720	1.120560	0.0056550212	-4	15	19	14	4/4/10/4/2	678	3
405	9744	1.120281	0.0056514222	-1	16	17	15	3/4/11/3/3	679	3
406	9768	1.120002	0.0056478306	-5	15	20	13	2/6/12/3/1	683	3
407	9792	1.119725	0.0056442464	-2	19	21	8	5/3/9/3/4	685	3
408	9816	1.119448	0.0056406696	-2	18	20	10	3/5/9/5/2	686	3
409	9840	1.119172	0.0056371002	-10	12	22	14	7/5/7/1/4	694	3
410	9864	1.118896	0.0056335381	-6	11	17	20	2/8/10/2/2	699	3
411	9888	1.118622	0.0056299834	6	21	15	12	2/4/7/8/3	694	3
412	9912	1.118348	0.0056264359	1	19	18	11	3/3/9/8/1	695	3
413	9936	1.118075	0.0056228957	-16	10	26	12	5/8/9/2/0	682	3
414	9960	1.117802	0.0056193627	-4	13	17	18	5/4/7/6/2	686	3
415	9984	1.117531	0.005615837	0	16	16	16	2/6/9/4/3	686	3
416	10008	1.117260	0.0056123185	-1	18	19	11	4/3/9/6/2	686	3
417	10032	1.116990	0.0056088071	0	17	17	14	3/4/9/6/2	686	3
418	10056	1.116720	0.0056053029	0	18	18	12	3/6/6/6/3	686	3
419	10080	1.116451	0.0056018059	-6	15	21	12	1/8/12/2/1	682	3
420	10104	1.116183	0.005598316	-7	14	21	13	3/5/12/4/0	676	3
421	10128	1.115916	0.0055948331	-2	16	18	14	3/4/11/4/2	678	3
422	10152	1.115649	0.0055913574	10	23	13	12	1/3/9/7/4	686	3
423	10176	1.115383	0.0055878887	-1	16	17	15	4/5/7/4/4	686	3
424	10200	1.115117	0.005584427	-14	10	24	14	7/4/10/2/1	698	3
425	10224	1.114853	0.0055809723	2	18	16	14	1/6/10/4/3	696	3
426	10248	1.114589	0.0055775247	1	18	17	13	4/4/7/5/4	697	3
427	10272	1.114326	0.005574084	2	18	16	14	2/3/12/5/2	698	3
428	10296	1.114063	0.0055706502	-8	11	19	18	4/8/5/6/1	692	3
429	10320	1.113801	0.0055672234	2	19	17	12	4/6/4/4/6	690	3
430	10344	1.113540	0.0055638034	2	18	16	14	4/3/7/7/3	692	3
431	10368	1.113279	0.0055603904	-21	4	25	19	5/13/5/0/1	675	3
432	10392	1.113019	0.0055569842	11	20	9	19	0/6/4/11/3	684	3
433	10416	1.112760	0.0055535848	-1	17	18	13	3/5/9/4/3	685	3
434	10440	1.112501	0.0055501923	-4	16	20	12	3/4/12/4/1	688	3
435	10464	1.112243	0.0055468066	11	24	13	11	1/1/12/6/4	697	3
436	10488	1.111986	0.0055434276	-1	16	17	15	3/7/6/4/4	696	3
437	10512	1.111729	0.0055400554	-3	17	20	11	5/3/10/2/4	694	3
438	10536	1.111473	0.00553669	-2	15	17	16	2/6/9/6/1	692	3
439	10560	1.111218	0.0055333312	8	22	14	12	2/3/7/9/3	698	3
440	10584	1.110963	0.0055299792	-8	15	23	10	5/2/14/2/1	692	3
441	10608	1.110709	0.0055266338	1	13	12	23	1/6/9/7/1	691	3
442	10632	1.110455	0.0055232951	-6	13	19	16	4/6/8/4/2	686	3
443	10656	1.110203	0.005519963	-1	19	20	9	3/4/11/3/3	687	3
444	10680	1.109950	0.0055166376	3	19	16	13	2/5/7/8/2	690	3
445	10704	1.109699	0.0055133187	-9	15	24	9	4/5/12/2/1	697	3
446	10728	1.109448	0.0055100064	-2	17	19	12	5/5/4/7/3	695	3
447	10752	1.109197	0.0055067007	-1	17	18	13	1/7/9/6/1	694	3
448	10776	1.108948	0.0055034015	-1	19	20	9	3/6/8/3/4	694	3
449	10800	1.108698	0.0055001088	8	21	13	14	2/3/9/5/5	700	3
450	10824	1.108450	0.0054968226	9	20	11	17	0/4/9/9/2	693	3
451	10848	1.108202	0.0054935429	-6	14	20	14	2/8/9/4/1	697	3
452	10872	1.107955	0.0054902696	-3	15	18	15	2/7/9/4/2	700	3
453	10896	1.107708	0.0054870028	2	18	16	14	2/3/12/5/2	698	3
454	10920	1.107462	0.0054837424	-1	17	18	13	6/3/5/6/4	699	3
455	10944	1.107216	0.0054804884	4	23	19	6	3/3/10/3/5	702	3
456	10968	1.106971	0.0054772407	6	21	15	12	2/3/9/7/3	707	3
457	10992	1.106727	0.0054739995	2	20	18	10	1/7/9/3/4	705	3
458	11016	1.106483	0.0054707645	0	17	17	14	3/5/8/5/3	705	3
459	11040	1.106240	0.0054675359	-2	19	21	8	3/3/13/3/2	707	3
460	11064	1.105997	0.0054643136	-1	17	18	13	1/9/8/2/4	707	3
461	11088	1.105755	0.0054610976	0	20	20	8	3/5/10/1/5	707	3
462	11112	1.105514	0.0054578878	1	17	16	15	2/6/9/3/4	707	3
463	11136	1.105273	0.0054546843	-6	13	19	16	4/7/5/7/1	702	3
464	11160	1.105033	0.005451487	9	22	13	13	1/1/13/6/3	695	3
465	11184	1.104793	0.0054482959	6	20	14	14	1/5/9/5/4	691	3
466	11208	1.104554	0.005445111	2	18	16	14	3/7/4/5/5	689	3
467	11232	1.104315	0.0054419322	-5	16	21	11	5/6/6/3/4	685	3
468	11256	1.104077	0.0054387597	4	20	16	12	0/5/11/7/1	682	3
469	11280	1.103840	0.0054355932	-6	15	21	12	4/6/8/4/2	687	3
470	11304	1.103603	0.0054324329	3	20	17	11	4/3/7/6/4	689	3
471	11328	1.103366	0.0054292786	-10	11	21	16	4/7/9/3/1	697	3
472	11352	1.103131	0.0054261305	-4	15	19	14	1/9/9/3/2	700	3
473	11376	1.102895	0.0054229883	4	21	17	10	0/7/11/1/5	703	3
474	11400	1.102661	0.0054198523	8	21	13	14	2/4/6/8/4	709	3
475	11424	1.102426	0.0054167222	1	18	17	13	3/2/12/5/2	710	3
476	11448	1.102193	0.0054135982	-7	16	23	9	4/6/9/3/2	704	3
477	11472	1.101960	0.0054104801	-8	12	20	16	2/9/8/5/0	698	3
478	11496	1.101727	0.005407368	-1	16	17	15	4/4/6/9/1	697	3
479	11520	1.101495	0.0054042619	13	26	13	9	2/1/10/4/7	707	3
480	11544	1.101264	0.0054011617	-1	18	19	11	3/5/8/6/2	708	3
481	11568	1.101033	0.0053980674	5	19	14	15	2/5/7/6/4	704	3
482	11592	1.100802	0.005394979	-11	14	25	9	5/5/10/4/0	713	3
483	11616	1.100572	0.0053918965	5	20	15	13	2/7/5/4/6	716	3
484	11640	1.100343	0.0053888198	-20	10	30	8	7/7/9/1/0	701	3
485	11664	1.100114	0.005385749	-16	10	26	12	6/6/10/2/0	713	3
486	11688	1.099886	0.005382684	3	15	12	21	2/4/8/9/1	716	3
487	11712	1.099658	0.0053796249	11	23	12	13	0/2/13/5/4	707	3
488	11736	1.099430	0.0053765715	-14	11	25	12	5/7/10/1/1	718	3
489	11760	1.099204	0.0053735239	-4	17	21	10	6/2/9/4/3	721	3
490	11784	1.098977	0.005370482	-2	16	18	14	4/4/8/6/2	719	3
491	11808	1.098751	0.0053674459	-6	15	21	12	3/5/12/3/1	724	3
492	11832	1.098526	0.0053644155	2	18	16	14	0/6/12/4/2	722	3
493	11856	1.098301	0.0053613908	7	20	13	15	1/3/12/4/4	728	3
494	11880	1.098077	0.0053583718	-9	15	24	9	4/8/8/1/3	721	3
495	11904	1.097853	0.0053553585	0	19	19	10	4/3/8/7/2	721	3
496	11928	1.097630	0.0053523508	7	21	14	13	2/3/9/6/4	716	3
497	11952	1.097407	0.0053493488	14	26	12	10	3/1/5/9/6	705	3
498	11976	1.097185	0.0053463524	-17	6	23	19	6/9/5/4/0	692	3
499	12000	1.096963	0.0053433616	-1	18	19	11	3/2/12/7/0	692	3
500	12024	1.096742	0.0053403764	4	21	17	10	1/5/10/5/3	695	3
501	12048	1.096521	0.0053373967	7	22	15	11	2/2/12/3/5	689	3
502	12072	1.096300	0.0053344226	-6	17	23	8	7/3/7/3/4	685	3
503	12096	1.096080	0.0053314541	0	19	19	10	3/5/9/3/4	685	3
504	12120	1.095861	0.005328491	-1	18	19	11	5/4/7/3/5	684	3
505	12144	1.095642	0.0053255335	1	19	18	11	5/4/4/7/4	683	3
506	12168	1.095424	0.0053225815	-8	12	20	16	3/9/5/7/0	677	3
507	12192	1.095206	0.0053196349	4	18	14	16	3/2/10/6/3	675	3
508	12216	1.094988	0.0053166938	2	18	16	14	3/7/4/5/5	673	3
509	12240	1.094771	0.0053137582	8	20	12	16	1/3/11/5/4	667	3
510	12264	1.094555	0.0053108279	9	23	14	11	2/3/7/8/4	674	3
511	12288	1.094338	0.0053079031	-7	14	21	13	3/6/11/3/1	669	3
512	12312	1.094123	0.0053049837	-3	15	18	15	4/5/8/4/3	666	3
513	12336	1.093908	0.0053020696	0	16	16	16	2/4/10/8/0	666	3
514	12360	1.093693	0.0052991609	7	18	11	19	2/4/6/9/3	661	3
515	12384	1.093479	0.0052962576	-8	15	23	10	2/6/14/2/0	655	3
516	12408	1.093265	0.0052933596	-3	17	20	11	2/6/11/3/2	657	3
517	12432	1.093051	0.0052904669	2	18	16	14	2/7/8/1/6	659	3
518	12456	1.092839	0.0052875795	8	22	14	12	2/2/10/6/4	653	3
519	12480	1.092626	0.0052846973	4	17	13	18	1/6/9/4/4	656	3
520	12504	1.092414	0.0052818205	2	19	17	12	4/2/10/4/4	657	3
521	12528	1.092203	0.0052789489	2	19	17	12	3/4/8/6/3	656	3
522	12552	1.091991	0.0052760825	-6	15	21	12	3/4/13/4/0	652	3
523	12576	1.091781	0.0052732214	-9	15	24	9	4/7/9/2/2	658	3
524	12600	1.091571	0.0052703655	-5	14	19	15	4/8/5/3/4	654	3
525	12624	1.091361	0.0052675147	2	18	16	14	2/5/8/7/2	656	3
526	12648	1.091151	0.0052646692	-1	18	19	11	3/3/11/6/1	657	3
527	12672	1.090943	0.0052618288	11	23	12	13	0/4/9/7/4	649	3
528	12696	1.090734	0.0052589935	10	25	15	8	2/1/11/5/5	641	3
529	12720	1.090526	0.0052561634	1	19	18	11	1/7/10/2/4	641	3
530	12744	1.090318	0.0052533384	-1	17	18	13	3/5/8/6/2	640	3
531	12768	1.090111	0.0052505185	-4	14	18	16	2/8/8/4/2	637	4
532	12792	1.089905	0.0052477036	-2	18	20	10	2/6/10/4/2	635	4
533	12816	1.089698	0.0052448939	-5	15	20	13	2/8/9/3/2	632	3
534	12840	1.089492	0.0052420892	-2	17	19	12	5/3/8/5/3	633	4
535	12864	1.089287	0.0052392896	-4	15	19	14	3/8/6/4/3	636	3
536	12888	1.089082	0.005236495	3	17	14	17	3/4/7/7/3	638	3
537	12912	1.088877	0.0052337053	-9	14	23	11	2/10/9/1/2	632	4
538	12936	1.088673	0.0052309207	2	17	15	16	2/6/7/6/3	630	4
539	12960	1.088469	0.0052281411	2	16	14	18	1/7/8/5/3	632	4
540	12984	1.088266	0.0052253665	0	15	15	18	3/4/7/10/0	632	4
541	13008	1.088063	0.0052225968	2	21	19	8	3/3/11/3/4	630	4
542	13032	1.087860	0.005219832	-9	14	23	11	6/4/7/7/0	637	3
543	13056	1.087658	0.0052170722	-7	14	21	13	7/4/4/7/2	632	3
544	13080	1.087456	0.0052143173	-15	11	26	11	6/5/11/2/0	643	4
545	13104	1.087255	0.0052115673	-4	14	18	16	2/9/6/5/2	646	4
546	13128	1.087054	0.0052088222	-8	13	21	14	3/5/13/3/0	651	4
547	13152	1.086854	0.0052060819	-5	15	20	13	4/7/5/6/2	648	4
548	13176	1.086654	0.0052033465	1	19	18	11	4/2/9/7/2	647	4
549	13200	1.086454	0.005200616	-6	14	20	14	3/8/7/4/2	643	4
550	13224	1.086255	0.0051978902	-4	18	22	8	5/5/8/1/5	640	4
551	13248	1.086056	0.0051951693	1	16	15	17	2/5/9/6/2	639	4
552	13272	1.085857	0.0051924532	5	21	16	11	1/4/11/5/3	643	4
553	13296	1.085659	0.0051897419	2	19	17	12	2/4/11/4/3	644	4
554	13320	1.085461	0.0051870354	5	20	15	13	3/3/9/4/5	648	4
555	13344	1.085264	0.0051843336	-6	12	18	18	4/4/10/6/0	652	4
556	13368	1.085067	0.0051816366	1	16	15	17	2/3/13/4/2	651	4
557	13392	1.084870	0.0051789443	2	17	15	16	1/4/13/4/2	653	4
558	13416	1.084674	0.0051762567	2	19	17	12	0/4/15/4/1	651	4
559	13440	1.084478	0.0051735738	2	20	18	10	2/5/9/5/3	653	4
560	13464	1.084283	0.0051708956	7	21	14	13	4/3/4/8/5	648	4
561	13488	1.084088	0.0051682222	7	21	14	13	0/2/16/3/3	643	4
562	13512	1.083893	0.0051655533	8	22	14	12	1/5/8/5/5	637	3
563	13536	1.083699	0.0051628891	-5	15	20	13	3/8/6/5/2	641	3
564	13560	1.083505	0.0051602296	3	20	17	11	1/5/11/4/3	643	4
565	13584	1.083312	0.0051575747	-3	13	16	19	3/6/7/7/1	641	4
566	13608	1.083119	0.0051549244	10	19	9	20	0/4/9/8/3	633	4
567	13632	1.082926	0.0051522787	-1	15	16	17	2/8/6/5/3	633	4
568	13656	1.082733	0.0051496376	-1	18	19	11	3/8/5/3/5	633	4
569	13680	1.082541	0.0051470011	-2	15	17	16	2/4/13/4/1	632	4
570	13704	1.082350	0.0051443691	-3	14	17	17	2/7/8/6/1	634	4
571	13728	1.082159	0.0051417417	5	18	13	17	3/3/7/8/3	631	4
572	13752	1.081968	0.0051391189	4	16	12	20	1/3/14/3/3	628	4
573	13776	1.081777	0.0051365005	-10	12	22	14	5/5/9/5/0	621	3
574	13800	1.081587	0.0051338867	4	20	16	12	2/3/11/5/3	623	4
575	13824	1.081397	0.0051312773	5	21	16	11	2/3/11/4/4	620	3
576	13848	1.081208	0.0051286725	9	21	12	15	0/4/11/5/4	626	3
577	13872	1.081019	0.0051260721	-1	17	18	13	3/5/8/6/2	626	3
578	13896	1.080830	0.0051234762	2	20	18	10	3/4/9/4/4	627	3
579	13920	1.080642	0.0051208847	3	19	16	13	3/5/5/8/3	625	3
580	13944	1.080454	0.0051182977	-1	17	18	13	4/7/4/4/5	626	3
581	13968	1.080266	0.0051157151	3	17	14	17	0/8/8/5/3	628	3
582	13992	1.080079	0.0051131369	1	19	18	11	2/5/10/4/3	627	3
583	14016	1.079892	0.0051105631	0	16	16	16	3/5/6/9/1	627	3
584	14040	1.079705	0.0051079937	-9	13	22	13	5/7/5/6/1	621	3
585	14064	1.079519	0.0051054287	-7	14	21	13	2/8/10/3/1	616	3
586	14088	1.079333	0.005102868	-7	14	21	13	3/6/11/3/1	621	3
587	14112	1.079147	0.0051003117	-7	14	21	13	5/5/7/6/1	626	3
588	14136	1.078962	0.0050977597	-3	13	16	19	3/8/3/9/1	628	3
589	14160	1.078777	0.005095212	-2	15	17	16	2/5/11/5/1	629	3
590	14184	1.078593	0.0050926687	5	21	16	11	2/5/8/4/5	626	3
591	14208	1.078409	0.0050901297	4	17	13	18	1/5/8/9/1	628	3
592	14232	1.078225	0.0050875949	-6	14	20	14	2/9/7/5/1	624	3
593	14256	1.078042	0.0050850645	1	17	16	15	2/6/8/5/3	625	3
594	14280	1.077858	0.0050825383	8	24	16	8	2/1/12/5/4	619	3
595	14304	1.077676	0.0050800163	-2	16	18	14	5/4/7/4/4	618	3
596	14328	1.077493	0.0050774986	7	21	14	13	1/3/12/4/4	613	3
597	14352	1.077311	0.0050749852	-6	15	21	12	3/5/12/3/1	609	3
598	14376	1.077129	0.0050724759	-8	12	20	16	4/9/4/5/2	603	3
599	14400	1.076948	0.0050699709	11	23	12	13	3/2/6/7/6	611	3
600	14424	1.076767	0.0050674701	-4	13	17	18	3/8/6/4/3	614	3
601	14448	1.076586	0.0050649734	9	22	13	13	1/4/8/7/4	620	3
602	14472	1.076405	0.0050624809	-7	12	19	17	5/4/9/5/1	615	3
603	14496	1.076225	0.0050599926	9	19	10	19	0/3/10/10/1	621	3
604	14520	1.076045	0.0050575084	-6	15	21	12	6/6/4/4/4	625	3
605	14544	1.075866	0.0050550284	-11	12	23	13	4/7/10/2/1	633	3
606	14568	1.075687	0.0050525525	1	17	16	15	4/3/7/8/2	632	3
607	14592	1.075508	0.0050500808	-5	18	23	7	5/2/12/3/2	629	3
608	14616	1.075330	0.0050476131	3	19	16	13	0/6/12/3/3	627	3
609	14640	1.075151	0.0050451495	1	16	15	17	2/5/9/6/2	628	3
610	14664	1.074973	0.00504269	0	13	13	22	1/7/8/7/1	628	3
611	14688	1.074796	0.0050402346	6	21	15	12	1/5/9/5/4	623	3
612	14712	1.074619	0.0050377833	-19	8	27	13	6/11/4/2/1	637	3
613	14736	1.074442	0.005035336	7	22	15	11	1/5/9/4/5	641	3
614	14760	1.074265	0.0050328927	6	20	14	14	1/4/9/8/2	637	3
615	14784	1.074089	0.0050304535	-4	17	21	10	2/7/11/1/3	640	3
616	14808	1.073913	0.0050280182	-10	13	23	12	3/7/11/3/0	633	3
617	14832	1.073737	0.005025587	-3	16	19	13	4/6/5/7/2	635	3
618	14856	1.073562	0.0050231598	-6	17	23	8	6/2/11/2/3	639	3
619	14880	1.073387	0.0050207366	9	21	12	15	1/5/8/4/6	646	3
620	14904	1.073212	0.0050183174	3	18	15	15	2/4/9/7/2	648	3
621	14928	1.073038	0.0050159021	-3	15	18	15	4/3/11/4/2	650	3
622	14952	1.072864	0.0050134907	-2	14	16	18	3/5/8/7/1	648	3
623	14976	1.072690	0.0050110833	-7	14	21	13	5/4/10/3/2	653	3
624	15000	1.072517	0.0050086799	1	20	19	9	5/1/10/4/4	652	3
625	15024	1.072343	0.0050062803	2	16	14	18	1/5/10/7/1	654	3
626	15048	1.072171	0.0050038847	0	19	19	10	4/2/11/4/3	654	3
627	15072	1.071998	0.005001493	-9	14	23	11	2/8/11/3/0	660	3
628	15096	1.071826	0.0049991052	-6	16	22	10	7/3/7/3/4	656	3
629	15120	1.071654	0.0049967212	0	17	17	14	1/5/12/5/1	656	3
630	15144	1.071482	0.0049943411	2	18	16	14	2/5/8/7/2	657	3
631	15168	1.071311	0.0049919649	6	21	15	12	3/4/6/6/5	661	3
632	15192	1.071140	0.0049895925	6	21	15	12	1/5/9/5/4	657	3
633	15216	1.070969	0.004987224	-6	17	23	8	7/1/9/5/2	661	3
634	15240	1.070799	0.0049848593	1	19	18	11	3/5/8/4/4	662	3
635	15264	1.070628	0.0049824984	-3	15	18	15	3/6/9/3/3	660	3
636	15288	1.070458	0.0049801413	2	20	18	10	2/5/9/5/3	661	3
637	15312	1.070289	0.004977788	-1	19	20	9	4/6/6/3/5	661	3
638	15336	1.070120	0.0049754385	0	18	18	12	6/4/4/4/6	661	3
639	15360	1.069951	0.0049730928	-3	13	16	19	2/9/4/8/1	659	3
640	15384	1.069782	0.0049707509	-1	16	17	15	5/3/7/6/3	659	3
641	15408	1.069613	0.0049684127	6	20	14	14	1/6/7/6/4	655	3
642	15432	1.069445	0.0049660782	-9	11	20	17	6/4/8/5/1	661	3
643	15456	1.069278	0.0049637475	-12	14	26	8	7/5/7/3/2	653	3
644	15480	1.069110	0.0049614205	-6	14	20	14	4/7/6/5/2	649	3
645	15504	1.068943	0.0049590973	-2	17	19	12	6/3/5/7/3	648	3
646	15528	1.068776	0.0049567777	1	17	16	15	2/5/10/4/3	648	3
647	15552	1.068609	0.0049544619	-7	11	18	19	4/6/8/5/1	653	3
648	15576	1.068443	0.0049521497	3	20	17	11	3/6/5/5/5	651	3
649	15600	1.068276	0.0049498412	-1	16	17	15	1/5/12/6/0	650	3
650	15624	1.068111	0.0049475364	-2	16	18	14	4/5/7/5/3	649	3
651	15648	1.067945	0.0049452352	-2	18	20	10	4/4/10/2/4	648	3
652	15672	1.067780	0.0049429377	-3	14	17	17	3/7/7/4/3	650	3
653	15696	1.067615	0.0049406439	5	21	16	11	4/2/7/7/4	653	3
654	15720	1.067450	0.0049383536	5	19	14	15	1/3/11/8/1	650	3
655	15744	1.067286	0.004936067	7	19	12	17	2/3/8/8/3	655	3
656	15768	1.067121	0.004933784	4	19	15	14	0/8/8/4/4	657	3
657	15792	1.066957	0.0049315046	-6	14	20	14	4/7/7/3/3	661	3
658	15816	1.066794	0.0049292288	-1	16	17	15	1/9/7/4/3	662	3
659	15840	1.066630	0.0049269566	4	20	16	12	1/4/12/4/3	665	3
660	15864	1.066467	0.0049246879	-6	13	19	16	4/7/6/5/2	661	3
661	15888	1.066305	0.0049224228	0	18	18	12	4/4/8/4/4	661	3
662	15912	1.066142	0.0049201613	-3	15	18	15	2/8/8/3/3	663	3
663	15936	1.065980	0.0049179033	4	17	13	18	1/4/11/6/2	660	3
664	15960	1.065818	0.0049156489	-1	14	15	19	3/4/10/5/2	661	3
665	15984	1.065656	0.004913398	8	20	12	16	2/1/9/11/1	666	3
666	16008	1.065494	0.0049111506	4	19	15	14	3/1/12/5/3	669	3
667	16032	1.065333	0.0049089067	5	20	15	13	2/5/6/8/3	672	3
668	16056	1.065172	0.0049066663	9	23	14	11	2/1/10/8/3	666	3
669	16080	1.065012	0.0049044295	-4	12	16	20	1/7/12/3/1	663	3
670	16104	1.064851	0.004902196	11	23	12	13	1/4/8/5/6	656	3
671	16128	1.064691	0.0048999661	7	24	17	7	3/2/9/5/5	651	3
672	16152	1.064531	0.0048977396	-1	17	18	13	0/7/13/2/2	652	3
673	16176	1.064372	0.0048955166	-3	15	18	15	3/7/6/6/2	650	3
674	16200	1.064212	0.0048932971	4	19	15	14	3/4/6/8/3	653	3
675	16224	1.064053	0.004891081	13	27	14	7	3/2/7/3/9	644	3
676	16248	1.063894	0.0048888683	-5	12	17	19	3/8/5/7/1	647	3
677	16272	1.063736	0.004886659	2	19	17	12	1/5/12/3/3	646	3
678	16296	1.063577	0.0048844531	5	20	15	13	3/3/9/4/5	649	3
679	16320	1.063419	0.0048822507	-6	14	20	14	6/5/5/5/3	645	3
680	16344	1.063261	0.0048800516	1	18	17	13	2/5/10/4/3	645	3
681	16368	1.063104	0.0048778559	4	17	13	18	1/6/9/4/4	642	3
682	16392	1.062947	0.0048756636	1	16	15	17	2/6/8/5/3	643	3
683	16416	1.062789	0.0048734747	0	17	17	14	3/4/9/6/2	643	3
684	16440	1.062633	0.0048712891	-3	17	20	11	4/4/9/5/2	641	3
685	16464	1.062476	0.0048691069	5	21	16	11	3/4/6/7/4	644	3
686	16488	1.062320	0.004866928	-6	13	19	16	3/4/14/2/1	648	3
687	16512	1.062164	0.0048647525	-5	15	20	13	5/4/8/5/2	651	3
688	16536	1.062008	0.0048625803	5	20	15	13	2/5/9/2/6	648	3
689	16560	1.061852	0.0048604114	0	17	17	14	3/4/10/4/3	648	3
690	16584	1.061697	0.0048582458	2	19	17	12	2/4/9/8/1	649	3
691	16608	1.061542	0.0048560835	3	18	15	15	0/7/10/4/3	647	3
692	16632	1.061387	0.0048539245	1	12	11	25	1/7/7/8/1	648	3
693	16656	1.061233	0.0048517688	0	17	17	14	3/5/7/7/2	648	3
694	16680	1.061078	0.0048496164	14	26	12	10	1/1/10/7/5	639	3
695	16704	1.060924	0.0048474672	3	19	16	13	1/7/8/4/4	637	3
696	16728	1.060770	0.0048453213	-4	15	19	14	6/3/7/5/3	639	3
697	16752	1.060617	0.0048431786	-8	13	21	14	7/3/7/5/2	634	3
698	16776	1.060463	0.0048410392	5	19	14	15	1/5/9/6/3	637	3
699	16800	1.060310	0.004838903	-5	13	18	17	3/9/3/8/1	641	3
700	16824	1.060158	0.0048367701	1	20	19	9	1/6/12/1/4	640	3
701	16848	1.060005	0.0048346404	-1	16	17	15	4/5/6/6/3	639	3
702	16872	1.059852	0.0048325138	9	22	13	13	1/3/10/6/4	633	3
703	16896	1.059700	0.0048303905	-4	14	18	16	4/4/9/6/1	631	3
704	16920	1.059548	0.0048282704	-10	13	23	12	5/8/6/2/3	624	3
705	16944	1.059397	0.0048261534	-3	17	20	11	4/5/8/4/3	622	3
706	16968	1.059245	0.0048240397	-4	14	18	16	5/5/5/7/2	625	3
707	16992	1.059094	0.0048219291	1	16	15	17	3/4/8/7/2	624	3
708	17016	1.058943	0.0048198217	3	19	16	13	3/4/8/5/4	626	3
709	17040	1.058792	0.0048177174	-5	14	19	15	3/7/9/2/3	629	3
710	17064	1.058642	0.0048156163	-3	15	18	15	5/6/3/7/3	631	3
711	17088	1.058492	0.0048135183	-6	13	19	16	4/4/10/6/0	628	3
712	17112	1.058342	0.0048114234	15	24	9	15	1/2/8/7/6	637	3
713	17136	1.058192	0.0048093317	0	17	17	14	3/5/8/5/3	637	3
714	17160	1.058042	0.0048072431	0	15	15	18	2/5/10/5/2	637	3
715	17184	1.057893	0.0048051576	-1	18	19	11	3/7/6/4/4	637	3
716	17208	1.057744	0.0048030752	-3	13	16	19	2/8/6/7/1	635	3
717	17232	1.057595	0.0048009959	5	21	16	11	2/4/10/3/5	638	3
718	17256	1.057446	0.0047989196	1	18	17	13	0/6/12/5/1	639	3
719	17280	1.057298	0.0047968465	2	17	15	16	3/4/9/4/4	640	3
720	17304	1.057150	0.0047947764	1	17	16	15	3/6/5/7/3	639	3
721	17328	1.057002	0.0047927094	3	20	17	11	4/6/3/5/6	641	3
722	17352	1.056854	0.0047906454	9	23	14	11	0/3/12/6/3	647	3
723	17376	1.056706	0.0047885845	4	20	16	12	1/2/15/4/2	650	3
724	17400	1.056559	0.0047865266	2	20	18	10	2/4/10/6/2	648	3
725	17424	1.056412	0.0047844718	-13	12	25	11	5/7/10/0/2	640	3
726	17448	1.056265	0.0047824199	9	23	14	11	2/6/4/5/7	634	3
727	17472	1.056118	0.0047803711	-5	15	20	13	3/6/10/3/2	631	3
728	17496	1.055972	0.0047783253	1	18	17	13	3/3/11/4/3	632	3
729	17520	1.055826	0.0047762825	5	17	12	19	0/7/8/6/3	628	3
730	17544	1.055680	0.0047742427	9	22	13	13	2/5/6/4/7	634	3
731	17568	1.055534	0.0047722059	-6	14	20	14	5/3/9/7/0	638	3
732	17592	1.055389	0.0047701721	-2	16	18	14	1/7/11/3/2	637	3
733	17616	1.055243	0.0047681413	1	18	17	13	2/5/11/2/4	636	3
734	17640	1.055098	0.0047661134	10	23	13	12	3/2/8/4/7	630	3
735	17664	1.054953	0.0047640884	2	21	19	8	4/2/10/4/4	628	3
736	17688	1.054809	0.0047620665	10	22	12	14	2/2/8/8/4	635	3
737	17712	1.054664	0.0047600474	6	21	15	12	5/1/8/3/7	639	3
738	17736	1.054520	0.0047580313	0	19	19	10	4/1/11/7/1	639	3
739	17760	1.054376	0.0047560182	-4	15	19	14	4/7/5/5/3	641	3
740	17784	1.054232	0.0047540079	0	19	19	10	3/4/9/6/2	641	3
741	17808	1.054089	0.0047520006	-1	17	18	13	3/5/9/4/3	642	3
742	17832	1.053945	0.0047499962	-2	15	17	16	4/5/5/9/1	643	3
743	17856	1.053802	0.0047479946	5	19	14	15	2/5/7/6/4	640	3
744	17880	1.053659	0.004745996	-6	17	23	8	4/5/10/3/2	636	3
745	17904	1.053516	0.0047440003	6	19	13	16	4/2/6/8/4	632	3
746	17928	1.053374	0.0047420074	-3	16	19	13	5/5/6/4/4	634	3
747	17952	1.053232	0.0047400175	-2	15	17	16	4/6/5/6/3	635	3
748	17976	1.053089	0.0047380303	-6	16	22	10	7/2/8/4/3	632	3
749	18000	1.052948	0.0047360461	-9	13	22	13	4/6/9/5/0	637	3
750	18024	1.052806	0.0047340647	9	25	16	7	0/3/13/4/4	632	3
751	18048	1.052664	0.0047320861	8	21	13	14	1/4/7/10/2	626	3
752	18072	1.052523	0.0047301104	-5	16	21	11	4/4/11/3/2	630	3
753	18096	1.052382	0.0047281375	9	22	13	13	1/2/11/7/3	624	3
754	18120	1.052241	0.0047261675	3	18	15	15	3/4/8/5/4	626	3
755	18144	1.052100	0.0047242003	-6	14	20	14	5/5/8/3/3	630	3
756	18168	1.051960	0.0047222358	-2	16	18	14	4/4/8/6/2	631	3
757	18192	1.051820	0.0047202742	6	21	15	12	3/3/8/5/5	635	3
758	18216	1.051680	0.0047183154	4	19	15	14	0/4/14/4/2	637	3
759	18240	1.051540	0.0047163594	2	18	16	14	3/4/8/6/3	639	3
760	18264	1.051400	0.0047144061	6	20	14	14	1/5/9/5/4	635	3
761	18288	1.051261	0.0047124557	-6	15	21	12	2/8/10/2/2	639	3
762	18312	1.051122	0.004710508	13	22	9	17	1/4/6/7/6	647	3
763	18336	1.050982	0.0047085631	-1	13	14	21	1/9/8/2/4	646	3
764	18360	1.050844	0.0047066209	-5	15	20	13	3/9/6/2/4	649	3
765	18384	1.050705	0.0047046815	7	19	12	17	0/3/12/8/1	645	3
766	18408	1.050567	0.0047027448	7	19	12	17	3/2/8/7/4	649	3
767	18432	1.050428	0.0047008109	-6	13	19	16	3/6/11/2/2	653	3
768	18456	1.050290	0.0046988797	-7	14	21	13	5/4/9/5/1	649	3
769	18480	1.050152	0.0046969512	3	17	14	17	2/3/10/8/1	647	3
770	18504	1.050015	0.0046950255	4	18	14	16	0/7/8/7/2	644	3
771	18528	1.049877	0.0046931025	-1	19	20	9	3/4/11/3/3	645	3
772	18552	1.049740	0.0046911821	6	21	15	12	5/3/3/7/6	641	3
773	18576	1.049603	0.0046892645	1	16	15	17	0/9/8/4/3	640	3
774	18600	1.049466	0.0046873496	1	18	17	13	3/4/8/7/2	641	3
775	18624	1.049329	0.0046854374	3	20	17	11	1/4/11/7/1	643	3
776	18648	1.049193	0.0046835278	6	20	14	14	1/5/10/3/5	647	3
777	18672	1.049057	0.0046816209	2	19	17	12	2/5/10/3/4	648	3
778	18696	1.048921	0.0046797167	7	19	12	17	1/3/10/8/2	652	3
779	18720	1.048785	0.0046778152	-4	15	19	14	4/7/4/7/2	650	3
780	18744	1.048649	0.0046759163	-2	16	18	14	3/6/8/4/3	651	3
781	18768	1.048514	0.00467402	5	19	14	15	3/4/5/9/3	654	3
782	18792	1.048378	0.0046721264	-1	15	16	17	2/6/8/7/1	654	3
783	18816	1.048243	0.0046702355	2	21	19	8	2/3/13/3/3	655	3
784	18840	1.048108	0.0046683472	-8	16	24	8	5/5/10/1/3	650	3
785	18864	1.047973	0.0046664615	4	20	16	12	1/6/9/4/4	652	3
786	18888	1.047839	0.0046645784	4	16	12	20	0/5/13/3/3	655	3
787	18912	1.047704	0.0046626979	-7	11	18	19	3/9/5/6/1	659	3
788	18936	1.047570	0.0046608201	-3	16	19	13	4/4/9/5/2	657	3
789	18960	1.047436	0.0046589448	3	21	18	9	2/6/8/3/5	656	3
790	18984	1.047302	0.0046570722	9	21	12	15	1/4/9/5/5	650	3
791	19008	1.047169	0.0046552021	-2	19	21	8	2/3/15/3/1	649	3
792	19032	1.047035	0.0046533346	4	22	18	8	2/5/9/3/5	651	3
793	19056	1.046902	0.0046514697	5	20	15	13	1/6/9/3/5	654	3
794	19080	1.046769	0.0046496074	-1	16	17	15	4/5/6/6/3	655	3
795	19104	1.046636	0.0046477476	-13	10	23	15	6/7/6/4/1	647	3
796	19128	1.046503	0.0046458904	-4	16	20	12	4/5/9/3/3	644	3
797	19152	1.046371	0.0046440357	8	23	15	10	1/4/9/6/4	639	3
798	19176	1.046238	0.0046421836	0	19	19	10	4/3/10/3/4	639	3
799	19200	1.046106	0.0046403341	4	20	16	12	2/3/12/3/4	637	3
800	19224	1.045974	0.004638487	4	19	15	14	2/3/10/7/2	639	3
801	19248	1.045843	0.0046366425	-4	15	19	14	2/8/8/4/2	637	3
802	19272	1.045711	0.0046348006	12	26	14	8	3/3/6/3/9	629	3
803	19296	1.045579	0.0046329611	-4	16	20	12	3/5/9/7/0	627	3
804	19320	1.045448	0.0046311242	4	18	14	16	1/7/8/3/5	629	3
805	19344	1.045317	0.0046292897	10	22	12	14	1/2/11/6/4	623	3
806	19368	1.045186	0.0046274578	-4	15	19	14	4/4/10/4/2	626	3
807	19392	1.045056	0.0046256284	4	19	15	14	2/4/9/6/3	623	3
808	19416	1.044925	0.0046238014	1	18	17	13	2/3/12/6/1	624	3
809	19440	1.044795	0.004621977	-3	13	16	19	4/5/6/8/1	626	3
810	19464	1.044664	0.004620155	-1	15	16	17	2/7/7/6/2	625	3
811	19488	1.044534	0.0046183355	0	17	17	14	2/5/10/5/2	625	3
812	19512	1.044405	0.0046165184	-2	19	21	8	3/5/10/3/3	624	3
813	19536	1.044275	0.0046147039	0	16	16	16	2/3/12/7/0	624	3
814	19560	1.044145	0.0046128917	-5	14	19	15	2/8/8/5/1	627	3
815	19584	1.044016	0.0046110821	10	23	13	12	2/2/9/6/5	621	3
816	19608	1.043887	0.0046092748	3	18	15	15	1/6/9/5/3	619	3
817	19632	1.043758	0.0046074701	-4	15	19	14	3/6/9/4/2	621	3
818	19656	1.043629	0.0046056677	-5	15	20	13	2/8/10/1/3	624	3
819	19680	1.043501	0.0046038678	2	18	16	14	2/6/7/6/3	626	3
820	19704	1.043372	0.0046020703	-3	16	19	13	2/5/13/2/2	628	3
821	19728	1.043244	0.0046002752	6	20	14	14	2/5/6/7/4	631	3
822	19752	1.043116	0.0045984825	-3	16	19	13	2/8/7/5/2	633	3
823	19776	1.042988	0.0045966923	-5	18	23	7	5/4/10/1/4	630	3
824	19800	1.042860	0.0045949044	-5	14	19	15	2/7/10/4/1	627	3
825	19824	1.042733	0.0045931189	1	15	14	19	1/4/14/3/2	626	3
826	19848	1.042605	0.0045913359	7	20	13	15	1/3/10/8/2	631	3
827	19872	1.042478	0.0045895552	2	17	15	16	1/7/8/5/3	629	3
828	19896	1.042351	0.0045877769	-3	16	19	13	5/3/9/4/3	631	3
829	19920	1.042224	0.0045860009	-3	15	18	15	2/7/8/6/1	629	3
830	19944	1.042097	0.0045842274	8	21	13	14	0/4/11/6/3	634	3
831	19968	1.041971	0.0045824562	4	20	16	12	2/4/8/8/2	637	3
832	19992	1.041844	0.0045806873	0	16	16	16	3/4/9/6/2	637	3
833	20016	1.041718	0.0045789208	-1	15	16	17	1/6/12/3/2	636	3
834	20040	1.041592	0.0045771567	2	18	16	14	2/6/7/6/3	637	3
835	20064	1.041466	0.0045753949	8	19	11	18	3/3/5/9/4	642	3
836	20088	1.041340	0.0045736354	-4	13	17	18	2/5/12/5/0	640	3
837	20112	1.041215	0.0045718783	0	14	14	20	3/5/6/9/1	640	3
838	20136	1.041089	0.0045701235	0	15	15	18	4/3/9/5/3	640	3
839	20160	1.040964	0.004568371	9	20	11	17	0/4/11/5/4	634	3
840	20184	1.040839	0.0045666208	-6	16	22	10	4/3/12/5/0	638	3
841	20208	1.040714	0.004564873	6	21	15	12	3/3/8/5/5	634	3
842	20232	1.040589	0.0045631274	-8	13	21	14	3/5/14/1/1	639	3
843	20256	1.040465	0.0045613842	-12	12	24	12	6/4/11/2/1	646	3
844	20280	1.040340	0.0045596432	2	19	17	12	1/4/12/6/1	648	3
845	20304	1.040216	0.0045579046	-2	16	18	14	3/6/8/4/3	646	3
846	20328	1.040092	0.0045561682	3	17	14	17	2/5/7/8/2	648	3
847	20352	1.039968	0.0045544341	8	23	15	10	4/1/8/5/6	643	3
848	20376	1.039844	0.0045527023	5	17	12	19	1/5/9/6/3	646	3
849	20400	1.039720	0.0045509728	-1	16	17	15	4/4/8/5/3	646	3
850	20424	1.039597	0.0045492455	-7	15	22	11	6/5/6/4/3	642	3
851	20448	1.039474	0.0045475205	-2	13	15	20	1/9/7/5/2	643	3
852	20472	1.039351	0.0045457977	-18	8	26	14	6/7/10/1/0	632	3
853	20496	1.039228	0.0045440772	2	19	17	12	3/2/11/6/2	633	3
854	20520	1.039105	0.004542359	-5	17	22	9	6/3/7/6/2	636	3
855	20544	1.038982	0.0045406429	4	18	14	16	2/3/11/5/3	639	3
856	20568	1.038860	0.0045389291	6	20	14	14	1/5/8/7/3	635	3
857	20592	1.038737	0.0045372176	-1	19	20	9	3/4/11/3/3	636	3
858	20616	1.038615	0.0045355083	9	23	14	11	1/4/9/5/5	641	3
859	20640	1.038493	0.0045338012	-2	15	17	16	2/6/11/2/3	642	3
860	20664	1.038371	0.0045320963	-5	15	20	13	4/6/7/5/2	645	3
861	20688	1.038249	0.0045303936	-4	12	16	20	2/9/7/3/3	643	3
862	20712	1.038128	0.0045286931	-5	17	22	9	3/7/9/2/3	640	3
863	20736	1.038006	0.0045269949	-3	15	18	15	5/5/5/6/3	642	3
864	20760	1.037885	0.0045252988	6	20	14	14	0/3/13/7/1	638	3
865	20784	1.037764	0.0045236049	-10	10	20	18	3/6/13/2/0	644	3
866	20808	1.037643	0.0045219132	0	18	18	12	3/3/9/9/0	644	3
867	20832	1.037522	0.0045202237	-5	13	18	17	3/5/10/6/0	641	3
868	20856	1.037402	0.0045185364	-11	13	24	11	6/7/5/4/2	648	3
869	20880	1.037281	0.0045168512	-2	18	20	10	2/2/17/2/1	649	3
870	20904	1.037161	0.0045151683	-1	15	16	17	2/5/11/4/2	648	3
871	20928	1.037041	0.0045134874	3	18	15	15	2/5/9/4/4	650	3
872	20952	1.036921	0.0045118088	-9	14	23	11	5/5/9/4/1	655	3
873	20976	1.036801	0.0045101323	0	18	18	12	3/7/5/5/4	655	3
874	21000	1.036681	0.0045084579	-13	14	27	7	8/4/7/3/2	648	3
875	21024	1.036561	0.0045067857	2	19	17	12	2/5/10/3/4	646	3
876	21048	1.036442	0.0045051156	-11	12	23	13	3/10/7/3/1	653	3
877	21072	1.036323	0.0045034477	-1	20	21	7	5/3/9/2/5	654	3
878	21096	1.036203	0.0045017819	0	19	19	10	1/3/16/3/1	654	3
879	21120	1.036084	0.0045001182	-3	17	20	11	5/5/6/4/4	655	3
880	21144	1.035966	0.0044984567	-9	15	24	9	7/3/7/6/1	650	3
881	21168	1.035847	0.0044967972	1	19	18	11	3/4/10/3/4	651	3
882	21192	1.035728	0.0044951399	8	23	15	10	0/4/12/4/4	655	3
883	21216	1.035610	0.0044934847	-1	15	16	17	4/5/6/6/3	656	3
884	21240	1.035492	0.0044918316	-12	11	23	14	3/10/8/2/1	663	3
885	21264	1.035374	0.0044901806	-8	9	17	22	3/8/8/4/1	658	3
886	21288	1.035256	0.0044885317	-10	9	19	20	5/5/9/5/0	652	3
887	21312	1.035138	0.0044868849	3	17	14	17	2/7/5/6/4	654	3
888	21336	1.035020	0.0044852401	0	17	17	14	4/1/13/3/3	654	3
889	21360	1.034903	0.0044835975	4	21	17	10	1/4/12/4/3	652	3
890	21384	1.034785	0.0044819569	11	23	12	13	3/2/6/7/6	658	3
891	21408	1.034668	0.0044803184	3	21	18	9	5/2/7/5/5	660	3
892	21432	1.034551	0.004478682	-1	18	19	11	3/4/10/5/2	661	3
893	21456	1.034434	0.0044770476	-7	11	18	19	4/5/9/6/0	657	3
894	21480	1.034317	0.0044754153	0	18	18	12	4/4/7/6/3	657	3
895	21504	1.034201	0.0044737851	6	20	14	14	2/3/10/5/4	660	3
896	21528	1.034084	0.0044721569	-4	16	20	12	3/9/5/3/4	662	3
897	21552	1.033968	0.0044705307	-7	14	21	13	1/9/11/2/1	658	3
898	21576	1.033852	0.0044689066	16	25	9	14	0/2/10/6/6	649	3
899	21600	1.033735	0.0044672845	2	18	16	14	2/5/9/5/3	650	3
900	21624	1.033620	0.0044656645	-5	15	20	13	3/5/11/4/1	653	3
901	21648	1.033504	0.0044640465	1	19	18	11	5/1/8/8/2	654	3
902	21672	1.033388	0.0044624305	3	18	15	15	3/5/6/6/4	652	3
903	21696	1.033273	0.0044608165	-6	15	21	12	3/7/8/5/1	648	3
904	21720	1.033157	0.0044592046	-4	15	19	14	4/5/9/3/3	646	3
905	21744	1.033042	0.0044575946	-7	15	22	11	6/5/7/2/4	642	3
906	21768	1.032927	0.0044559867	-1	18	19	11	3/5/8/6/2	641	3
907	21792	1.032812	0.0044543808	3	17	14	17	3/3/8/8/2	639	3
908	21816	1.032697	0.0044527769	-3	16	19	13	4/5/7/6/2	641	3
909	21840	1.032582	0.0044511749	-2	16	18	14	3/7/6/5/3	640	3
910	21864	1.032468	0.004449575	-5	16	21	11	3/4/12/5/0	637	3
911	21888	1.032353	0.0044479771	1	17	16	15	2/6/7/7/2	637	3
912	21912	1.032239	0.0044463811	8	22	14	12	2/2/11/4/5	632	3
913	21936	1.032125	0.0044447871	-7	14	21	13	6/6/5/3/4	636	3
914	21960	1.032011	0.0044431951	9	20	11	17	0/4/10/7/3	641	3
915	21984	1.031897	0.0044416051	0	18	18	12	3/4/8/8/1	641	3
916	22008	1.031784	0.004440017	-1	18	19	11	3/4/11/3/3	641	3
917	22032	1.031670	0.0044384309	-4	15	19	14	4/7/6/3/4	638	3
918	22056	1.031557	0.0044368467	-1	17	18	13	2/4/11/7/0	639	3
919	22080	1.031443	0.0044352645	4	18	14	16	1/5/9/7/2	641	3
920	22104	1.031330	0.0044336843	1	19	18	11	4/2/11/3/4	642	3
921	22128	1.031217	0.004432106	0	14	14	20	1/6/10/6/1	642	3
922	22152	1.031104	0.0044305296	-6	12	18	18	3/5/13/1/2	638	3
923	22176	1.030991	0.0044289552	-7	14	21	13	4/7/6/6/1	634	3
924	22200	1.030879	0.0044273827	-2	15	17	16	2/4/13/4/1	633	3
925	22224	1.030766	0.0044258122	3	19	16	13	1/7/7/6/3	635	3
926	22248	1.030654	0.0044242435	3	20	17	11	4/2/8/7/3	633	3
927	22272	1.030542	0.0044226768	10	21	11	16	1/5/6/7/5	639	3
928	22296	1.030430	0.004421112	-2	19	21	8	5/3/9/3/4	638	3
929	22320	1.030318	0.0044195491	2	17	15	16	1/5/13/1/4	637	3
930	22344	1.030206	0.0044179882	-9	12	21	15	5/6/8/3/2	642	3
931	22368	1.030094	0.0044164291	3	19	16	13	4/2/9/5/4	640	3
932	22392	1.029983	0.004414872	4	21	17	10	3/4/8/4/5	638	3
933	22416	1.029871	0.0044133167	8	22	14	12	0/7/8/3/6	633	3
934	22440	1.029760	0.0044117633	4	17	13	18	1/5/9/7/2	635	3
935	22464	1.029649	0.0044102119	4	20	16	12	1/6/8/6/3	638	3
936	22488	1.029538	0.0044086623	5	20	15	13	1/5/8/8/2	641	3
937	22512	1.029427	0.0044071146	6	21	15	12	2/4/7/8/3	644	3
938	22536	1.029316	0.0044055687	-1	16	17	15	2/8/7/3/4	645	3
939	22560	1.029205	0.0044040248	3	20	17	11	1/5/10/6/2	646	3
940	22584	1.029095	0.0044024827	-1	18	19	11	6/2/8/3/5	646	3
941	22608	1.028984	0.0044009425	5	20	15	13	2/4/8/7/3	649	3
942	22632	1.028874	0.0043994042	0	17	17	14	4/5/7/3/5	649	3
943	22656	1.028764	0.0043978677	-7	14	21	13	5/5/8/4/2	653	3
944	22680	1.028654	0.004396333	-6	15	21	12	4/5/9/5/1	649	3
945	22704	1.028544	0.0043948003	-2	17	19	12	2/6/10/4/2	650	3
946	22728	1.028434	0.0043932693	-3	17	20	11	4/5/8/4/3	652	3
947	22752	1.028325	0.0043917402	0	15	15	18	2/7/6/7/2	652	3
948	22776	1.028215	0.004390213	4	19	15	14	3/1/11/7/2	650	3
949	22800	1.028106	0.0043886876	-6	14	20	14	2/10/7/2/3	646	3
950	22824	1.027997	0.004387164	-2	18	20	10	6/3/7/3/5	648	3
951	22848	1.027887	0.0043856423	3	18	15	15	3/6/5/5/5	649	3
952	22872	1.027778	0.0043841223	7	21	14	13	0/3/13/6/2	653	3
953	22896	1.027670	0.0043826042	-1	19	20	9	3/3/12/4/2	653	3
954	22920	1.027561	0.004381088	4	18	14	16	2/5/8/5/4	650	3
955	22944	1.027452	0.0043795735	5	16	11	21	2/5/7/6/4	653	3
956	22968	1.027344	0.0043780608	-5	13	18	17	2/8/9/3/2	656	3
957	22992	1.027235	0.00437655	-2	17	19	12	4/6/5/6/3	655	3
958	23016	1.027127	0.004375041	-6	14	20	14	5/5/7/5/2	652	3
959	23040	1.027019	0.0043735337	-18	9	27	12	6/8/8/2/0	641	3
960	23064	1.026911	0.0043720283	2	18	16	14	1/7/7/7/2	640	3
961	23088	1.026803	0.0043705246	-2	19	21	8	3/2/13/6/0	639	3
962	23112	1.026695	0.0043690228	-13	10	23	15	6/5/9/4/0	646	4
963	23136	1.026588	0.0043675227	6	19	13	16	2/2/9/10/1	643	3
964	23160	1.026480	0.0043660244	3	20	17	11	4/3/8/4/5	645	3
965	23184	1.026373	0.0043645279	8	23	15	10	3/3/7/5/6	640	3
966	23208	1.026266	0.0043630331	6	19	13	16	1/4/11/4/4	644	3
967	23232	1.026159	0.0043615402	1	17	16	15	3/6/6/5/4	643	3
968	23256	1.026052	0.004360049	0	20	20	8	5/2/9/4/4	643	3
969	23280	1.025945	0.0043585595	-4	12	16	20	2/8/7/6/1	641	3
970	23304	1.025838	0.0043570719	-4	12	16	20	2/8/8/4/2	643	3
971	23328	1.025731	0.004355586	-4	13	17	18	2/9/4/9/0	641	3
972	23352	1.025625	0.0043541018	2	18	16	14	2/5/10/3/4	640	3
973	23376	1.025518	0.0043526194	-2	16	18	14	4/6/5/6/3	638	3
974	23400	1.025412	0.0043511387	7	20	13	15	1/3/11/6/3	634	3
975	23424	1.025306	0.0043496598	-3	16	19	13	3/6/9/3/3	636	3
976	23448	1.025200	0.0043481826	-5	16	21	11	4/4/11/3/2	639	4
977	23472	1.025094	0.0043467072	7	22	15	11	1/5/8/6/4	643	3
978	23496	1.024988	0.0043452335	6	19	13	16	2/2/12/4/4	640	4
979	23520	1.024883	0.0043437615	-6	14	20	14	4/5/9/5/1	636	3
980	23544	1.024777	0.0043422912	-1	15	16	17	3/5/7/8/1	636	3
981	23568	1.024671	0.0043408227	2	17	15	16	1/4/11/8/0	637	3
982	23592	1.024566	0.0043393559	-5	14	19	15	3/7/9/2/3	634	3
983	23616	1.024461	0.0043378908	-7	15	22	11	3/7/10/2/2	630	3
984	23640	1.024356	0.0043364274	-3	15	18	15	1/8/11/1/3	632	3
985	23664	1.024251	0.0043349657	9	20	11	17	0/7/5/8/4	637	3
986	23688	1.024146	0.0043335057	-8	13	21	14	5/7/4/7/1	632	3
987	23712	1.024041	0.0043320475	0	17	17	14	3/5/7/7/2	632	3
988	23736	1.023937	0.0043305909	6	21	15	12	2/3/9/7/3	629	3
989	23760	1.023832	0.004329136	0	16	16	16	2/7/7/5/3	629	3
990	23784	1.023728	0.0043276828	11	24	13	11	0/3/12/4/5	635	3
991	23808	1.023623	0.0043262314	3	19	16	13	3/5/6/6/4	633	3
992	23832	1.023519	0.0043247815	3	18	15	15	0/6/11/5/2	632	3
993	23856	1.023415	0.0043233334	-2	16	18	14	4/4/9/4/3	630	3
994	23880	1.023311	0.004321887	8	19	11	18	0/5/8/9/2	635	3
995	23904	1.023208	0.0043204422	-1	17	18	13	5/2/8/7/2	634	3
996	23928	1.023104	0.0043189991	-1	15	16	17	2/4/13/3/2	634	3
997	23952	1.023000	0.0043175577	4	17	13	18	1/5/8/9/1	632	3
998	23976	1.022897	0.0043161179	-2	16	18	14	3/6/9/2/4	633	3
999	24000	1.022793	0.0043146798	9	22	13	13	1/5/6/8/4	638	3
1000	24024	1.022690	0.0043132434	1	15	14	19	1/8/8/3/4	637	3
1001	24048	1.022587	0.0043118086	-5	15	20	13	6/3/7/6/2	634	3
1002	24072	1.022484	0.0043103755	-2	16	18	14	2/6/10/4/2	633	3
1003	24096	1.022381	0.004308944	7	22	15	11	1/3/11/6/3	637	3
1004	24120	1.022278	0.0043075142	-14	9	23	16	6/7/7/3/1	645	3
1005	24144	1.022176	0.004306086	9	24	15	9	4/2/6/5/7	650	3
1006	24168	1.022073	0.0043046594	-1	15	16	17	1/6/11/5/1	650	3
1007	24192	1.021971	0.0043032345	1	18	17	13	2/7/7/4/4	650	3
1008	24216	1.021868	0.0043018112	-2	15	17	16	2/7/9/3/3	651	3
1009	24240	1.021766	0.0043003896	8	21	13	14	2/3/6/11/2	647	3
1010	24264	1.021664	0.0042989696	-4	15	19	14	5/6/4/6/3	645	3
1011	24288	1.021562	0.0042975512	-2	16	18	14	3/5/9/5/2	643	3
1012	24312	1.021460	0.0042961344	-1	16	17	15	3/2/14/3/2	644	3
1013	24336	1.021358	0.0042947192	-7	15	22	11	5/7/5/4/3	640	3
1014	24360	1.021257	0.0042933057	-3	13	16	19	4/5/7/6/2	638	3
1015	24384	1.021155	0.0042918938	-2	16	18	14	3/4/10/6/1	640	3
1016	24408	1.021053	0.0042904834	9	21	12	15	2/2/9/7/4	645	3
1017	24432	1.020952	0.0042890747	2	17	15	16	1/5/11/5/2	643	3
1018	24456	1.020851	0.0042876676	-2	18	20	10	6/3/6/5/4	645	3
1019	24480	1.020750	0.0042862621	1	19	18	11	4/3/8/6/3	645	3
1020	24504	1.020649	0.0042848582	5	21	16	11	3/5/5/6/5	642	3
1021	24528	1.020548	0.0042834559	2	17	15	16	3/4/7/8/2	641	3
1022	24552	1.020447	0.0042820551	2	20	18	10	3/4/9/4/4	642	3
1023	24576	1.020346	0.004280656	4	20	16	12	1/5/10/5/3	640	3
1024	24600	1.020246	0.0042792584	-5	14	19	15	4/5/9/4/2	637	3
1025	24624	1.020145	0.0042778624	6	21	15	12	1/4/12/2/5	641	3
1026	24648	1.020045	0.004276468	1	18	17	13	1/6/10/5/2	641	3
1027	24672	1.019945	0.0042750752	0	17	17	14	3/6/5/8/2	641	3
1028	24696	1.019845	0.0042736839	5	21	16	11	3/3/8/6/4	644	3
1029	24720	1.019744	0.0042722943	-9	12	21	15	4/7/8/4/1	639	3
1030	24744	1.019645	0.0042709061	-1	17	18	13	4/4/9/3/4	640	3
1031	24768	1.019545	0.0042695196	9	23	14	11	3/2/9/3/7	645	3
1032	24792	1.019445	0.0042681346	8	23	15	10	3/2/8/6/5	640	3
1033	24816	1.019345	0.0042667511	5	18	13	17	2/2/13/3/4	637	3
1034	24840	1.019246	0.0042653693	6	20	14	14	0/5/10/7/2	641	3
1035	24864	1.019146	0.0042639889	-2	14	16	18	3/4/10/6/1	642	3
1036	24888	1.019047	0.0042626101	5	20	15	13	3/2/8/9/2	639	3
1037	24912	1.018948	0.0042612329	1	19	18	11	3/4/10/3/4	640	3
1038	24936	1.018849	0.0042598572	-4	13	17	18	2/8/8/4/2	637	3
1039	24960	1.018750	0.004258483	2	18	16	14	5/3/4/9/3	636	3
1040	24984	1.018651	0.0042571104	12	25	13	10	1/4/8/4/7	643	3
1041	25008	1.018552	0.0042557393	-1	18	19	11	3/4/10/5/2	643	3
1042	25032	1.018453	0.0042543697	-11	12	23	13	8/4/5/5/2	650	3
1043	25056	1.018355	0.0042530017	-5	13	18	17	4/4/10/5/1	647	3
1044	25080	1.018256	0.0042516352	-2	19	21	8	5/3/9/3/4	648	3
1045	25104	1.018158	0.0042502702	-5	14	19	15	2/7/10/4/1	651	3
1046	25128	1.018060	0.0042489068	-6	13	19	16	6/3/8/5/2	647	3
1047	25152	1.017962	0.0042475448	1	19	18	11	4/4/7/5/4	648	3
1048	25176	1.017864	0.0042461844	0	16	16	16	3/4/10/4/3	648	3
1049	25200	1.017766	0.0042448254	11	22	11	15	2/4/6/5/7	654	3
1050	25224	1.017668	0.004243468	5	17	12	19	1/8/3/9/3	651	3
1051	25248	1.017570	0.0042421121	-10	11	21	16	6/7/3/7/1	657	3
1052	25272	1.017472	0.0042407577	0	19	19	10	5/2/9/4/4	657	3
1053	25296	1.017375	0.0042394048	-7	13	20	15	5/7/6/2/4	661	3
1054	25320	1.017277	0.0042380534	4	19	15	14	2/3/10/7/2	658	3
1055	25344	1.017180	0.0042367034	5	18	13	17	1/4/10/7/2	661	3
1056	25368	1.017083	0.004235355	-4	16	20	12	4/3/11/5/1	663	3
1057	25392	1.016986	0.0042340081	3	21	18	9	2/4/10/5/3	665	3
1058	25416	1.016889	0.0042326626	-2	15	17	16	5/5/2/11/1	664	3
1059	25440	1.016792	0.0042313186	6	21	15	12	2/7/4/5/6	667	3
1060	25464	1.016695	0.0042299761	0	17	17	14	3/4/9/6/2	667	3
1061	25488	1.016598	0.0042286351	5	20	15	13	2/4/7/9/2	670	3
1062	25512	1.016502	0.0042272956	6	21	15	12	2/6/6/4/6	667	3
1063	25536	1.016405	0.0042259575	6	17	11	20	3/3/6/9/3	663	3
1064	25560	1.016309	0.0042246209	-1	18	19	11	4/3/10/4/3	663	3
1065	25584	1.016212	0.0042232858	1	19	18	11	3/4/9/5/3	663	3
1066	25608	1.016116	0.0042219521	-12	14	26	8	6/6/8/2/2	657	3
1067	25632	1.016020	0.0042206199	11	24	13	11	1/5/7/4/7	663	3
1068	25656	1.015924	0.0042192891	0	15	15	18	3/5/7/7/2	663	3
1069	25680	1.015828	0.0042179598	-4	16	20	12	5/5/7/3/4	661	3
1070	25704	1.015732	0.004216632	0	19	19	10	3/4/9/6/2	661	3
1071	25728	1.015636	0.0042153056	-5	14	19	15	3/6/9/5/1	658	3
1072	25752	1.015541	0.0042139806	9	22	13	13	2/3/8/6/5	653	3
1073	25776	1.015445	0.0042126571	2	20	18	10	5/3/6/5/5	654	3
1074	25800	1.015350	0.004211335	-7	9	16	23	2/9/8/4/1	650	3
1075	25824	1.015254	0.0042100144	15	24	9	15	0/3/8/8/5	658	3
1076	25848	1.015159	0.0042086952	1	17	16	15	2/5/8/8/1	659	3
1077	25872	1.015064	0.0042073775	3	23	20	5	8/0/5/3/8	657	3
1078	25896	1.014969	0.0042060611	-12	9	21	18	4/7/11/1/1	664	3
1079	25920	1.014874	0.0042047462	-1	16	17	15	2/6/9/5/2	663	3
1080	25944	1.014779	0.0042034328	1	19	18	11	4/3/10/2/5	664	3
1081	25968	1.014684	0.0042021207	-5	16	21	11	5/3/9/6/1	661	3
1082	25992	1.014590	0.0042008101	-4	15	19	14	4/4/9/6/1	659	3
1083	26016	1.014495	0.0041995009	0	18	18	12	4/4/8/4/4	659	3
1084	26040	1.014401	0.0041981931	0	17	17	14	1/10/5/4/4	659	3
1085	26064	1.014306	0.0041968867	-6	16	22	10	5/4/9/4/2	662	3
1086	26088	1.014212	0.0041955817	-1	15	16	17	1/8/9/3/3	663	3
1087	26112	1.014118	0.0041942781	6	20	14	14	1/4/12/2/5	666	3
1088	26136	1.014024	0.004192976	-5	11	16	21	3/5/10/6/0	663	3
1089	26160	1.013930	0.0041916752	-3	18	21	9	5/3/9/4/3	665	3
1090	26184	1.013836	0.0041903759	6	17	11	20	0/4/11/8/1	668	3
1091	26208	1.013742	0.0041890779	1	18	17	13	1/5/11/6/1	669	3
1092	26232	1.013648	0.0041877813	-3	17	20	11	5/6/5/3/5	670	3
1093	26256	1.013555	0.0041864862	0	16	16	16	3/5/7/7/2	670	3
1094	26280	1.013461	0.0041851924	1	17	16	15	1/6/10/5/2	670	3
1095	26304	1.013368	0.0041839	-2	15	17	16	3/5/9/5/2	671	3
1096	26328	1.013274	0.004182609	-7	15	22	11	3/8/8/3/2	675	3
1097	26352	1.013181	0.0041813194	-11	12	23	13	5/6/9/3/1	681	3
1098	26376	1.013088	0.0041800311	-7	15	22	11	4/5/9/6/0	684	3
1099	26400	1.012995	0.0041787442	-3	13	16	19	2/7/9/4/2	683	3
1100	26424	1.012902	0.0041774587	10	24	14	10	2/1/9/9/3	677	3
1101	26448	1.012809	0.0041761746	-1	16	17	15	2/6/8/7/1	677	3
1102	26472	1.012716	0.0041748919	4	22	18	8	3/2/11/4/4	675	3
1103	26496	1.012624	0.0041736105	6	21	15	12	2/1/13/5/3	678	3
1104	26520	1.012531	0.0041723304	6	21	15	12	3/0/13/4/4	681	3
1105	26544	1.012438	0.0041710518	-9	12	21	15	3/7/11/2/1	676	3
1106	26568	1.012346	0.0041697745	8	21	13	14	1/5/7/7/4	672	3
1107	26592	1.012254	0.0041684985	-3	13	16	19	2/10/5/3/4	674	3
1108	26616	1.012162	0.0041672239	0	19	19	10	4/2/11/4/3	674	3
1109	26640	1.012069	0.0041659507	-9	15	24	9	5/6/8/3/2	678	3
1110	26664	1.011977	0.0041646788	1	19	18	11	3/4/10/3/4	679	3
1111	26688	1.011885	0.0041634083	10	22	12	14	2/3/6/9/4	684	3
1112	26712	1.011794	0.0041621391	-2	15	17	16	3/6/7/6/2	685	3
1113	26736	1.011702	0.0041608712	9	22	13	13	4/1/7/6/6	681	3
1114	26760	1.011610	0.0041596047	8	23	15	10	3/3/6/7/5	685	3
1115	26784	1.011518	0.0041583395	-4	11	15	22	1/8/10/4/1	687	3
1116	26808	1.011427	0.0041570757	-8	14	22	12	6/3/9/5/1	691	3
1117	26832	1.011336	0.0041558132	4	20	16	12	3/3/8/7/3	689	3
1118	26856	1.011244	0.004154552	0	20	20	8	3/3/12/3/3	689	3
1119	26880	1.011153	0.0041532922	3	18	15	15	0/5/12/6/1	688	3
1120	26904	1.011062	0.0041520337	-5	14	19	15	3/9/4/6/2	690	3
1121	26928	1.010971	0.0041507765	6	21	15	12	2/4/9/4/5	694	3
1122	26952	1.010880	0.0041495206	3	20	17	11	2/3/11/6/2	695	3
1123	26976	1.010789	0.004148266	8	18	10	20	3/2/8/6/5	699	3
1124	27000	1.010698	0.0041470128	-3	14	17	17	3/6/8/5/2	701	3
1125	27024	1.010608	0.0041457609	1	19	18	11	4/5/6/4/5	701	3
1126	27048	1.010517	0.0041445103	-5	15	20	13	2/8/9/3/2	703	3
1127	27072	1.010426	0.0041432609	-4	15	19	14	4/4/9/6/1	701	3
1128	27096	1.010336	0.0041420129	-5	14	19	15	2/8/9/3/2	704	3
1129	27120	1.010246	0.0041407663	4	22	18	8	4/0/11/6/3	706	3
1130	27144	1.010155	0.0041395209	8	22	14	12	3/2/7/8/4	710	3
1131	27168	1.010065	0.0041382768	10	23	13	12	2/2/9/6/5	716	3
1132	27192	1.009975	0.004137034	8	23	15	10	3/3/6/7/5	711	3
1133	27216	1.009885	0.0041357925	4	19	15	14	3/4/7/6/4	713	3
1134	27240	1.009795	0.0041345523	2	21	19	8	5/2/7/6/4	714	3
1135	27264	1.009705	0.0041333134	-3	17	20	11	3/6/9/3/3	716	3
1136	27288	1.009616	0.0041320758	-4	13	17	18	1/8/11/2/2	714	3
1137	27312	1.009526	0.0041308394	2	16	14	18	2/5/8/7/2	713	3
1138	27336	1.009437	0.0041296044	1	17	16	15	1/5/11/6/1	713	3
1139	27360	1.009347	0.0041283706	-6	16	22	10	4/7/7/3/3	717	3
1140	27384	1.009258	0.0041271381	-5	9	14	25	2/9/6/6/1	714	3
1141	27408	1.009168	0.0041259069	6	19	13	16	2/3/8/9/2	711	3
1142	27432	1.009079	0.004124677	4	22	18	8	3/3/11/1/6	713	3
1143	27456	1.008990	0.0041234483	-2	19	21	8	4/5/8/3/4	712	3
1144	27480	1.008901	0.0041222209	-9	13	22	13	4/7/9/2/2	717	3
1145	27504	1.008812	0.0041209948	-11	12	23	13	4/8/8/3/1	722	3
1146	27528	1.008723	0.0041197699	10	24	14	10	2/1/12/3/6	728	3
1147	27552	1.008634	0.0041185463	-2	14	16	18	1/9/8/3/3	727	3
1148	27576	1.008546	0.004117324	4	17	13	18	1/6/6/10/1	729	3
1149	27600	1.008457	0.0041161029	-15	12	27	9	4/8/11/1/0	737	3
1150	27624	1.008369	0.0041148831	-7	15	22	11	5/7/5/4/3	733	3
1151	27648	1.008280	0.0041136645	-5	16	21	11	3/5/12/2/2	736	3
1152	27672	1.008192	0.0041124472	-6	14	20	14	2/8/9/4/1	739	3
1153	27696	1.008104	0.0041112312	7	21	14	13	1/4/11/3/5	743	3
1154	27720	1.008015	0.0041100164	-5	15	20	13	5/4/10/1/4	745	3
1155	27744	1.007927	0.0041088028	3	20	17	11	4/4/6/5/5	744	3
1156	27768	1.007839	0.0041075905	0	17	17	14	2/4/12/4/2	744	3
1157	27792	1.007751	0.0041063794	2	19	17	12	3/3/8/9/1	743	3
1158	27816	1.007663	0.0041051696	8	17	9	22	0/5/7/11/1	738	3
1159	27840	1.007576	0.004103961	2	19	17	12	4/4/6/6/4	737	3
1160	27864	1.007488	0.0041027536	10	22	12	14	0/4/10/6/4	732	3
1161	27888	1.007400	0.0041015475	-2	15	17	16	5/1/11/5/2	731	3
1162	27912	1.007313	0.0041003426	-6	15	21	12	3/5/11/5/0	734	3
1163	27936	1.007225	0.0040991389	-6	14	20	14	5/5/8/3/3	737	3
1164	27960	1.007138	0.0040979365	11	21	10	17	1/3/7/10/3	743	3
1165	27984	1.007051	0.0040967353	-5	16	21	11	3/6/10/3/2	740	3
1166	28008	1.006964	0.0040955353	5	21	16	11	2/3/10/6/3	738	3
1167	28032	1.006876	0.0040943365	-5	12	17	19	5/4/8/5/2	740	3
1168	28056	1.006789	0.004093139	7	19	12	17	3/3/7/6/5	737	3
1169	28080	1.006702	0.0040919426	3	18	15	15	4/3/7/6/4	735	3
1170	28104	1.006616	0.0040907475	-6	14	20	14	3/8/6/6/1	738	3
1171	28128	1.006529	0.0040895536	0	18	18	12	3/5/8/5/3	738	3
1172	28152	1.006442	0.0040883609	-3	15	18	15	2/7/8/6/1	737	3
1173	28176	1.006356	0.0040871694	-4	14	18	16	4/3/10/7/0	735	3
1174	28200	1.006269	0.0040859791	-7	14	21	13	3/6/11/3/1	738	3
1175	28224	1.006183	0.00408479	-2	17	19	12	3/6/8/4/3	737	3
1176	28248	1.006096	0.0040836022	11	23	12	13	1/6/5/5/7	732	3
1177	28272	1.006010	0.0040824155	-1	21	22	5	6/2/9/1/6	731	3
1178	28296	1.005924	0.00408123	-4	15	19	14	3/7/6/7/1	733	3
1179	28320	1.005838	0.0040800457	-5	15	20	13	5/3/11/2/3	736	3
1180	28344	1.005751	0.0040788626	-1	17	18	13	2/6/9/5/2	735	3
1181	28368	1.005665	0.0040776807	-3	17	20	11	5/3/9/4/3	734	3
1182	28392	1.005580	0.0040765	-1	17	18	13	1/8/9/3/3	733	3
1183	28416	1.005494	0.0040753205	-2	18	20	10	5/4/6/6/3	734	3
1184	28440	1.005408	0.0040741422	-6	12	18	18	3/8/6/6/1	737	3
1185	28464	1.005322	0.004072965	-7	12	19	17	4/7/7/4/2	734	3
1186	28488	1.005237	0.004071789	0	19	19	10	4/4/7/6/3	734	3
1187	28512	1.005151	0.0040706143	-10	12	22	14	5/7/6/5/1	739	3
1188	28536	1.005066	0.0040694406	2	19	17	12	3/4/8/6/3	740	3
1189	28560	1.004981	0.0040682682	-4	14	18	16	5/3/10/3/3	742	3
1190	28584	1.004895	0.0040670969	0	18	18	12	4/2/10/6/2	742	3
1191	28608	1.004810	0.0040659268	-2	17	19	12	2/7/8/5/2	741	3
1192	28632	1.004725	0.0040647579	5	21	16	11	2/4/10/3/5	744	3
1193	28656	1.004640	0.0040635902	-6	17	23	8	4/4/11/4/1	740	3
1194	28680	1.004555	0.0040624236	8	20	12	16	2/1/10/9/2	745	3
1195	28704	1.004470	0.0040612581	-3	17	20	11	3/6/9/3/3	746	3
1196	28728	1.004385	0.0040600939	-2	16	18	14	2/7/8/5/2	747	3
1197	28752	1.004301	0.0040589308	11	21	10	17	2/3/6/8/5	742	3
1198	28776	1.004216	0.0040577688	4	20	16	12	0/7/9/5/3	739	3
1199	28800	1.004132	0.004056608	-15	9	24	15	5/8/8/3/0	732	3
1200	28824	1.004047	0.0040554484	4	21	17	10	2/3/11/5/3	734	3
1201	28848	1.003963	0.0040542899	2	19	17	12	4/2/11/2/5	735	3
1202	28872	1.003878	0.0040531326	-5	15	20	13	4/8/5/3/4	737	3
1203	28896	1.003794	0.0040519764	7	19	12	17	1/4/9/7/3	734	3
1204	28920	1.003710	0.0040508213	-7	13	20	15	5/3/10/6/0	730	3
1205	28944	1.003626	0.0040496674	7	21	14	13	2/5/5/8/4	726	3
1206	28968	1.003542	0.0040485147	-11	12	23	13	5/7/8/2/2	732	3
1207	28992	1.003458	0.0040473631	-1	16	17	15	4/3/10/4/3	733	3
1208	29016	1.003374	0.0040462126	-1	19	20	9	2/4/13/3/2	733	3
1209	29040	1.003290	0.0040450632	0	18	18	12	2/7/7/5/3	733	3
1210	29064	1.003207	0.004043915	1	19	18	11	2/5/9/6/2	733	3
1211	29088	1.003123	0.004042768	1	19	18	11	0/7/12/2/3	733	3
1212	29112	1.003039	0.004041622	-3	14	17	17	1/9/7/6/1	732	3
1213	29136	1.002956	0.0040404772	9	23	14	11	2/2/8/9/3	727	3
1214	29160	1.002872	0.0040393335	-1	17	18	13	1/8/8/5/2	727	3
1215	29184	1.002789	0.0040381909	-3	14	17	17	2/8/8/3/3	726	3
1216	29208	1.002706	0.0040370495	6	19	13	16	0/6/8/8/2	729	3
1217	29232	1.002623	0.0040359092	0	20	20	8	3/4/11/2/4	729	3
1218	29256	1.002540	0.00403477	0	19	19	10	5/1/10/5/3	729	3
1219	29280	1.002457	0.0040336319	-2	15	17	16	2/7/8/5/2	730	3
1220	29304	1.002374	0.0040324949	-2	17	19	12	2/6/9/6/1	731	3
1221	29328	1.002291	0.0040313591	-10	12	22	14	6/6/5/6/1	726	3
1222	29352	1.002208	0.0040302243	-7	16	23	9	6/6/5/3/4	722	3
1223	29376	1.002125	0.0040290907	7	21	14	13	2/4/8/5/5	726	3
1224	29400	1.002043	0.0040279582	3	18	15	15	2/5/9/4/4	724	3
1225	29424	1.001960	0.0040268268	8	22	14	12	2/3/8/7/4	728	3
1226	29448	1.001877	0.0040256965	2	16	14	18	1/7/8/5/3	730	3
1227	29472	1.001795	0.0040245673	6	20	14	14	3/3/6/9/3	733	3
1228	29496	1.001713	0.0040234391	0	18	18	12	3/4/10/4/3	733	3
1229	29520	1.001630	0.0040223121	-5	15	20	13	3/7/9/2/3	730	3
1230	29544	1.001548	0.0040211862	-4	15	19	14	4/5/8/5/2	728	3
1231	29568	1.001466	0.0040200614	1	17	16	15	1/5/12/4/2	727	3
1232	29592	1.001384	0.0040189377	4	18	14	16	4/3/6/7/4	725	3
1233	29616	1.001302	0.0040178151	4	18	14	16	2/6/5/8/3	723	3
1234	29640	1.001220	0.0040166935	7	20	13	15	1/1/15/4/3	720	3
1235	29664	1.001138	0.0040155731	3	17	14	17	2/5/8/6/3	718	3
1236	29688	1.001056	0.0040144537	8	22	14	12	3/3/8/3/7	714	3
1237	29712	1.000975	0.0040133354	-10	12	22	14	6/6/5/6/1	709	3
1238	29736	1.000893	0.0040122182	1	18	17	13	3/3/11/4/3	709	3
1239	29760	1.000812	0.0040111021	5	19	14	15	2/4/10/3/5	707	3
1240	29784	1.000730	0.0040099871	-4	14	18	16	2/8/7/6/1	709	3
1241	29808	1.000649	0.0040088731	7	21	14	13	2/5/6/6/5	705	3
1242	29832	1.000567	0.0040077602	6	21	15	12	2/1/13/5/3	702	3
1243	29856	1.000486	0.0040066484	-12	14	26	8	3/6/15/0/0	696	3
1244	29880	1.000405	0.0040055377	0	17	17	14	1/5/13/3/2	696	3
1245	29904	1.000324	0.004004428	-3	16	19	13	3/6/10/1/4	698	3
1246	29928	1.000243	0.0040033194	11	22	11	15	0/5/8/6/5	692	3
1247	29952	1.000162	0.0040022119	-4	13	17	18	2/7/10/3/2	694	3
1248	29976	1.000081	0.0040011054	-9	11	20	17	4/7/7/6/0	699	3
1249	30000	1.000000	0.004	0	18	18	12	1/6/11/4/2	699	3
