# engine .ref-builds/parent/build/src/chesso, pair (4, 8), 600 positions, offsets (0, 1, 2, 3, 4, 5)
fen	v_shallow	v_deep	kept
8/7p/2K5/5p2/5k2/4p3/8/8 b - - 0 57	cp 1152	cp 1306	range
8/8/8/4kP2/8/8/5K2/8 w - - 1 127	cp 0	cp 0	yes
8/6pp/8/6kP/5p2/8/4K1P1/8 b - - 4 46	cp 255	cp 261	yes
8/8/8/4k3/7p/5K2/8/8 b - - 7 77	cp 231	cp 261	yes
8/8/2K1k3/1P6/8/3N4/8/8 b - - 1 75	cp -646	cp -937	range
8/k7/P7/1P6/5n2/3pp3/8/4K3 b - - 1 53	cp 564	cp 778	range
2k5/8/pPn5/8/2K5/8/8/8 b - - 3 92	cp 384	cp 417	range
8/2K5/8/2P5/2b5/2k5/8/8 w - - 3 159	cp -213	cp -110	yes
B7/2K4p/8/5p2/5k2/1P2p3/8/4n3 b - - 0 54	cp 380	cp 771	range
8/8/4k3/8/6K1/8/8/5r2 b - - 8 86	cp 668	cp 691	range
8/7p/4k1nP/5pB1/3K4/8/8/8 b - - 9 63	cp 91	cp 102	yes
8/8/8/8/n7/3Bk3/6K1/8 b - - 7 71	cp 17	cp 0	yes
5R2/B7/8/1p6/1P5p/2k1P2K/6PP/8 b - - 0 58	cp -1228	cp -1268	range
8/6N1/8/6k1/3K4/8/8/4r3 w - - 27 94	cp -279	cp -250	yes
8/5p2/1B2p3/8/8/3K1k2/6p1/5r2 w - - 0 68	cp -953	cp -980	range
8/5b2/2p2p2/2P1pP2/4P1k1/8/p4K2/7R w - - 43 136	cp -79	cp -37	yes
8/2p3k1/p7/1p2N2n/4p3/P5P1/1P6/3R2K1 b - - 0 50	cp -374	cp -374	range
7R/5k2/8/5p1p/3K2p1/4P1Pr/8/8 b - - 8 68	cp 308	cp 335	range
8/1ppk1p2/7p/P2P2p1/2P1R1P1/4K3/7P/2r5 w - - 2 42	cp -118	cp -130	yes
4b3/1N2k1p1/4p2p/3pP2P/3P2P1/8/1N1b1K2/8 w - - 2 53	cp -54	cp -17	yes
4r3/5ppk/p6p/PpB5/8/1P2P3/6PP/5RK1 b - - 1 36	cp -334	cp -368	range
8/6p1/5k2/2q1p3/8/5B2/8/5K2 w - - 0 83	cp -929	cp -970	range
5R2/8/8/4k3/4pp2/2K5/Pn3r2/8 b - - 7 45	cp 644	cp 652	range
4R3/8/8/3k2K1/4p3/4Br2/5P2/8 b - - 13 110	cp -447	cp -432	range
6k1/pp3p1p/8/8/8/2K4P/P4Pq1/3R4 w - - 0 28	cp -611	cp -665	range
6k1/5p2/3p2pp/4b3/4PNPP/4RK2/8/r7 w - - 2 40	cp -171	cp -198	yes
1r6/5b2/2p2p2/2P1pP2/4P3/2KB2k1/p7/R7 w - - 34 97	cp -326	cp -317	range
8/8/8/8/q7/2R5/1K1k4/8 w - - 72 97	cp -429	cp -446	range
8/8/5p2/4p2N/4P3/1p1q1k1K/1P6/6r1 w - - 0 61	mate -3	mate -2	mate
8/4K1nk/1r6/5p1p/3Q4/4P3/5P2/8 b - - 4 63	cp -237	cp -212	yes
2k3r1/2N5/2n5/pp3p2/4pp2/B1P4p/PP2KP2/3R4 b - - 1 32	cp 287	cp 275	range
8/3r1N2/8/7R/8/4bnk1/K7/8 w - - 15 69	cp -487	cp -487	range
6k1/pp3p1p/6q1/8/8/2r4P/PK3PP1/3R4 w - - 0 27	cp -540	cp -628	range
8/4Q3/8/1p6/1kp5/6P1/3q1PK1/8 b - - 20 100	cp 77	cp 112	yes
3B3k/pb5p/4B1p1/8/1P6/P1n1p3/5rPP/4R1K1 b - - 0 53	cp 609	cp 194	range
6k1/1p1n1p2/1p1B4/2pP4/2P2R1P/N7/4b1K1/3r4 w - - 10 32	cp -76	cp -59	yes
3rR2r/3P1ppk/p6p/Pp6/1B6/1P2P3/6PP/5RK1 b - - 0 34	cp -390	cp -366	range
5r1k/4RB2/6p1/p5rp/8/1P6/2P2R1K/8 b - - 3 35	cp -328	cp -297	range
r5k1/3P3p/p3p1P1/3b1p2/5P2/BP1N4/P2r4/2R2K2 b - - 4 35	cp 65	cp -27	yes
5k2/1p1r4/2n2B2/p1P5/P5Q1/1b2PP2/7P/5K2 b - - 0 45	cp -528	cp -522	range
5rkr/3P1pp1/p3R2p/Pp6/1n6/1P2P3/6PP/4BRK1 b - - 0 32	cp -416	cp -468	range
2q3k1/2P3p1/4p3/4b1p1/8/7P/p1R3B1/3R3K w - - 0 49	cp 844	cp 61	range
r4rk1/pp6/3pP2p/2p1n3/5p2/2P5/P3NPPP/2KR3R b - - 0 20	cp -44	cp 37	yes
8/r4k2/p2r1np1/1p1N1p1p/1PpR3P/4P1P1/1P3PK1/3R4 b - - 0 63	cp 13	cp 21	yes
7k/1p3p1B/5p2/p1r5/3P4/6PK/PP2q3/R6R w - - 0 32	cp 7	cp 17	yes
3k4/1p5R/1pp5/3n4/2NP1rK1/P1b5/2R4P/3r4 w - - 15 51	cp -494	cp -563	range
1r5r/1bN2kPP/3p1b2/2pP1P2/1pP5/pP4R1/P5K1/4R3 w - - 3 54	cp 588	cp 606	range
5q1k/pp1b4/3p1p1p/P1pP1P2/2P3P1/4Q3/7P/4R1K1 w - - 5 32	cp 364	cp 491	range
8/pp3k1p/5p2/3Bp3/3n2rP/1P4q1/2P5/2R3RK b - - 1 34	cp 250	cp 318	yes
5rk1/p2R4/1p2P3/1qp1Q3/8/5PP1/1P4KP/8 b - - 6 43	cp -908	cp -1022	range
r3k2r/5pp1/2n2n2/pPBp4/4pP2/2P3P1/P3B3/3RR1K1 b - - 0 28	cp -121	cp -112	yes
3r1rk1/1p2bp2/p1bppp1p/5P1P/4P3/2NBR3/PPP3P1/1K1R4 w - - 0 20	cp 123	cp 94	yes
4kNn1/1Np3r1/p1r5/1pB1ppbp/4P1P1/P2R2P1/1P6/3R2K1 b - - 0 37	cp -96	cp -114	yes
4kb1r/pp3ppp/4p3/1N6/P1K1b3/8/1P4PP/R1Br1B1R b k - 0 16	cp 91	cp 129	yes
1q4k1/p2r1p2/2R1p1pp/8/6PP/4QB2/5PK1/8 b - - 2 38	cp -236	cp -245	yes
3rn1k1/p3b1pp/4b3/1R2P3/4N1P1/4KB1P/3r4/7R w - - 0 34	cp -167	cp -114	yes
2r3k1/pp3p1p/6q1/8/8/2r1Q2P/PK3PP1/3R4 w - - 0 26	cp -489	cp -611	range
6k1/7p/1p4p1/2pPb3/p1Pr2P1/P1R1p3/1P2Q1KP/3qB3 w - - 4 36	cp -13	cp 32	yes
8/4rkp1/1p2p3/p2bPp1p/P2P1P2/2R1B3/1Q4PK/5q2 w - - 4 50	cp -156	cp -126	yes
7q/5b1k/p2p1n2/P1pP1PQ1/2P5/7P/7K/R6R w - - 3 42	cp 735	cp 752	range
2r4k/1p3p1B/5p2/p1Q5/3P4/6P1/PP2q1K1/R6R w - - 1 31	cp 252	cp 20	yes
2b1r1k1/5p2/3B3p/p1RB1qp1/8/P5QP/6P1/6K1 b - - 4 35	cp -242	cp -318	yes
5rk1/1Q3ppp/4p3/3rP3/5P2/4P3/2q2KPP/2B2R2 w - - 2 28	cp -204	cp -190	yes
7k/p1p3b1/1p3qnp/8/1P2Q3/P3N2R/3r1P2/5K2 w - - 1 35	cp -547	cp -507	range
r2q1k1r/1p2pp1p/p7/3p1p2/8/1P1B1Q1P/P2N1PP1/R5K1 b - - 0 16	cp -143	cp -121	yes
3q1rk1/Q7/R1b1pp1p/1p1pB1pB/2pP4/2P1PP1P/1P1n2P1/6K1 b - - 1 25	cp -162	cp -127	yes
r3k2r/3nnpp1/p1Q5/3pp3/7p/2PBB3/PP3PPP/R4RK1 b kq - 0 19	cp -138	cp -111	yes
1r6/2p2k2/5nR1/p2p1B1p/3P1q2/5P2/1PQ3K1/4R3 b - - 1 41	cp -581	cp -638	range
2r3k1/pp3p1p/6q1/8/2r5/2b1Q2P/PK3PP1/2RR4 w - - 0 25	cp -504	cp -540	range
4r1k1/1pq4p/p3pp2/3bb1pP/6Q1/P3B3/1PPR2P1/1K3R2 w - - 2 36	cp 70	cp 68	yes
2r1r1k1/5p1n/p2p2p1/3P3p/q1pBP3/P5PP/1P2RPBK/2Q5 b - - 4 28	cp -108	cp -115	yes
4r1k1/6p1/r6p/2p5/p1R1P3/4q2P/Q5B1/1R5K b - - 2 38	cp -134	cp -185	yes
3r2k1/pp3pbp/3q4/8/2r5/2N1Q2P/P1K2PP1/R6R w - - 0 22	cp -495	cp -329	range
3r2k1/1pr2p2/pQ1b3q/3Rp3/3pP3/P2P1BP1/1P4K1/4R3 b - - 10 38	cp 44	cp 0	yes
1r2r1k1/2p2pp1/5n1p/8/Qp1NP3/1P1qBPP1/5KBP/4R3 b - - 4 37	cp -116	cp -106	yes
4r1k1/6pp/r7/q1p1n3/p1P1P3/Q5PP/6B1/R2R2K1 b - - 5 33	cp 64	cp 104	yes
2rr2k1/pp3pbp/3q4/8/2n5/1PN1Q2P/P1K2PP1/R6R w - - 0 21	cp -464	cp -495	range
r1b2rk1/ppp2ppp/1q2p3/4n3/1P1P1Q2/P3P3/5PPP/R1B1K2R w KQ - 0 16	cp -21	cp -62	yes
2rrk3/1p3R1p/2qp3Q/1BnP1P2/p2Bp3/P7/1PP4P/2R3K1 b - - 0 31	cp -1238	mate -4	mate
r4rk1/1p1q3p/2n3pQ/p1Pb4/P3N3/2B1PPP1/6BP/3R3K b - - 10 33	cp -204	cp -306	yes
rn1qk2r/pp2ppbp/8/2pp1p2/3P4/1P2PQ1P/P1P2PP1/RN2KB1R w KQkq c6 0 9	cp 50	cp -1	yes
3r1rk1/5q2/p4ppb/1pp5/1P6/Pn1P1N1P/2Q2PB1/R3R1K1 w - - 1 26	cp -64	cp -5	yes
3r1rk1/pp2bppp/2q5/2p1P1n1/2N5/2P2Q1P/PP4P1/R1B1R1K1 w - - 2 17	cp 38	cp 51	yes
5rk1/1bqr1pb1/2pp2pp/8/2Q1Pp1P/P1NR2B1/2P3P1/3R2K1 w - - 0 30	cp -103	cp -81	yes
1r2n1kr/1pNq1ppp/p3n3/P7/2BPp3/1Q2P3/1P1B2PP/3R1RK1 b - - 0 21	cp -151	cp -162	yes
1r1qr2b/1p2kp1Q/p2p3p/P1P1n2N/1P6/2B3R1/6B1/3R2K1 b - - 0 38	cp -687	cp -710	range
1r4k1/p1pqbpp1/5n2/3P1b1p/1n6/2N3P1/RP3PBP/2BQ1RK1 w - - 0 19	cp 115	cp 142	yes
r1b2q1k/pp6/3bp1Q1/3p1r2/1n1P4/2N1PN2/PP3PPP/1K1R3R w - - 5 20	cp 43	cp 77	yes
r2q1rk1/pp2bp1p/4bp2/8/1n1P4/1Q2P1N1/PP1B2PP/R3KB1R w KQ - 0 14	cp 88	cp 32	yes
r1bq1rk1/ppp2p1p/2n1p3/3p2p1/2PPn3/PQ1BPN2/1P3PPP/R1B1K2R b KQ - 1 10	cp 9	cp -70	yes
r1b1r1k1/1pq4p/p1np1np1/2p1P3/P1P1P1P1/4B2P/1PQ1N1B1/1K1R3R b - - 0 21	cp -88	cp -175	yes
2r2rk1/pp4bp/nqppb3/5p2/2PP2p1/2NBP3/PP1B2PP/R2Q1RK1 w - - 6 18	cp 39	cp 55	yes
1r1q2kr/ppn2ppp/3bNn2/3p4/3Pp3/1QN1PP2/PP1BB1PP/3R1RK1 b - - 0 15	cp -108	cp -88	yes
r1br2k1/1p3pbp/1q3np1/p1ppN3/P2N1B2/3P2P1/1PP2PBP/R2QR1K1 b - - 0 14	cp 19	cp -35	yes
2rqr1k1/2pb2pp/p7/npbnPp2/3P4/5N2/PPQ2PBP/R1B2RK1 w - - 0 19	cp 88	cp 104	yes
r2q1rk1/pp3pbp/2np2p1/2pnp3/2P1P1b1/1P1P1NP1/PB3PBP/R2QK2R w KQ - 0 11	cp -95	cp -98	yes
r1bqk2r/pp2bppp/n4n2/3p4/3Pp3/1QN1P3/PP1BNPPP/R3KB1R w KQkq - 2 9	cp -3	cp 10	yes
r3kb1r/pp3ppp/2n2nb1/2q5/8/1Q2PNN1/PP1B2PP/2R1KB1R b Kkq - 2 13	cp -137	cp -70	yes
r2qk2r/pp1nbppn/2p1p2p/3pP3/3P2b1/5NP1/PPPN1PBP/R1BQR1K1 w kq - 1 10	cp 75	cp 51	yes
r3r1k1/3n1ppp/pqbb1n2/4p3/2P1P3/1P3N2/1BB1Q1PP/1N1R1R1K b - - 2 23	cp -11	cp -14	yes
8/8/8/3K1p1p/5k2/4p3/8/8 b - - 1 58	cp 1182	cp 1308	range
8/8/7k/5p2/8/5K2/8/8 b - - 1 81	cp 128	cp 166	yes
8/6pp/8/7k/5p2/5K2/6P1/8 b - - 1 47	cp 254	cp 319	yes
8/8/8/5k2/7p/4K3/8/8 b - - 9 78	cp 286	cp 330	range
8/8/1PK5/5k2/8/3N4/8/8 b - - 0 76	cp -892	cp -989	range
8/k7/PP6/8/8/3pp3/4n3/4K3 b - - 0 54	cp 762	cp 889	range
8/1k6/pPn5/2K5/8/8/8/8 b - - 5 93	cp 398	cp 453	range
8/3K4/8/2P5/8/2k5/4b3/8 w - - 5 160	cp -213	cp -105	yes
B7/2K4p/8/5p2/1P3k2/4p3/2n5/8 b - - 0 55	cp 896	cp 1045	range
8/8/8/4k3/8/6K1/8/5r2 b - - 10 87	cp 677	cp 688	range
8/7p/4k2P/4np2/3K1B2/8/8/8 b - - 11 64	cp 89	cp 102	yes
8/8/8/2n5/8/3Bk1K1/8/8 b - - 9 72	cp 4	cp 0	yes
8/B7/8/1p6/1k3R1p/4P2K/6PP/8 b - - 1 59	cp -1178	cp -1298	range
8/6N1/5k2/3K4/8/8/8/4r3 w - - 29 95	cp -276	cp -249	yes
8/5p2/1B2p3/8/8/2K2k2/5rp1/8 w - - 2 69	cp -1142	cp -1234	range
8/8/2p2p2/2P1pP2/2b1P1k1/4K3/p7/7R w - - 45 137	cp -57	cp -64	yes
8/2p3k1/p7/1p2N3/4p3/P5n1/1P3K2/3R4 b - - 1 51	cp -343	cp -447	range
3R4/6k1/8/5p1p/3K2p1/4P1Pr/8/8 b - - 10 69	cp 316	cp 350	range
8/1ppk1p2/7p/P2P2p1/2PKR1P1/8/7P/r7 w - - 4 43	cp -122	cp -59	yes
8/1N2k1p1/4p2p/3pP2P/b2P2P1/3N4/3b1K2/8 w - - 4 54	cp -33	cp -36	yes
4r3/5pp1/p5kp/PpB5/8/1P2P3/6PP/3R2K1 b - - 3 37	cp -353	cp -395	range
8/6p1/5k2/4p3/2q5/5B2/4K3/8 w - - 2 84	cp -938	cp -998	range
5R2/8/8/4k3/4pp2/1K6/P4r2/3n4 b - - 9 46	cp 637	cp 646	range
4R3/8/5K2/3k4/4p3/4B2r/5P2/8 b - - 15 111	cp -484	cp -457	range
3R4/pp3pkp/8/8/8/2K4P/P4Pq1/8 w - - 2 29	cp -633	cp -708	range
6k1/5p2/3p2pp/4b3/4P1PP/4RK2/6N1/7r w - - 4 41	cp -218	cp -215	yes
8/5b2/2p2p2/2P1pP2/4P3/1rKB2k1/p7/4R3 w - - 36 98	cp -333	cp -370	range
8/8/8/8/3q4/1R6/1K1k4/8 w - - 74 98	cp -438	cp -440	range
6k1/p4ppp/bpr1p3/8/2n5/4B1P1/P3KP1P/R7 w - - 0 25	cp -649	cp -668	range
8/4K1nk/6r1/5p1p/3Q4/4PP2/8/8 b - - 0 64	cp -201	cp -164	yes
2k3r1/2N5/2n5/pp3p2/4pp2/B1P5/PP2KP1p/7R b - - 1 33	cp 176	cp 227	yes
8/3r1N2/8/5R2/3b4/5nk1/K7/8 w - - 17 70	cp -437	cp -427	range
8/1p3p1k/5p2/p1P5/8/6PK/PP2q3/R6R w - - 0 33	cp 16	cp 6	yes
8/Q7/8/1p6/k1p5/6P1/3q1PK1/8 b - - 22 101	cp 112	cp 151	yes
3B4/pb4kp/4B1p1/8/1P6/P1n1R3/5rPP/6K1 b - - 0 54	cp 57	cp 53	yes
6k1/1p1n1p2/1p1B4/2pP4/2P2R1P/N2b4/5K2/3r4 w - - 12 33	cp -62	cp -61	yes
4Q2r/5ppk/p6p/Pp6/1B6/1P2P3/6PP/5RK1 b - - 0 35	cp -368	cp -354	range
5r1k/4RB2/6p1/p6p/6r1/1P6/2PR3K/8 b - - 5 36	cp -285	cp -308	range
r5k1/3P3p/p3p1P1/5p2/5P2/BP1N4/P2r2b1/2R3K1 b - - 6 36	cp 15	cp 39	yes
5k2/1p6/2n2B2/p1P5/P5Q1/1b2PP2/5K1P/3r4 b - - 2 46	cp -526	cp -563	range
3rR1kr/3P1pp1/p6p/Pp6/1n6/1P2P3/6PP/4BRK1 b - - 2 33	cp -481	cp -443	range
2qR4/2P2kp1/4p3/4b1p1/8/7P/p1R3B1/7K w - - 2 50	cp 304	cp 31	range
4rrk1/pp6/3RP2p/2p1n3/5p2/2P5/P3NPPP/2K4R b - - 0 21	cp -23	cp 31	yes
8/1p3pkp/3B1b2/6p1/p5P1/2Pr3P/PP2rP2/1RR3K1 w - - 1 29	cp -74	cp -7	yes
3r4/2R5/5p2/4p1k1/4P3/1p4NK/1P3P2/1q4r1 w - - 0 57	cp -1218	cp -1272	range
3k4/1p5R/1pp5/3n4/2NP1r2/P1br3K/2R4P/8 w - - 17 52	cp -505	cp -558	range
2r2rk1/1p1R1ppp/8/pB6/8/1PB4P/2P2nP1/5RK1 b - - 0 25	cp -152	cp -194	yes
1r5k/p2p3p/bpBN1r2/5p2/2P3p1/8/PP3PPP/1K1RR3 b - - 0 22	cp -184	cp -172	yes
3r4/6k1/2R2p2/4p1p1/4P3/1p2B1N1/1P3PK1/1q1r4 w - - 0 54	cp -1150	cp -1266	range
r3r1k1/pR5p/2p5/7p/5P1b/2N4P/P1K1n1B1/7R w - - 0 29	cp -28	cp -34	yes
r3k2r/4npp1/1P3n2/p1Bp4/4pP2/2P3P1/P3B3/3RR1K1 b - - 0 29	cp -195	cp -150	yes
3r1r1k/1p2bp2/p1bppp1p/5P1P/P3P3/2NBR3/1PP3P1/1K1R4 w - - 1 21	cp 79	cp 77	yes
4kNn1/1Np3r1/p1r5/1pBRp1bp/4p1P1/P5P1/1P6/3R2K1 b - - 1 38	cp -106	cp -166	yes
4kb1r/1p3ppp/p3p3/8/P1K1b3/2N5/1P4PP/R1Br1B1R b k - 1 17	cp 123	cp 139	yes
1q6/p2r1pk1/2R1p1pp/8/6PP/2Q2B2/5PK1/8 b - - 4 39	cp -252	cp -242	yes
r1b1k2r/1pp1N1pp/p1p1np2/4P3/8/8/PPP2PPP/RNBR2K1 b kq - 0 13	cp -133	cp -152	yes
7k/4q1r1/3Qp2N/8/3RB2p/1P5P/5PP1/6K1 b - - 0 48	cp -1087	cp -1055	range
6k1/1p4p1/p1p1p1p1/4P3/P6q/6r1/R5K1/Q5R1 w - - 0 44	cp -632	cp -647	range
8/4rkp1/1p2p3/p2bPp1p/P2P1P2/2R1B3/2Q3PK/4q3 w - - 6 51	cp -162	cp -163	yes
7q/5b1k/p2p4/P1pP1PQ1/2P3n1/7P/7K/R5R1 w - - 5 43	cp 910	cp 1041	range
r4rk1/p1pq1pb1/1p4p1/4p2p/4P3/2NPB1P1/PP3P1P/3R1RK1 w - - 0 20	cp -870	cp -866	range
2b1r1k1/5p2/3B3p/2RB1qp1/p7/P5QP/6PK/8 b - - 1 36	cp -362	cp -338	range
3r2k1/1Q3ppp/4p3/3rP3/5P2/4P3/2q3PP/2B2RK1 w - - 4 29	cp -192	cp -257	yes
7k/p1p3b1/1p4np/8/1P2Q3/P3NR2/3r1P2/q4K2 w - - 3 36	cp -496	cp -264	range
r4k1r/1p2pp1p/p7/q2p1p2/8/1P1BQ2P/P2N1PP1/R5K1 b - - 2 17	cp -143	cp -74	yes
5rk1/Q2q4/R1b1pp1p/1p1p2pB/2pP4/2P1PP1P/1P1n2PB/6K1 b - - 3 26	cp -101	cp -118	yes
5rk1/pp2bpp1/2q2n1p/2p2P2/P1B5/1Q3P2/1PP2B1P/1K1R4 b - - 0 22	cp 3	cp -36	yes
8/2p2k2/1r3nR1/p2pRB1p/3P1q2/5P2/1PQ3K1/8 b - - 3 42	cp -611	cp -640	range
1r1R1rk1/pb3p1p/1p3b2/4n1p1/8/1Q2B1P1/PP3PBP/5RK1 b - - 0 20	cp -325	cp -322	range
2r3k1/1pq4p/p3pp1P/3bb1p1/6Q1/P3B3/1PPR2P1/1K3R2 w - - 1 37	cp 53	cp 93	yes
2r1r1k1/5p1n/p2p4/3P2pp/q1pBP3/P4BPP/1P2RP1K/2Q5 b - - 1 29	cp -84	cp -102	yes
4r3/6pk/r6p/2p5/p1R1P3/4q2P/2Q3B1/1R5K b - - 4 39	cp -155	cp -112	yes
3r2k1/pp3pbp/6q1/8/2r5/2N1Q2P/P1K2PP1/R2R4 w - - 2 23	cp -499	cp -504	range
3r2k1/1pr2p2/pQ1b1q2/3Rp3/P2pP3/3P1BP1/1P4K1/4R3 b - - 0 39	cp 87	cp 81	yes
1r2r1k1/5pp1/5n1p/2p5/Qp1NP3/1P1qBPP1/5K1P/4RB2 b - - 1 38	cp -128	cp -190	yes
4r1k1/6p1/r6p/q1p1n3/p1P1P3/Q5PP/6B1/1R1R2K1 b - - 1 34	cp 8	cp 41	yes
r2q1k1r/1p2ppbp/p7/3p1p2/3P4/1P1B1Q1P/P4PP1/RN3RK1 b - - 0 14	cp -173	cp -143	yes
3rr1k1/1p3pb1/q3p1p1/2R1P1P1/p1bP1B2/P1Q5/5P2/1R4K1 w - - 0 44	cp 89	cp 109	yes
1r4r1/p1pq1k1p/2n1R3/2P2p1P/3p1P2/P4R2/2Q2BP1/2K2B2 b - - 0 29	cp -27	cp -88	yes
r5k1/1p1q1r1p/2n3pQ/p1Pb4/P3N3/2B1PPPB/7P/3R3K b - - 12 34	cp -315	cp -348	range
rn1qk2r/pp2ppbp/8/3p1Q2/3p4/1P2P2P/P1P2PP1/RN2KB1R w KQkq - 0 10	cp -10	cp -20	yes
3r1rk1/5q2/p4ppb/1p6/1Pp5/Pn1P1N1P/2Q2PB1/1R2R1K1 w - - 0 27	cp 40	cp -5	yes
2kr3r/ppq2pQp/2nB1P2/8/2p5/2Pp1B1P/PP4P1/RN3R1K b - - 0 17	cp -459	cp -448	range
5rk1/1b1r1pb1/1qpp2pp/8/2Q1PB1P/P1NR4/2P3P1/3R2K1 w - - 1 31	cp -81	cp -69	yes
r1bb1rk1/pp3p1p/4pp2/1BPp4/3N4/4Pn2/Pq3PPP/R2Q1RK1 w - - 0 15	cp 112	cp 91	yes
1rq1r2b/1p2kp1Q/p2P3p/P3n2N/1P6/2B3R1/6B1/3R2K1 b - - 0 39	cp -863	cp -908	range
1r4k1/R1pqbpp1/5n2/3P3p/1n6/2Nb2P1/1P3PBP/2BQ1RK1 w - - 1 20	cp 229	cp 230	yes
r1b2q1k/pp6/2nbp1Q1/3p1r2/3P4/P1N1PN2/1P3PPP/1K1R3R w - - 1 21	cp 75	cp 96	yes
r2q1rk1/pp1bbp1p/5p2/8/Qn1P4/4P1N1/PP1B2PP/R3KB1R w KQ - 2 15	cp 32	cp 77	yes
r1bq1rk1/ppp2p1p/2n1p3/3p4/2PPn1p1/PQ1BP3/1P1N1PPP/R1B1K2R b KQ - 1 11	cp -52	cp -82	yes
r1b1r1k1/1pq4p/p2p1np1/2p1n3/P1P1P1P1/4B2P/1PQ1N1B1/1K1R1R2 b - - 1 22	cp -210	cp -185	yes
2r2rk1/pp4bp/nqppb3/8/2PP1pp1/2NBP3/PP1B2PP/RQ3RK1 w - - 0 19	cp 73	cp 72	yes
rn1q1rk1/p3bppp/bp2p3/4N3/3Pn3/1Q4P1/PP1B1PBP/R3K2R w KQ - 0 13	cp -110	cp -128	yes
r3kb1r/pp3ppp/1qB3b1/2n5/8/1Q2PNN1/PP1B2PP/2R2RK1 b kq - 0 16	cp -85	cp -103	yes
r2q1rk1/1b1n1ppp/p3pn2/2p5/PpN1Pb2/3P1NP1/1PQ2PBP/R4RK1 w - - 0 15	cp -106	cp -59	yes
r2qr1k1/ppp2ppp/2nN1n2/3p4/3P2b1/3BP3/PP1BNPPP/R2Q1RK1 b - - 0 11	cp -17	cp -57	yes
r1bq1rk1/pp2bppp/n4n2/3p4/3Pp3/1QN1PP2/PP1BN1PP/R3KB1R w KQ - 1 10	cp -110	cp -44	yes
r3kb1r/pp3ppp/1qn2nb1/1B6/8/1Q2PNN1/PP1B2PP/2R1K2R b Kkq - 4 14	cp -70	cp 27	yes
r2qk2r/pp1nbppn/2p1p2p/3pPb2/3P4/5NPP/PPPN1PB1/R1BQR1K1 w kq - 1 11	cp 71	cp 37	yes
r3r1k1/3n1ppp/pqb2n2/2b1p3/2P1P3/1P3N1P/1BB1Q1P1/1N1R1R1K b - - 0 24	cp 24	cp 105	yes
8/4k2P/8/5p2/6p1/P7/6PK/8 b - - 0 55	cp -784	cp -943	range
8/8/8/5pk1/8/6K1/8/8 b - - 3 82	cp 183	cp 236	yes
8/7p/8/6pk/4Kp2/8/6P1/8 b - - 1 48	cp 330	cp 388	range
8/8/8/5k2/8/5K1p/8/8 b - - 1 79	cp 0	cp 0	yes
8/8/1PK5/2N5/4k3/8/8/8 b - - 2 77	cp -1300	cp -1377	range
8/8/Pk6/8/8/3pp3/4n3/5K2 b - - 1 55	cp 814	cp 1317	range
8/1k6/pP6/3Kn3/8/8/8/8 b - - 7 94	cp 381	cp 455	range
8/4K3/8/2P5/8/2k2b2/8/8 w - - 7 161	cp -214	cp 0	yes
8/2K4p/2B5/5p2/1n3k2/4p3/8/8 b - - 1 56	cp 1176	cp 1286	range
8/8/8/8/4k1K1/8/8/5r2 b - - 12 88	cp 671	cp 697	range
8/7p/4k2P/5p2/3K2n1/8/3B4/8 b - - 13 65	cp 105	cp 102	yes
8/8/8/8/4B3/1n2k1K1/8/8 b - - 11 73	cp 25	cp 0	yes
8/8/8/kpB5/5R1p/4P2K/6PP/8 b - - 3 60	cp -1447	cp -1411	range
8/8/6k1/3K3N/8/8/8/4r3 w - - 31 96	cp -250	cp -245	yes
8/1k4R1/4p3/P2p1n2/1P6/8/1K6/8 b - - 0 44	cp 193	cp 172	yes
8/8/2p2p2/2P1pP2/2b1P3/4K1k1/p7/3R4 w - - 47 138	cp -51	cp -45	yes
8/2p3k1/p7/1p2Nn2/4p3/P7/1P3K2/4R3 b - - 3 52	cp -345	cp -420	range
8/3R2k1/8/5p1p/3K2p1/4P1r1/8/8 b - - 1 70	cp 352	cp 397	range
8/1ppk1p2/7p/r2PR1p1/2PK2P1/8/7P/8 w - - 0 44	cp -65	cp -116	yes
8/1N2k1p1/4p2p/3pP2P/b2P2P1/2bN4/4K3/8 w - - 6 55	cp -16	cp 0	yes
4r3/5pp1/p5k1/PpB4p/8/1P2P3/5KPP/3R4 b - - 1 38	cp -375	cp -412	range
8/6p1/5k2/4p3/3q4/4KB2/8/8 w - - 4 85	cp -957	cp -1018	range
4R3/8/8/4k3/5p2/1K2p3/P4r2/3n4 b - - 1 47	cp 605	cp 659	range
4R3/4K3/8/3k4/4p3/4Br2/5P2/8 b - - 17 112	cp -418	cp -478	range
8/pp3p1p/5k2/8/8/2K4P/P2R1Pq1/8 w - - 4 30	cp -594	cp -645	range
6k1/5p2/3p2pp/4b3/4P1PP/4R3/4K1Nr/8 w - - 6 42	cp -218	cp -237	yes
8/5b2/2p2p2/2P1pP2/4P3/3B2k1/pr1K4/4R3 w - - 38 99	cp -313	cp -295	range
8/8/8/4q3/8/1R6/3k4/1K6 w - - 76 99	cp -431	cp -448	range
6k1/p4ppp/bpr1p3/4n3/P7/4B1P1/4KP1P/R7 w - - 1 26	cp -695	cp -709	range
3Q2k1/4K1n1/6r1/5p1p/8/4PP2/8/8 b - - 2 65	cp -240	cp -188	yes
6n1/8/1p1R2Br/1P2p3/1k3p1p/5P1P/1BP2P2/7K b - - 0 37	cp -377	cp -296	range
8/3r4/8/5RN1/3b4/6k1/K2n4/8 w - - 19 71	cp -407	cp -475	range
8/1p3p1k/4qp2/p1P5/8/6PK/PP6/1R5R w - - 2 34	cp -8	cp -47	yes
8/5Q2/8/1p6/2p5/1k4P1/3q1PK1/8 b - - 24 102	cp 161	cp 157	yes
3B4/pb4kp/4B1p1/8/1P6/P1n1R3/6rP/5K2 b - - 1 55	cp 39	cp 102	yes
6k1/1p1n1p2/1p1B2b1/2pP4/2P2R1P/N3K3/8/3r4 w - - 14 34	cp -59	cp -55	yes
2r3k1/p4ppp/bpB1p3/8/2n5/4B1P1/P3KP1P/b6R w - - 0 24	cp -634	cp -666	range
5r1k/4RB2/6p1/p6p/7r/1P6/2PR2K1/8 b - - 7 37	cp -297	cp -319	range
r5k1/1b1P3P/p3p3/5p2/5P2/BP1N4/P2r4/2R3K1 b - - 0 37	cp 45	cp 90	yes
5k2/1p6/2n2B2/p1P5/P5Q1/1b2PPK1/3r3P/8 b - - 4 47	cp -526	cp -573	range
8/5bk1/5p2/4pP2/3qP3/7P/4Q1P1/b6K w - - 0 57	cp -500	cp -515	range
2qR4/2P1k1p1/4p3/4b1p1/8/7P/p4RB1/7K w - - 4 51	cp 109	cp -39	yes
4rrk1/pp6/4P2p/2pR4/2n2p2/2P5/P3NPPP/2K4R b - - 2 22	cp 78	cp 23	yes
8/1p3pkp/5b2/2B3p1/p5P1/2P4P/PP1rrP2/1RR3K1 w - - 3 30	cp -55	cp -98	yes
3r4/2R5/5p2/4p3/4Pk2/1p4NK/1P6/1q4r1 w - - 0 58	cp -1229	cp -1759	range
3k4/1p5R/1pp5/3n4/2Nr4/P1br4/2R3KP/8 w - - 0 53	cp -514	cp -728	range
5rk1/2n2n1p/3r1p2/1pp1p1pP/4P3/2PP2P1/1P6/3RRBK1 b - - 1 32	cp 287	cp 302	range
2b1r1k1/5pp1/p1p5/1pb1pPP1/1PPrP3/P2B1R1P/4K3/2R5 w - - 0 45	cp 70	cp 72	yes
3r4/2R5/5pk1/4p1p1/4P3/1p2B1N1/1P3PK1/1q1r4 w - - 2 55	cp -1273	cp -1410	range
r3r1k1/pR5p/2p2b2/7p/4BP2/2N4P/P1K1n3/7R w - - 2 30	cp 9	cp 2	yes
1r2k2r/4npp1/1P3n2/p1Bp4/4pP2/2P3P1/P3B3/1R2R1K1 b - - 2 30	cp -136	cp -121	yes
3r2rk/1p2bp2/p1bppp1p/5P1P/PP2P3/2NBR3/2P3P1/1K1R4 w - - 1 22	cp 52	cp 38	yes
4k1n1/1NpN2r1/p1r2b2/1pBRp2p/4p1P1/P5P1/1P6/3R2K1 b - - 3 39	cp -180	cp -224	yes
6k1/3Q1p2/3b2p1/7p/3p4/Pq1P2P1/1P2rP1P/5RK1 w - - 0 33	cp 48	cp 49	yes
1q6/p2r1pk1/2R3pp/4p2P/6P1/2Q2B2/5PK1/8 b - - 0 40	cp -258	cp -249	yes
7k/1Q5q/3bp1p1/P7/8/6rP/7K/R7 w - - 0 49	cp -362	cp -461	range
5rkr/5pp1/p2PR2p/Pp6/1Q6/1P1nP3/6PP/4BRK1 b - - 0 31	cp -260	cp -278	yes
6k1/1p4p1/p1p1p1p1/4P3/P6q/5r2/R7/Q4KR1 w - - 2 45	cp -632	mate -4	mate
8/1r3kp1/1p2p3/p2bPp1p/P2P1P2/2R1B3/1Q4PK/4q3 w - - 8 52	cp -181	cp -162	yes
3r2k1/1p6/p3prpQ/P2P3n/2P1P3/3p1NR1/1P6/R5K1 w - - 0 35	cp 1496	cp 1576	range
r4rk1/p1pq1pb1/1p4p1/4p3/4P2p/2NPB1P1/PP3P1P/3RR1K1 w - - 0 21	cp -888	cp -905	range
4r1k1/3b1p2/2BB3p/2R2qp1/p7/P5QP/6PK/8 b - - 3 37	cp -377	cp -268	range
3r2k1/5ppp/4p3/4P3/5P2/4P3/1Qqr2PP/2B2RK1 w - - 6 30	cp -205	cp -260	yes
7k/p1p3b1/1p5p/4n3/1P2Q3/P3NR2/3r1PK1/q7 w - - 5 37	cp -526	cp -458	range
r4k1r/1p3p1p/p3p2Q/q2p1p2/8/1P1B3P/P2N1PP1/R5K1 b - - 1 18	cp -163	cp -127	yes
5rk1/Qb1q4/1R2pp1p/1p1p2pB/2pP4/2P1PP1P/1P1n2PB/6K1 b - - 5 27	cp -95	cp -143	yes
5rk1/1p2bpp1/2q2n1p/p1p2P2/P1B5/1Q3PB1/1PP4P/1K1R4 b - - 1 23	cp -37	cp -40	yes
8/5k2/1r3nR1/p1PpRB1p/5q2/5P2/1PQ3K1/8 b - - 0 43	cp -681	cp -655	range
3r2k1/pp4bp/8/6p1/3P1P2/7q/PRQ1r3/5RK1 w - - 0 33	cp -486	cp -493	range
2r3k1/1p5p/p3pp1P/3bb1p1/2q3Q1/P3B3/1PPR1RP1/1K6 w - - 3 38	cp 28	cp -15	yes
4r1k1/2r2p1n/p2p4/3P2pp/q1pBP3/P4BPP/1P3P1K/2Q1R3 b - - 3 30	cp -127	cp -124	yes
4r3/6pk/r6p/2p1P3/2R5/p3q2P/2Q3B1/1R5K b - - 0 40	cp -114	cp -60	yes
2r3k1/pp3pbp/6q1/8/2r5/2N1Q2P/PK3PP1/R2R4 w - - 4 24	cp -504	cp -489	range
3r2k1/1pr1qp2/p2b4/3Rp3/P2pP3/1Q1P1BP1/1P4K1/4R3 b - - 2 40	cp 103	cp 65	yes
r3r1k1/pp3pp1/2p1b1p1/q1P5/8/5N1P/PPQ2PP1/R4RK1 w - - 1 19	cp -60	cp -71	yes
4r1k1/6p1/r6p/q1p5/p1n1P3/6PP/Q5B1/1R1R2K1 b - - 1 35	cp 19	cp -117	yes
r2q1k1r/1p2pp1p/p7/3p1p2/3b4/1P1B1Q1P/P2N1PP1/R4RK1 b - - 1 15	cp -147	cp -98	yes
2r1r1k1/2q2pp1/1p2n2p/p2Q4/7P/P3B3/1PNRPP2/4R1K1 b - - 0 24	cp 14	cp 66	yes
r2qk2r/2p2ppp/p1nN4/1pp1p3/4P3/3PBQ1P/PPP2PP1/R4RK1 b kq - 0 12	cp -101	cp -85	yes
r2q2k1/1p3r1p/2n1B1pQ/p1Pb4/P3N3/2B1PPP1/7P/3R3K b - - 14 35	cp -342	cp -397	range
rn1q1rk1/pp2ppbp/8/3p4/3p2Q1/1P2P2P/P1P2PP1/RN2KB1R w KQ - 2 11	cp -46	cp -11	yes
3r1rk1/5q2/p4ppb/1p6/1PP5/P4N1P/2Qn1PB1/1R2R1K1 w - - 1 28	cp 15	cp -17	yes
r1bq1rk1/pp4pp/4n3/2PpN3/4p3/2P1P2P/P1Q2PPB/R4RK1 b - - 0 18	cp -27	cp -56	yes
5rk1/1b1r1pb1/2pp2pp/q7/2Q1P2P/P1NRB3/2P3P1/3R2K1 w - - 3 32	cp -62	cp -54	yes
r1b1k2r/pp3p1p/2n1pp2/2Np4/8/2qBPN2/P1P2PPP/R2Q1RK1 b kq - 0 11	cp -65	cp -38	yes
1rqkr2b/1p1P1p1Q/p6p/P3n2N/1P6/2B3R1/6B1/3R2K1 b - - 0 40	cp -847	cp -1017	range
1r4k1/R1pq1pp1/3b1n2/3P3p/1n3B2/2Nb2P1/1P3PBP/3Q1RK1 w - - 3 21	cp 288	cp 199	range
r1b2q1k/pp6/2nbprQ1/3p4/3PP3/P1N2N2/1P3PPP/1K1R3R w - - 1 22	cp 76	cp 62	yes
2rq1rk1/pp1bbp1p/5p2/8/1n1P4/4P1N1/PP1B2PP/R2QKB1R w KQ - 4 16	cp 11	cp 31	yes
r1bq1rk1/ppp4p/2n1p3/3p1p2/2PPn1p1/PQ1BP3/1P1N1PPP/R1B2RK1 b - - 1 12	cp -80	cp -76	yes
r1b1r1k1/1pqn3p/p2p2p1/2p1n3/P1P1P1P1/1P2B2P/2Q1N1B1/1K1R1R2 b - - 0 23	cp -157	cp -160	yes
2r2rk1/ppq3bp/n1ppb3/8/N1PP1pp1/3BP3/PP1B2PP/RQ3RK1 w - - 2 20	cp 99	cp 41	yes
3r1rk1/pp3pbp/1qn3p1/5b2/5N2/3PpNP1/PPQB2BP/R2R2K1 w - - 0 18	cp -164	cp -194	yes
r4r1k/2qn2pp/2b3n1/pp2N2N/4P3/1Q4P1/1BB2P2/3R1RK1 b - - 0 28	cp -27	cp 85	yes
1r3rk1/pppq1ppp/2n1bn2/4N3/4P3/P5P1/1PQN1PBP/R1B2RK1 b - - 0 15	cp 41	cp 3	yes
r1bqr1k1/ppp2ppp/2nb4/3n4/3P4/1Q1BP3/PP1BNPPP/R3K2R w KQ - 0 11	cp -36	cp -66	yes
r1bq1rk1/pp2bppp/n4n2/8/3Pp3/1QN1P3/PP1BN1PP/R3KB1R w KQ - 0 11	cp -65	cp -54	yes
r3kb1r/pp1n1ppp/1qn3b1/1B6/8/1Q2PNN1/PP1B2PP/2R2RK1 b kq - 6 15	cp -112	cp -73	yes
r2qk2r/pp1nbpp1/2p1p2p/3pPbn1/3P4/5NPP/PPP2PB1/R1BQRNK1 w kq - 3 12	cp 1	cp -16	yes
r3r1k1/3n1ppp/1qb2n2/p1b1p3/2P1P3/1PB2N1P/2B1Q1P1/1N1R1R1K b - - 1 25	cp 87	cp 60	yes
8/8/2p5/p7/8/pP1kp2P/5p2/5K2 b - - 1 57	cp 1396	cp 2404	range
8/8/6k1/5p2/8/8/5K2/8 b - - 5 83	cp 183	cp 225	yes
8/7p/8/4K1p1/5pk1/8/6P1/8 b - - 3 49	cp 317	cp 410	range
8/8/8/5k2/8/8/6Kp/8 b - - 1 80	cp 0	cp 0	yes
8/1P6/2K5/2N5/3k4/8/8/8 b - - 0 78	cp -1340	cp -1398	range
8/8/Pk6/8/8/2npp3/6K1/8 b - - 3 56	cp 805	cp 1353	range
6k1/p7/2n3p1/8/8/5KP1/5P1P/8 b - - 1 41	cp 180	cp 209	yes
8/4K3/2P5/3b4/8/2k5/8/8 w - - 1 162	cp 0	cp 0	yes
8/8/2p5/p7/8/pP1kp1pP/5R2/4K3 b - - 0 56	cp 940	cp 2038	range
8/8/8/8/4k2K/8/8/6r1 b - - 14 89	cp 694	cp 687	range
8/7p/5k1P/3K1p2/6n1/8/3B4/8 b - - 15 66	cp 102	cp 96	yes
8/8/8/2n5/8/3Bk1K1/8/8 b - - 13 74	cp 4	cp 0	yes
8/6pp/1p2p1k1/3b2P1/7P/8/7K/r7 w - - 0 50	cp -1374	cp -1415	range
8/8/8/3K1k2/5N2/8/8/4r3 w - - 33 97	cp -270	cp -281	yes
8/8/8/5K2/8/4b3/2k5/4r3 w - - 0 96	cp -1014	cp -1036	range
8/8/2p2p2/2P1pP2/2b1P3/4K3/p5k1/2R5 w - - 49 139	cp -57	cp -77	yes
8/2p3k1/p2n4/1p2N3/4p3/P7/1P3K2/2R5 b - - 5 53	cp -472	cp -428	range
8/8/3R2k1/5p1p/3K2p1/4P1r1/8/8 b - - 3 71	cp 362	cp 368	range
4k3/1pp2p2/7p/r2P1Rp1/2PK2P1/8/7P/8 w - - 2 45	cp -82	cp -78	yes
8/4k1p1/4p2p/2NpP2P/3P2P1/2bN4/2b1K3/8 w - - 8 56	cp -71	cp 0	yes
8/3R1pp1/p3r1k1/PpB4p/8/1P2P3/5KPP/8 b - - 3 39	cp -401	cp -409	range
8/6p1/5k2/8/3qp3/5B2/4K3/8 w - - 0 86	cp -972	cp -1066	range
4R3/8/5k2/8/2K2p2/4p3/P4r2/3n4 b - - 3 48	cp 727	cp 744	range
2R5/4K3/8/3k4/4p3/4B2r/5P2/8 b - - 19 113	cp -462	cp -499	range
8/pp3p1p/5k2/8/7P/2K4q/P2R1P2/8 w - - 1 31	cp -576	cp -678	range
8/5pk1/3p2pp/4b3/4P1PP/4R3/6Nr/5K2 w - - 8 43	cp -231	cp -238	yes
8/5b2/2p2p2/2P1pP2/4P3/2KB2k1/p4r2/4R3 w - - 40 100	cp -362	cp -366	range
8/8/8/4q3/8/2k5/1R6/1K6 w - - 78 100	cp -501	cp -881	range
6k1/pb3ppp/1pr1p3/4n3/P7/4B1P1/5P1P/R2K4 w - - 3 27	cp -653	cp -677	range
3Q4/5Knk/6r1/5p1p/8/4PP2/8/8 b - - 4 66	cp -202	cp -113	yes
8/4n3/1p2R1Br/1P2p3/1k3p1p/5P1P/1BP2P2/7K b - - 2 38	cp -282	cp -336	yes
8/1r6/8/R5N1/3b4/6k1/K2n4/8 w - - 21 72	cp -447	cp -613	range
8/1p3p1k/5p2/p1P5/6P1/7K/qP6/1R5R w - - 0 35	cp -38	cp -96	yes
8/5Q2/8/1p6/2p5/1k4P1/4qP1K/8 b - - 26 103	cp 204	cp 202	yes
3B4/pb4kp/4B1p1/8/1P6/P3R3/6rP/1n2K3 b - - 3 56	cp 147	cp 107	yes
6k1/1p1n1p2/1p1B2b1/1NpP4/2P2R1P/3rK3/8/8 w - - 16 35	cp -40	cp -53	yes
8/R5pp/1p2p1k1/3b2P1/7P/8/7K/qr6 w - - 0 49	cp -1313	cp -1374	range
5r1k/4RB2/6p1/p6p/6r1/1P5K/2PR4/8 b - - 9 38	cp -291	cp -325	range
r7/1bRP3k/p3p3/5p2/5P2/BP1N4/P2r4/6K1 b - - 1 38	cp 240	cp -36	yes
8/1p3kQ1/2n2B2/p1P5/P7/1b2PPK1/3r3P/8 b - - 6 48	cp -569	cp -603	range
5k2/5b2/5p2/4pP2/3qP1Q1/7P/6P1/b6K w - - 2 58	cp -492	cp -545	range
2R5/2P1k1p1/4p3/4b1p1/8/7P/5RB1/q6K w - - 0 52	cp 31	cp -15	yes
5rk1/pp6/4r2p/2pR4/2n2p2/2P5/P3NPPP/2K1R3 b - - 1 23	cp 22	cp 23	yes
8/1p3pkp/5b2/2B3p1/pP4P1/2Pr3P/P3rP2/1RR3K1 w - - 1 31	cp -131	cp -131	yes
3r4/2R5/5p2/4p2N/4P3/1p3k1K/1P6/1q4r1 w - - 2 59	cp -1884	mate -4	mate
3k4/1p5R/1pp5/3n4/2N3r1/P1br4/5RKP/8 w - - 2 54	cp -577	cp -745	range
5rk1/2n2n1p/3r1p2/2p1p1pP/1p2P3/2PP2P1/1P6/R3RBK1 b - - 1 33	cp 259	cp 267	yes
1k1r4/1P3pp1/2n5/3p1PPB/p3p2r/P1P1B3/6K1/1R1R4 b - - 0 42	cp -215	cp -227	yes
3r4/2R5/5pk1/4p1B1/4P3/1p4N1/1P3PK1/1q4r1 w - - 1 56	cp -1376	cp -1428	range
r3rk2/pR5B/2p2b2/7p/5P2/2N4P/P1K1n3/7R w - - 1 31	cp 58	cp 35	yes
1r2k2r/1P3pp1/2n2n2/p1Bp4/4pP2/2P3P1/P3B3/1R2R1K1 b - - 0 31	cp -183	cp -163	yes
3r2rk/1p2bp2/2bppp1p/1p3P1P/P3P3/2NBR3/2P3P1/1K1R4 w - - 0 23	cp 42	cp 22	yes
1r1r2k1/p4p1p/1p3b2/4n1p1/Q7/4B1P1/PP3PKP/5R2 b - - 0 22	cp -307	cp -318	range
5R1k/6q1/p1r3Q1/Pp2p3/3pP3/1B1P2P1/1P4K1/8 b - - 0 55	cp -717	cp -721	range
1q6/p2r1pk1/2R4p/2Q1p1pP/6P1/5B2/5PK1/8 b - - 1 41	cp -274	cp -294	yes
6r1/2p1q2p/p1kB3Q/Pp3p2/3RpP2/1P2P3/2P4K/8 b - - 0 40	cp 75	cp 74	yes
8/5bk1/5p2/4pP2/3qP3/7P/1b2Q1P1/r5RK w - - 0 56	cp -488	cp -507	range
6k1/1p4p1/p1p1p1p1/4P3/P7/5r2/R3Kq2/Q5R1 w - - 4 46	cp -647	mate -3	mate
8/1r3kp1/1pb1p3/p3Pp1p/P2P1P2/R3B3/1Q4PK/4q3 w - - 10 53	cp -177	cp -190	yes
r5k1/p4n1p/1pN5/1P3P2/3Q1RPq/8/2P5/6K1 b - - 0 40	cp -166	cp -44	yes
r4rk1/p1p2pb1/1p4p1/4p3/4P1qP/2NPB3/PP3P1P/3RR1K1 w - - 1 22	cp -957	cp -960	range
4r1k1/3b1p2/2BBq2p/4R1p1/p7/P5QP/6PK/8 b - - 5 38	cp -290	cp -338	range
2r3k1/2q2pp1/1p2n2p/p7/7P/P7/1PNBPPQ1/4R1K1 b - - 0 26	cp 60	cp 0	yes
Q7/p1p3bk/1p5p/4n3/1P6/P3NR2/3r1PK1/q7 w - - 7 38	cp -529	cp -475	range
r6r/1p2kp1p/p3p2Q/q2p1p2/8/1P1B3P/P2N1PP1/3R2K1 b - - 3 19	cp -86	cp -89	yes
2b2rk1/3q4/1R2pp1p/1p1p2pB/2pP4/2P1PP1P/1P1n2PB/Q5K1 b - - 7 28	cp -134	cp -125	yes
5rk1/1p2bpp1/2q2n2/p1p2P1p/P1B5/1Q3PB1/1PP4P/K2R4 b - - 1 24	cp -63	cp -56	yes
r1b2rk1/pp2b1pp/n1p2n2/3P1p2/3Pp3/1PN1P2N/1P1BBPPP/R4RK1 b - - 0 13	cp -74	cp -41	yes
3r2k1/pp4bp/4r3/6p1/2QP1P2/7q/PR6/5RK1 w - - 2 34	cp -555	cp -663	range
1r1kr2b/1p1R1p1Q/p6p/P3n2N/1P6/2B3R1/6B1/6K1 b - - 0 41	cp -1124	cp -1153	range
4r1k1/2r2p1n/p2p4/1q1P2pB/2pBP3/P5PP/1P3P1K/2Q1R3 b - - 0 31	cp -208	cp -228	yes
4r2k/6p1/r6p/2p1P3/4R3/p3q2P/2Q3B1/1R5K b - - 2 41	cp -206	cp -6	yes
2r4k/1p3p1B/2b2p2/p1Q3q1/3P4/6r1/PP4PP/R5KR w - - 0 28	cp 311	cp 226	range
3r2k1/1p2qp2/p1rb4/P2Rp3/3pP3/1Q1P1BP1/1P4K1/4R3 b - - 0 41	cp 100	cp 64	yes
r3r1k1/pp3pp1/2p3p1/q1Pb4/8/P4N1P/1PQ2PP1/R4RK1 w - - 1 20	cp -22	cp -70	yes
4r1k1/6p1/r6p/2p5/p1n1P3/2q3PP/Q5B1/1RR3K1 b - - 3 36	cp -153	cp -182	yes
2r1r2k/1p2Qp1B/2b2p2/p5q1/3P4/4P1N1/PP4PP/R5KR w - - 1 26	cp 8	cp 182	yes
2rr2k1/2q2pp1/1p2n2p/p7/7P/P3B3/1PNRPPQ1/4R1K1 b - - 2 25	cp 41	cp 56	yes
r1b5/2qknp1p/ppB1pQ2/2ppP3/3P4/P1P2N2/2P2PP1/R1B1K2R b KQ - 0 18	cp -814	cp -924	range
3q1r1k/p2Q2pp/bp3b2/5r2/8/8/PP3PPP/R1B1R1K1 w - - 0 19	cp 6	cp -24	yes
r2q1rk1/pp2ppbp/2n5/3p4/3P2Q1/1P5P/P1P2PP1/RN2KB1R w KQ - 1 12	cp -44	cp -67	yes
3rkb1r/p2q1p2/1p3pb1/2P4p/4P2P/5PN1/PQ1p1P2/3RKB1R w Kk - 0 21	cp -39	cp -23	yes
r1bq1rk1/pp4pp/8/2npN3/2P1p3/4P2P/P1Q2PPB/R4RK1 b - - 0 19	cp -27	cp -7	yes
3q1rk1/1b1r1pb1/2pp2pp/8/1Q2P2P/P1NRB3/2P3P1/3R2K1 w - - 5 33	cp -62	cp -67	yes
3rr1k1/pp3pbp/1qn3p1/8/5N2/3P1bPP/PP1Q2B1/RR5K w - - 0 23	cp -160	cp -161	yes
3rr1k1/1bp2p2/pp1p2p1/3Pb1B1/2P1P3/P1NB2q1/1P3R2/R1Q3K1 w - - 1 31	cp -151	cp -171	yes
1r2qrk1/pbp2ppp/4n3/8/p1Q1RB2/2P2NP1/5PBP/4R1K1 b - - 0 19	cp -137	cp -17	yes
r1b4k/pp6/2nbpr1q/3p4/3PP1Q1/P1N2N2/1P3PPP/1K1R3R w - - 3 23	cp -126	cp 3	yes
1r1q2kr/pp3ppp/3bnn2/3p4/3PP3/1QN1P3/PP1BB1PP/3R1RK1 b - - 0 16	cp -50	cp -112	yes
r1bqr1k1/ppp4p/2n1p3/3p1p2/2PPn1p1/P2BP3/1PQN1PPP/R1B2RK1 b - - 3 13	cp -55	cp -109	yes
r1b1r1k1/1p1n3p/p1qp2p1/2p1n3/P1P1P1P1/1PN1B2P/2Q3B1/1K1R1R2 b - - 2 24	cp -214	cp -202	yes
2r2r1k/ppq3bB/n1ppb3/8/N1PP1pp1/4P3/PP1B2PP/RQ3RK1 w - - 1 21	cp 72	cp 30	yes
1r1qkb1r/pp1n1ppp/2p2n2/3pN3/3P4/1QNbP3/PP3PPP/R1B1K2R w KQk - 0 10	cp 32	cp -59	yes
4rrk1/2pqbppp/Q1np2b1/1p1np3/4P3/2PP1N2/PP1N1PPP/R1B1R1K1 w - - 0 15	cp 25	cp 33	yes
rn2kb1r/1pqb1ppp/p3pN2/2p5/6P1/3PBN2/PPP2PBP/R2QK2R b KQkq - 0 9	cp -103	cp -95	yes
rnb1k2r/pp1p1ppp/4p3/q7/1bPN4/2NQ2P1/PP1nPP1P/R3KB1R w KQkq - 0 9	cp -28	cp -41	yes
r1bq1rk1/pp2bppp/5n2/8/1n1Pp3/1QN1P1N1/PP1B2PP/R3KB1R w KQ - 2 12	cp -77	cp -66	yes
rn1qk2r/pbpp2pp/1p2p1n1/8/1bP1Pp2/3B1NN1/PP1P1PPP/R1BQ1RK1 w kq - 0 9	cp 71	cp 84	yes
r2qk2r/pp1nbpp1/2p1pn1p/3pP3/3P2b1/5NP1/PPPN1PBP/R1BQR1K1 b kq - 0 9	cp -98	cp -59	yes
r3r1k1/3n1ppp/1qb2n2/p3p3/1bP1P3/1PB2N1P/2B1Q1PK/1N1R1R2 b - - 3 26	cp 78	cp 90	yes
8/4k3/8/2P5/8/1K6/8/8 w - - 1 64	cp 221	cp 280	yes
8/8/6k1/8/5p2/8/8/4K3 b - - 1 84	cp 239	cp 270	yes
8/7p/8/4K1p1/6k1/5P2/8/8 b - - 0 50	cp 333	cp 500	range
8/3k4/8/3P1K2/8/8/8/8 w - - 1 78	cp 227	cp 194	yes
4k3/5PP1/8/4K3/p1p5/P1B1P3/1P6/8 b - - 0 67	cp -1107	cp -1149	range
8/5pp1/PN4k1/8/4K1P1/7P/2p2P2/8 w - - 0 53	cp 113	cp 196	yes
6k1/8/2n3p1/p7/8/4K1P1/5P1P/8 b - - 1 42	cp 231	cp 336	yes
8/1bP1K3/8/8/8/2k5/8/8 w - - 1 163	cp 0	cp 0	yes
8/5pk1/8/1p5p/7P/4PP1K/r5P1/8 w - - 0 44	cp -515	cp -589	range
8/8/8/7K/5k2/8/8/6r1 b - - 16 90	cp 731	cp 756	range
8/7p/4K1kP/5p2/6n1/8/3B4/8 b - - 17 67	cp 102	cp 95	yes
8/8/8/2n5/3k1K2/3B4/8/8 b - - 15 75	cp 18	cp 0	yes
8/6pp/1p2p3/3b2Pk/7P/6K1/8/r7 w - - 2 51	cp -1421	cp -1499	range
8/8/8/3K1k2/8/3N4/8/3r4 w - - 35 98	cp -281	cp -276	yes
8/8/8/8/4K3/2k1b3/8/4r3 w - - 2 97	cp -1022	cp -1044	range
8/8/2p2p2/2P1pP2/2b1P3/4K2k/p1R5/8 w - - 51 140	cp -91	cp -65	yes
8/2p5/p2n1k2/1p6/4p1N1/P7/1P3K2/2R5 b - - 7 54	cp -398	cp -440	range
3R4/8/8/5pkp/3K2p1/4P1r1/8/8 b - - 5 72	cp 397	cp 389	range
3k4/1pp2p2/7p/r2PR1p1/2PK2P1/8/7P/8 w - - 4 46	cp -98	cp -107	yes
8/4k1p1/4p2p/2NpP2P/3P2P1/2bNK3/8/3b4 w - - 10 57	cp -12	cp 0	yes
8/3R1pp1/p4rk1/PpB4p/8/1P2P1K1/6PP/8 b - - 5 40	cp -396	cp -427	range
2r4k/4PR1p/5P1N/pp6/8/6P1/PP4P1/6K1 b - - 0 36	cp -1509	mate -3	mate
5R2/8/5k2/8/2K2p2/4p3/r7/3n4 b - - 1 49	cp 741	cp 817	range
2R5/7r/5K2/3k4/4p3/4B3/5P2/8 b - - 21 114	cp -511	cp -537	range
8/pp3p1p/5k2/8/3K3q/8/P2R1P2/8 w - - 0 32	cp -676	cp -724	range
5k2/5p2/3p2pp/4b3/4P1PP/4R3/6Nr/6K1 w - - 10 44	cp -217	cp -217	yes
8/5b2/2p2p2/2P1pP2/4P3/2K2k2/p1B2r2/4R3 w - - 42 101	cp -366	cp -317	range
8/8/8/3q4/8/2k5/KR6/8 w - - 80 101	cp -490	cp -492	range
6k1/pb3ppp/1p2p3/4n3/P7/4B1P1/2r1KP1P/R7 w - - 5 28	cp -722	cp -735	range
8/5K1k/4n1r1/3Q1p1p/8/4PP2/8/8 b - - 6 67	cp -188	cp -99	yes
7k/pp1bq3/3p1p1p/P1pP1P2/2P3P1/8/7P/4R1K1 w - - 0 33	cp 475	cp 509	range
8/1r6/8/6N1/3b2k1/R7/K2n4/8 w - - 23 73	cp -460	cp -804	range
8/1p3p1k/5p2/2P5/pP4P1/7K/q7/1R5R w - - 0 36	cp -121	cp -174	yes
8/5Q2/8/8/1pp5/1k4PK/4qP2/8 b - - 1 104	cp 241	cp 212	yes
3B4/pb4kp/6p1/8/1P6/PB2R3/7r/1n2K3 b - - 1 57	cp 134	cp 86	yes
6k1/1p1n1p2/1p1B2b1/1NpP4/2P2R1P/1r6/4K3/8 w - - 18 36	cp -49	cp -57	yes
3N1R2/2p1B1r1/p5k1/1p2p2n/4p3/P5P1/1P6/3R2K1 b - - 0 45	cp -359	cp -329	range
5r1k/3RRB2/8/p5pp/6r1/1P5K/2P5/8 b - - 1 39	cp -317	cp -291	range
r6k/1bRP4/p3p3/4Np2/5P2/BP6/P2r4/6K1 b - - 3 39	cp -16	cp -71	yes
4k3/1Q6/2n2B2/p1P5/P7/1b2PPK1/3r3P/8 b - - 0 49	cp -585	cp -605	range
5k2/5b2/5p2/4pP2/3qP1Q1/2b4P/6PK/8 w - - 4 59	cp -509	cp -527	range
2R5/2P1k1p1/4p3/4b1p1/8/2q4P/6B1/5R1K w - - 2 53	cp -41	cp -4	yes
4r1k1/pp6/4r2p/2pR4/2n2p2/2P5/P3NPPP/3KR3 b - - 3 24	cp 23	cp 124	yes
8/1p3pkp/5b2/6p1/pP4P1/2PrB2P/r4P2/1RR3K1 w - - 0 32	cp -113	cp -166	yes
8/8/5p2/4p2N/4P3/1pRr1k1K/1P6/1q4r1 w - - 4 60	cp -1570	mate -3	mate
3k4/1p5R/1pp5/3n4/2N3r1/P1b5/5R1P/3r1K2 w - - 4 55	cp -745	cp -657	range
5rk1/2n2n1p/2r2p2/2p1p1pP/1p2P3/2PP2P1/1P2B3/R3R1K1 b - - 3 34	cp 261	cp 287	yes
3rn1k1/p5pp/4b3/1R2P1b1/6P1/4KB1P/3N4/7R w - - 1 35	cp -153	cp -92	yes
4k1n1/1Np3r1/p3rN2/1pBRp2p/4p1P1/P5P1/1P6/3R2K1 b - - 0 40	cp -186	cp -218	yes
1nb2Bk1/1pN2p1p/6p1/3p4/r1N2Pn1/6P1/P3P1BP/b3K2R w K - 0 20	cp -110	cp -126	yes
1r5r/1P1k1pp1/B1n2n2/p1Bp4/4pP2/2P3P1/P7/1R2R1K1 b - - 2 32	cp -173	cp -122	yes
3r2rk/1p1bbp2/3ppp1p/1P3P1P/4P3/2NBR3/2P3P1/1K1R4 w - - 1 24	cp 20	cp 25	yes
1r1r2k1/5p1p/1p3b2/pQ2n1p1/8/4B1P1/PP3PKP/5R2 b - - 1 23	cp -281	cp -290	yes
6k1/3q2pp/1pnN4/3p4/P1pP2r1/2P5/5P1P/2BR1R1K b - - 0 36	cp 627	cp 625	range
4q3/p2r1pk1/2R4p/4p1pP/2Q3P1/5B2/5PK1/8 b - - 3 42	cp -302	cp -243	range
r2b2k1/1pB3p1/2p1Rn1r/3p1BN1/p2P1P2/P1P5/1P6/1K2R3 b - - 0 35	cp -48	cp -206	yes
4k2r/1pp1npb1/p7/4p2p/N3P1bN/P2rB1P1/1P3P2/2R1R1K1 b k - 1 25	cp -44	cp -46	yes
1r3qk1/1p3bpp/p1p5/4Q3/P4N2/6P1/1P3P1P/R5K1 b - - 1 31	cp -26	cp 15	yes
8/1r3kp1/1pb1p3/p3Pp1p/P2PqP2/R7/1Q3BPK/8 w - - 12 54	cp -233	cp -221	yes
4r1k1/p4n1p/1pN5/1P3P2/3Q1RPq/8/2P3K1/8 b - - 2 41	cp -2	cp -98	yes
r4rk1/p1p2pb1/1p4p1/4p3/4P2q/2NPB3/PP3P1P/3RR2K w - - 0 23	cp -921	cp -924	range
6k1/1r3r1p/p1Q3p1/q4pB1/P7/6P1/3PPP1P/5RK1 b - - 0 28	cp -51	cp -82	yes
3r4/1Q4kp/6p1/4PpN1/p2B4/4P1PP/2r5/2q2BK1 b - - 1 52	cp -469	cp -465	range
8/p1p3bk/1p4np/8/1P2Q3/P3NR2/3r1PK1/q7 w - - 9 39	cp -477	cp -490	range
r6r/1p2kp1p/p3p3/3p1p2/8/1P1BQ2P/q2N1PP1/3R2K1 b - - 1 20	cp -86	cp -69	yes
Q1b2rk1/3q4/1R2pp1p/1p1p2pB/2pP4/1nP1PP1P/1P4PB/6K1 b - - 9 29	cp -153	cp -186	yes
5rk1/4bpp1/1pq2n2/p1p2P1p/P1B5/1Q3PB1/1PP4P/1K1R4 b - - 1 25	cp -58	cp -125	yes
r1b2rk1/pp2b1pp/n4n2/3p1p2/3PpN2/1PN1P3/1P1BBPPP/R4RK1 b - - 1 14	cp -55	cp -41	yes
3r2k1/pp4bp/4r3/6p1/2QP1P2/4q3/P6R/5RK1 w - - 4 35	cp -653	cp -692	range
3r2k1/1bp2p2/pp1p2p1/3P4/2PbP3/P1Nq4/1P4R1/R1Q4K w - - 0 36	cp -108	cp -130	yes
4r1k1/4rp1n/p2p4/1q1P2pB/2pBP3/P5PP/1P3P1K/1Q2R3 b - - 2 32	cp -216	cp -183	yes
4r2k/6p1/r6p/2Q1P3/4R3/p5qP/6B1/1R5K b - - 0 42	cp -20	cp -67	yes
5rkr/5ppp/p2Pq3/Pp6/nQ1Rp3/4P3/1P4PP/4BRK1 b - - 1 28	cp -252	cp -296	yes
3r2k1/1pq2p2/p1rb4/P2Rp3/3pP3/1Q1P1BP1/1P2R1K1/8 b - - 2 42	cp 147	cp 107	yes
r3r1k1/pp3pp1/2p3p1/q1P5/3Nb3/P6P/1PQ2PP1/R4RK1 w - - 3 21	cp -64	cp -56	yes
2rq1r1k/p5p1/1pb1p1Bp/3pR3/3P4/3Q4/PP3PPP/5RK1 b - - 0 20	cp -88	cp -44	yes
2r4k/1p3p1B/2b2p2/p5q1/3P4/Q3r1N1/PP4PP/R5KR w - - 0 27	cp 16	cp 50	yes
3qnrk1/pp1bpp1p/3p2p1/4b1B1/3R4/2N2P2/PPP1Q1PP/1K5R w - - 0 17	cp 110	cp 83	yes
3r1rk1/1bq2pp1/pp2p2p/3pP2P/PQ1P1B2/8/2Pn1PP1/1R3RK1 w - - 0 20	cp 10	cp 25	yes
3rrk2/5pq1/1p1p4/2bbp1p1/p1P1P1N1/P2Q3P/1P1R1P2/4R1K1 w - - 0 30	cp 33	cp 39	yes
r2q1rk1/pp3pbp/2n5/3pp3/3P2Q1/1PP4P/P4PP1/RN2KB1R w KQ e6 0 13	cp -138	cp -32	yes
rn4k1/pbp3p1/1p3r2/b5N1/2P3pP/5p2/PPQ1NPP1/R1Bq2K1 w - - 0 20	cp 545	cp 550	range
r1bq1rk1/p5pp/1p6/2npN3/2P1p3/4P2P/P1Q2PPB/3R1RK1 b - - 1 20	cp -77	cp -50	yes
5rk1/1b1rqpb1/2pp2pp/8/1Q2P2P/P1NRB1P1/2P5/3R2K1 w - - 1 34	cp -33	cp -19	yes
r1b2rk1/pp3ppp/8/qN1p4/3PPB2/P7/3bB1PP/2RQ1RK1 b - - 0 17	cp -109	cp -96	yes
3rr1k1/1bp2p2/pp1p2p1/3P2B1/2PbP3/P1NB2q1/1P4R1/R1Q3K1 w - - 3 32	cp -151	cp -171	yes
r4rk1/1bq2ppp/p3pn2/2p1n3/Pp2PP2/3P1N2/1PQ2PBP/R4RK1 w - - 0 17	cp -98	cp -52	yes
r1b4k/pp6/2nbp2q/3pP3/3P1rQ1/P1N2N2/1P3PPP/1K1R3R w - - 1 24	cp 20	cp 0	yes
1r1q2kr/pp3ppp/3bnn2/8/2BPp3/1QN1P3/PP1B2PP/3R1RK1 b - - 1 17	cp -37	cp -102	yes
r1b1r1k1/ppp4p/2n1pq2/3p1p2/2PPn1p1/PP1BP3/2QN1PPP/R1B2RK1 b - - 0 14	cp -77	cp -86	yes
r1b1r1k1/1p1n3p/2qp2p1/p1p1n3/P1P1P1P1/1PN1B2P/3Q2B1/1K1R1R2 b - - 1 25	cp -227	cp -242	yes
2r2r1k/ppq3b1/n1ppb3/8/N1PP2p1/3Bp3/PP1B2PP/RQ3RK1 w - - 0 22	cp 54	cp 66	yes
r2qkb1r/pp2pppp/5n2/nb1p4/3P1B2/2N1P3/PPQ2PPP/R3K1NR w KQkq - 0 10	cp 185	cp 206	yes
r1b2rk1/pp4pp/1qNbp3/n2p4/3P4/PNP3P1/2Q2PBP/1RB2RK1 b - - 0 16	cp -107	cp -138	yes
r1b2rk1/1pq1Nppp/p1np1n2/4p3/4P3/2NBB3/PPP1QPPP/4RRK1 b - - 0 12	cp -23	cp -71	yes
r1bqk2r/pp2bppp/3ppn2/6B1/3nP3/2NQ4/PPP2PPP/2KR1B1R w kq - 0 9	cp 85	cp 47	yes
r2q1rk1/pp2bppp/4bn2/8/1n1PN3/1Q2P1N1/PP1B2PP/R3KB1R w KQ - 1 13	cp 54	cp 32	yes
rn1q1rk1/pbpp2pp/1p2p1n1/8/1bP1Pp2/3B1N2/PP1PNPPP/R1BQ1RK1 w - - 2 10	cp 35	cp 34	yes
r2qk2r/pp1nbppn/2p1p2p/3pP3/3P2b1/5NPP/PPPN1PB1/R1BQR1K1 b kq - 0 10	cp -72	cp -47	yes
r3r1k1/5ppp/1qb2n2/p1n1p3/1bP1P3/1PB4P/2BNQ1PK/1N1R1R2 b - - 5 27	cp 138	cp 154	yes
8/3k4/8/2P5/2K5/8/8/8 w - - 3 65	cp 302	cp 297	range
8/8/8/5k2/5p2/8/4K3/8 b - - 3 85	cp 272	cp 285	yes
8/7p/8/5Kp1/8/5k2/8/8 b - - 1 51	cp 410	cp 951	range
8/4k3/8/3PK3/8/8/8/8 w - - 3 79	cp 247	cp 268	yes
8/5kP1/8/5K2/p1p5/P1B1P3/1P6/8 b - - 1 68	cp -1023	cp -1114	range
N7/5pp1/8/6k1/3K2P1/7P/5P2/8 w - - 1 57	cp 462	cp 440	range
6k1/8/2n3p1/8/p7/6P1/3K1P1P/8 b - - 1 43	cp 291	cp 350	range
8/7p/4K1kB/5p2/8/8/8/8 b - - 0 68	cp 96	cp 134	yes
8/5pk1/8/7p/1p4PP/4PP1K/r7/8 w - - 0 45	cp -476	cp -783	range
8/8/7K/8/5kr1/8/8/8 b - - 18 91	cp 766	cp 789	range
8/1pp2pk1/pbp3pp/7P/2P1PPP1/6K1/1PP5/3N4 w - - 1 32	cp -53	cp -61	yes
8/8/4n3/5K2/3k4/3B4/8/8 b - - 17 76	cp 0	cp 0	yes
8/6p1/1p2p1p1/3b3k/7P/6K1/8/r7 w - - 0 52	cp -1470	cp -1511	range
8/8/8/5k2/3K4/3N4/8/5r2 w - - 37 99	cp -255	cp -264	yes
8/8/8/5K2/3b4/2k5/8/4r3 w - - 4 98	cp -1055	cp -1075	range
8/8/2p2p2/2P1pP2/2b1P3/4K1k1/p7/2R5 w - - 53 141	cp -51	cp -67	yes
8/2R5/p2nk3/1p6/4p1N1/P7/1P3K2/8 b - - 0 55	cp -421	cp -453	range
6R1/8/8/5pk1/3K2pp/4P1r1/8/8 b - - 1 73	cp 398	cp 407	range
3k4/1pp2p2/7p/r2PR3/2PK2Pp/8/8/8 w - - 0 47	cp -109	cp -132	yes
8/4k1p1/4p2p/2NpP2P/3P2P1/2b1K3/2b2N2/8 w - - 12 58	cp -43	cp 0	yes
8/3R1pp1/p1r3k1/PpB4p/1P6/4P1K1/6PP/8 b - - 0 41	cp -408	cp -427	range
Q7/4k3/8/1p2p3/3pP2P/1B1P3K/1P6/8 b - - 0 65	cp -1679	cp -1810	range
4R3/6k1/8/8/2K2p2/4p3/r7/3n4 b - - 3 50	cp 741	cp 848	range
8/1r6/5K2/2Rk4/4p3/4B3/5P2/8 b - - 23 115	cp -528	cp -552	range
8/pp3p1p/8/4k3/7q/4K3/P2R1P2/8 w - - 2 33	cp -731	cp -762	range
8/4kp2/3p2pp/4b3/4P1PP/1R6/6Nr/6K1 w - - 12 45	cp -216	cp -237	yes
8/5b2/2p2p2/2P1pP2/4P3/2KB4/p4rk1/4R3 w - - 44 102	cp -333	cp -350	range
8/8/8/8/8/2k5/1R6/K2q4 w - - 82 102	cp -501	cp -490	range
6k1/pb3ppp/1p2p3/4n3/P7/4B1P1/1r3P1P/R2K4 w - - 7 29	cp -718	cp -732	range
8/4K2k/6r1/3Q1pnp/8/4PP2/8/8 b - - 8 68	cp -113	cp -189	yes
4r1k1/pp6/4r2p/8/5p1P/2PK4/P3NPP1/4R3 b - - 0 28	cp 173	cp 223	yes
8/r7/8/6N1/3b2k1/3R4/K2n4/8 w - - 25 74	cp -824	cp -811	range
8/1p3pk1/5p2/2P5/pP4P1/6K1/q7/1R5R w - - 2 37	cp -158	cp -207	yes
8/Q7/8/8/1pp5/6PK/2k1qP2/8 b - - 3 105	cp 252	cp 283	yes
3B4/p3R1kp/2b3p1/8/1P6/PB6/7r/1n2K3 b - - 3 58	cp 32	cp 0	yes
6k1/1p1n1p2/1p1B2b1/1NpP4/2P2R1P/8/1r1K4/8 w - - 20 37	cp -42	cp -48	yes
7R/5pk1/8/4n2r/P2Q4/6P1/1P4K1/8 b - - 0 60	cp -438	cp -450	range
5r1k/3RRB2/8/p5pp/7r/1P6/2P3K1/8 b - - 3 40	cp -313	cp -314	range
r6k/1bRP4/p3p3/4Np2/5P2/BP6/P5r1/5K2 b - - 5 40	cp -158	cp -87	yes
4k3/6Q1/2n2B2/p1P5/b7/4PPK1/3r3P/8 b - - 1 50	cp -566	cp -616	range
5k2/5b2/5p2/4pP2/4P1QP/2b5/3q2PK/8 w - - 1 60	cp -548	cp -548	range
5R2/2b1k1p1/4p3/6p1/8/2q4P/6B1/5R1K w - - 0 54	cp -15	cp -10	yes
4r1k1/pp6/4r2p/2pR4/5p2/2P5/Pn1KNPPP/4R3 b - - 5 25	cp 126	cp 164	yes
8/1p3pkp/5b2/1P4p1/p5P1/2r1B2P/r4P2/1RR3K1 w - - 0 33	cp -167	cp -178	yes
2r3k1/p4ppp/bpB1pb2/8/8/2K1B1P1/Pn3P1P/R6R w - - 1 22	cp -440	cp -570	range
3k4/1p5R/1pp5/3n4/2N3r1/P1b5/4KR1P/4r3 w - - 6 56	cp -745	cp -657	range
5rk1/R1n2n1p/2r2p2/2p1p1pP/4P3/1pPP2P1/1P2B3/4R1K1 b - - 1 35	cp 211	cp 231	yes
7R/5r2/3rn1k1/1ppbR2P/p1p2p2/P1B2P2/1PP3P1/6K1 b - - 0 37	cp -401	cp -352	range
1r1r2k1/5p2/1p4np/pQ4B1/8/6P1/PP4KP/5R2 b - - 0 26	cp -391	cp -393	range
1nb2Bk1/1pN2p1p/1N4p1/3p4/r4Pn1/2b3P1/P3P1BP/4K2R w K - 2 21	cp -111	cp -126	yes
1r6/1P1k1pp1/B1n2n1r/p1Bp4/4pP2/2P3P1/P5K1/1R2R3 b - - 4 33	cp -125	cp -100	yes
3r3k/1p1bbp2/3ppp1p/1P3PrP/4P3/2NBR1P1/2P5/1K1R4 w - - 1 25	cp 22	cp 47	yes
1r1r2k1/5p2/1p3b1p/pQ2n1p1/5P2/4B1P1/PP4KP/5R2 b - f3 0 24	cp -296	cp -332	range
1k1r3r/1N5p/4p3/2npn1P1/2p5/P7/1P1N2PP/2KR1B1R b - - 0 24	cp -24	cp -7	yes
5q2/p2r1pk1/2R4p/4p1pP/6P1/5B2/2Q2PK1/8 b - - 5 43	cp -310	cp -301	range
5rk1/1p3p2/pq6/3R1PB1/7p/7P/2P1Q1PK/8 b - - 0 37	cp -388	cp -404	range
4k2r/2p1npb1/p7/1pN1p2p/4P1bN/P2rB1P1/1P3P2/2R1R1K1 b k - 1 26	cp -5	cp -4	yes
4rqk1/1p3bpp/p1p5/8/P4N2/2Q3P1/1P3P1P/R5K1 b - - 3 32	cp 32	cp 40	yes
6k1/1r4p1/1pb1p3/p3Pp1p/P2PqP2/R3B3/1Q4PK/8 w - - 14 55	cp -209	cp -177	yes
6k1/p4n1p/1pN5/1P3P2/3Q2Pq/8/2P1rRK1/8 b - - 4 42	cp -2	cp -85	yes
r4rk1/p4pb1/1pp3p1/4p3/4P2q/2NPB3/PP3P1P/3R2RK w - - 0 24	cp -935	cp -919	range
6k1/3r1r1p/p1Q3pB/q4p2/P7/6P1/3PPP1P/5RK1 b - - 2 29	cp -52	cp -98	yes
3r4/1Qr3kp/4N1p1/4Pp2/p2B4/4P1PP/8/2q2BK1 b - - 3 53	cp -422	cp -419	range
8/p1p2Rbk/1p4np/8/1P2Q3/q3N3/3r1PK1/8 w - - 0 40	cp -481	cp -480	range
r6r/1p2kp1p/p3p3/3p1B2/8/1P2Q2P/1q1N1PP1/3R2K1 b - - 0 21	cp -65	cp -57	yes
Q1b2rk1/3q4/1R2p2p/1p1pBppB/2pP4/1nP1PP1P/1P4P1/6K1 b - - 1 30	cp -199	cp -205	yes
2q2rk1/4bpp1/1Q3n2/p1p2P1p/P1B5/5PB1/1PP4P/1K1R4 b - - 0 26	cp -75	cp -96	yes
r1b2rk1/ppn1b1pp/5n2/3N1p2/3PpN2/1P2P3/1P1BBPPP/R4RK1 b - - 0 15	cp 162	cp 64	yes
3r2k1/pp4bp/4r3/8/2QP1p2/4q3/P6R/5R1K w - - 0 36	cp -707	cp -647	range
3r2k1/1bp2p2/pp1p2p1/3P4/2PbP3/P1N1q3/1P4R1/R4Q1K w - - 2 37	cp -121	cp -34	yes
4r1k1/2r2p1n/p2p4/1q1P2p1/2pBP3/P4BPP/1P3P1K/1Q2R3 b - - 4 33	cp -197	cp -201	yes
4r2k/6p1/r6p/2Q1P3/4R3/6qP/p5B1/R6K b - - 1 43	cp -45	cp -77	yes
5rkr/5pp1/p2Pq2p/Pp6/nQ1Rp3/1P2P3/6PP/4BRK1 b - - 0 29	cp -268	cp -260	yes
1r4k1/1pq2p2/p1rb4/P2Rp3/3pP3/1Q1P1BP1/1P3RK1/8 b - - 4 43	cp 69	cp 6	yes
r2qr1k1/pp3pp1/2p3p1/2P5/1P1Nb3/P6P/2Q2PP1/R4RK1 w - - 1 22	cp -76	cp -44	yes
2r2r1k/p5p1/1pb1pqBp/3pR3/3P3P/3Q4/PP3PP1/5RK1 b - h3 0 21	cp -1	cp -21	yes
5rkr/3q1ppp/p2PB3/Pp6/nQ2p3/4P3/1P4PP/3RBRK1 b - - 0 27	cp -266	cp -296	yes
3q1rk1/pp1bpp1p/3p1np1/4b1B1/8/2N2P2/PPP1Q1PP/1K1R3R w - - 2 18	cp 53	cp 51	yes
2r1nrk1/5pq1/p1np4/1p2p3/4P3/6Q1/PPP1NP1P/2KR2R1 w - - 0 22	cp 480	cp 487	range
1r3rk1/6p1/p1n3qp/1p1NpB2/8/1PP2Q2/5PPP/3R1RK1 b - - 0 23	cp -39	cp -48	yes
r2q1rk1/pp3pbp/8/3pn3/6Q1/1PP4P/P4PP1/RN2KB1R w KQ - 0 14	cp -64	cp -115	yes
r1q2rk1/6pp/2b5/1pQ4N/p3P3/6P1/1BB3K1/3RR3 b - - 0 35	cp 110	cp 86	yes
r2q1rk1/p5pp/1p2b3/2nPN3/4p3/4P2P/P1Q2PPB/3R1RK1 b - - 0 21	cp -72	cp -92	yes
r1bqk1nr/p3pp1p/2pp2p1/8/4P3/2PBB3/P1P2PPP/R2Q1RK1 b kq - 0 11	cp -132	cp -113	yes
1r2k2r/ppqn1ppp/2pb4/3p4/3P1P2/1QNNP3/PP1n2PP/3RK2R w Kk - 0 14	cp -86	cp -70	yes
3rr1k1/1bp2p2/pp1p2p1/3P2B1/2PbP3/P1NB3q/1P4R1/R1Q4K w - - 5 33	cp -171	cp -103	yes
r1b2r2/1p1n1Rk1/2qp2p1/p1pN2B1/P1P1P1PQ/1P5P/6B1/1K1R4 b - - 0 33	cp -388	cp -870	range
r1b4k/pp2b3/2n1p2q/3pP3/3P1r2/P1N2NQ1/1P3PPP/1K1R3R w - - 3 25	cp 25	cp -53	yes
1r4kr/pp1q1ppp/3bnn2/3N4/2BPp3/1Q2P3/PP1B2PP/3R1RK1 b - - 3 18	cp 5	cp -77	yes
r1br2k1/ppp4p/2n1pq2/3p1p2/2PPn1p1/PP1BP3/1BQN1PPP/R4RK1 b - - 2 15	cp -108	cp -127	yes
r1b3k1/1p1n3p/2qpr1p1/p1pNn3/P1P1P1P1/1P2B2P/3Q2B1/1K1R1R2 b - - 3 26	cp -247	cp -281	yes
2r2r1k/pp2q1b1/n1ppb3/8/N1PP2p1/3BB3/PP4PP/RQ3RK1 w - - 1 23	cp 62	cp 68	yes
r2qkb1r/pp1B1ppp/4pn2/n2p4/3P1B2/2N1P3/PPQ2PPP/R3K1NR b KQkq - 0 10	cp -102	cp -86	yes
r2q1rk1/pp2npb1/3pb1pp/2p5/3PP3/2P1nNP1/PP1NQ1BP/R4RK1 w - - 0 15	cp -52	cp -70	yes
r2q1rk1/ppp1n1bp/3pb3/4Np2/2P4P/2N1B3/PP1Q1PP1/2KR1B1R b - - 0 12	cp -102	cp -42	yes
r1bqk2r/p2pb1pp/1p2pn2/8/3nN3/2PB4/PP3PPP/R1BQ1RK1 w kq - 0 11	cp 105	cp 106	yes
r1bqk2r/pp2bppp/n4n2/3p4/3PpN2/1QN1P3/PP1B1PPP/R3KB1R b KQkq - 3 9	cp 3	cp 3	yes
rn1q1rk1/pbp3pp/1p2p1n1/3p4/1bP1Pp2/5N2/PPBPNPPP/R1BQ1RK1 w - d6 0 11	cp 21	cp 34	yes
r1bqk2r/p2nbppp/1pn1p3/2ppP3/7P/3P1NP1/PPP1QPB1/RNB1K2R w KQkq - 1 9	cp 10	cp 17	yes
3rr1k1/5ppp/1qb2n2/p1n1p3/1bP1P3/1PB1Q2P/2BN2PK/1N1R1R2 b - - 7 28	cp 145	cp 111	yes
# surviving 375, dropped mate 7, dropped |v'| > 282: 218
# a 0.9508  b -1.05  sigma 48.98  r 0.9244
# margin seed round(t * sigma) at t = 1.0: 49
FIT-DONE
