# engine .ref-builds/parent/build/src/chesso, pair (4, 8), 300 positions, offsets (0, 1, 2)
fen	v_shallow	v_deep	kept
8/7p/2K5/5p2/5k2/4p3/8/8 b - - 0 57	cp 1152	cp 1306	range
8/8/8/4kP2/8/8/5K2/8 w - - 1 127	cp 0	cp 0	yes
8/6pp/8/6kP/5p2/8/4K1P1/8 b - - 4 46	cp 255	cp 261	yes
8/8/8/4k3/7p/5K2/8/8 b - - 7 77	cp 231	cp 261	yes
8/8/2K1k3/1P6/8/3N4/8/8 b - - 1 75	cp -646	cp -937	range
8/k7/P7/1P6/5n2/3pp3/8/4K3 b - - 1 53	cp 564	cp 778	range
2k5/8/pPn5/8/2K5/8/8/8 b - - 3 92	cp 384	cp 417	range
8/2K5/8/2P5/2b5/2k5/8/8 w - - 3 159	cp -213	cp -110	yes
B7/2K4p/8/5p2/5k2/1P2p3/8/4n3 b - - 0 54	cp 380	cp 771	range
8/8/4k3/8/6K1/8/8/5r2 b - - 8 86	cp 668	cp 691	range
8/7p/4k1nP/5pB1/3K4/8/8/8 b - - 9 63	cp 91	cp 102	yes
8/8/8/8/n7/3Bk3/6K1/8 b - - 7 71	cp 17	cp 0	yes
5R2/B7/8/1p6/1P5p/2k1P2K/6PP/8 b - - 0 58	cp -1228	cp -1268	range
8/6N1/8/6k1/3K4/8/8/4r3 w - - 27 94	cp -279	cp -250	yes
8/5p2/1B2p3/8/8/3K1k2/6p1/5r2 w - - 0 68	cp -953	cp -980	range
8/5b2/2p2p2/2P1pP2/4P1k1/8/p4K2/7R w - - 43 136	cp -79	cp -37	yes
8/2p3k1/p7/1p2N2n/4p3/P5P1/1P6/3R2K1 b - - 0 50	cp -374	cp -374	range
7R/5k2/8/5p1p/3K2p1/4P1Pr/8/8 b - - 8 68	cp 308	cp 335	range
8/1ppk1p2/7p/P2P2p1/2P1R1P1/4K3/7P/2r5 w - - 2 42	cp -118	cp -130	yes
4b3/1N2k1p1/4p2p/3pP2P/3P2P1/8/1N1b1K2/8 w - - 2 53	cp -54	cp -17	yes
4r3/5ppk/p6p/PpB5/8/1P2P3/6PP/5RK1 b - - 1 36	cp -334	cp -368	range
8/6p1/5k2/2q1p3/8/5B2/8/5K2 w - - 0 83	cp -929	cp -970	range
5R2/8/8/4k3/4pp2/2K5/Pn3r2/8 b - - 7 45	cp 644	cp 652	range
4R3/8/8/3k2K1/4p3/4Br2/5P2/8 b - - 13 110	cp -447	cp -432	range
6k1/pp3p1p/8/8/8/2K4P/P4Pq1/3R4 w - - 0 28	cp -611	cp -665	range
6k1/5p2/3p2pp/4b3/4PNPP/4RK2/8/r7 w - - 2 40	cp -171	cp -198	yes
1r6/5b2/2p2p2/2P1pP2/4P3/2KB2k1/p7/R7 w - - 34 97	cp -326	cp -317	range
8/8/8/8/q7/2R5/1K1k4/8 w - - 72 97	cp -429	cp -446	range
8/8/5p2/4p2N/4P3/1p1q1k1K/1P6/6r1 w - - 0 61	mate -3	mate -2	mate
8/4K1nk/1r6/5p1p/3Q4/4P3/5P2/8 b - - 4 63	cp -237	cp -212	yes
2k3r1/2N5/2n5/pp3p2/4pp2/B1P4p/PP2KP2/3R4 b - - 1 32	cp 287	cp 275	range
8/3r1N2/8/7R/8/4bnk1/K7/8 w - - 15 69	cp -487	cp -487	range
6k1/pp3p1p/6q1/8/8/2r4P/PK3PP1/3R4 w - - 0 27	cp -540	cp -628	range
8/4Q3/8/1p6/1kp5/6P1/3q1PK1/8 b - - 20 100	cp 77	cp 112	yes
3B3k/pb5p/4B1p1/8/1P6/P1n1p3/5rPP/4R1K1 b - - 0 53	cp 609	cp 194	range
6k1/1p1n1p2/1p1B4/2pP4/2P2R1P/N7/4b1K1/3r4 w - - 10 32	cp -76	cp -59	yes
3rR2r/3P1ppk/p6p/Pp6/1B6/1P2P3/6PP/5RK1 b - - 0 34	cp -390	cp -366	range
5r1k/4RB2/6p1/p5rp/8/1P6/2P2R1K/8 b - - 3 35	cp -328	cp -297	range
r5k1/3P3p/p3p1P1/3b1p2/5P2/BP1N4/P2r4/2R2K2 b - - 4 35	cp 65	cp -27	yes
5k2/1p1r4/2n2B2/p1P5/P5Q1/1b2PP2/7P/5K2 b - - 0 45	cp -528	cp -522	range
5rkr/3P1pp1/p3R2p/Pp6/1n6/1P2P3/6PP/4BRK1 b - - 0 32	cp -416	cp -468	range
2q3k1/2P3p1/4p3/4b1p1/8/7P/p1R3B1/3R3K w - - 0 49	cp 844	cp 61	range
r4rk1/pp6/3pP2p/2p1n3/5p2/2P5/P3NPPP/2KR3R b - - 0 20	cp -44	cp 37	yes
8/r4k2/p2r1np1/1p1N1p1p/1PpR3P/4P1P1/1P3PK1/3R4 b - - 0 63	cp 13	cp 21	yes
7k/1p3p1B/5p2/p1r5/3P4/6PK/PP2q3/R6R w - - 0 32	cp 7	cp 17	yes
3k4/1p5R/1pp5/3n4/2NP1rK1/P1b5/2R4P/3r4 w - - 15 51	cp -494	cp -563	range
1r5r/1bN2kPP/3p1b2/2pP1P2/1pP5/pP4R1/P5K1/4R3 w - - 3 54	cp 588	cp 606	range
5q1k/pp1b4/3p1p1p/P1pP1P2/2P3P1/4Q3/7P/4R1K1 w - - 5 32	cp 364	cp 491	range
8/pp3k1p/5p2/3Bp3/3n2rP/1P4q1/2P5/2R3RK b - - 1 34	cp 250	cp 318	yes
5rk1/p2R4/1p2P3/1qp1Q3/8/5PP1/1P4KP/8 b - - 6 43	cp -908	cp -1022	range
r3k2r/5pp1/2n2n2/pPBp4/4pP2/2P3P1/P3B3/3RR1K1 b - - 0 28	cp -121	cp -112	yes
3r1rk1/1p2bp2/p1bppp1p/5P1P/4P3/2NBR3/PPP3P1/1K1R4 w - - 0 20	cp 123	cp 94	yes
4kNn1/1Np3r1/p1r5/1pB1ppbp/4P1P1/P2R2P1/1P6/3R2K1 b - - 0 37	cp -96	cp -114	yes
4kb1r/pp3ppp/4p3/1N6/P1K1b3/8/1P4PP/R1Br1B1R b k - 0 16	cp 91	cp 129	yes
1q4k1/p2r1p2/2R1p1pp/8/6PP/4QB2/5PK1/8 b - - 2 38	cp -236	cp -245	yes
3rn1k1/p3b1pp/4b3/1R2P3/4N1P1/4KB1P/3r4/7R w - - 0 34	cp -167	cp -114	yes
2r3k1/pp3p1p/6q1/8/8/2r1Q2P/PK3PP1/3R4 w - - 0 26	cp -489	cp -611	range
6k1/7p/1p4p1/2pPb3/p1Pr2P1/P1R1p3/1P2Q1KP/3qB3 w - - 4 36	cp -13	cp 32	yes
8/4rkp1/1p2p3/p2bPp1p/P2P1P2/2R1B3/1Q4PK/5q2 w - - 4 50	cp -156	cp -126	yes
7q/5b1k/p2p1n2/P1pP1PQ1/2P5/7P/7K/R6R w - - 3 42	cp 735	cp 752	range
2r4k/1p3p1B/5p2/p1Q5/3P4/6P1/PP2q1K1/R6R w - - 1 31	cp 252	cp 20	yes
2b1r1k1/5p2/3B3p/p1RB1qp1/8/P5QP/6P1/6K1 b - - 4 35	cp -242	cp -318	yes
5rk1/1Q3ppp/4p3/3rP3/5P2/4P3/2q2KPP/2B2R2 w - - 2 28	cp -204	cp -190	yes
7k/p1p3b1/1p3qnp/8/1P2Q3/P3N2R/3r1P2/5K2 w - - 1 35	cp -547	cp -507	range
r2q1k1r/1p2pp1p/p7/3p1p2/8/1P1B1Q1P/P2N1PP1/R5K1 b - - 0 16	cp -143	cp -121	yes
3q1rk1/Q7/R1b1pp1p/1p1pB1pB/2pP4/2P1PP1P/1P1n2P1/6K1 b - - 1 25	cp -162	cp -127	yes
r3k2r/3nnpp1/p1Q5/3pp3/7p/2PBB3/PP3PPP/R4RK1 b kq - 0 19	cp -138	cp -111	yes
1r6/2p2k2/5nR1/p2p1B1p/3P1q2/5P2/1PQ3K1/4R3 b - - 1 41	cp -581	cp -638	range
2r3k1/pp3p1p/6q1/8/2r5/2b1Q2P/PK3PP1/2RR4 w - - 0 25	cp -504	cp -540	range
4r1k1/1pq4p/p3pp2/3bb1pP/6Q1/P3B3/1PPR2P1/1K3R2 w - - 2 36	cp 70	cp 68	yes
2r1r1k1/5p1n/p2p2p1/3P3p/q1pBP3/P5PP/1P2RPBK/2Q5 b - - 4 28	cp -108	cp -115	yes
4r1k1/6p1/r6p/2p5/p1R1P3/4q2P/Q5B1/1R5K b - - 2 38	cp -134	cp -185	yes
3r2k1/pp3pbp/3q4/8/2r5/2N1Q2P/P1K2PP1/R6R w - - 0 22	cp -495	cp -329	range
3r2k1/1pr2p2/pQ1b3q/3Rp3/3pP3/P2P1BP1/1P4K1/4R3 b - - 10 38	cp 44	cp 0	yes
1r2r1k1/2p2pp1/5n1p/8/Qp1NP3/1P1qBPP1/5KBP/4R3 b - - 4 37	cp -116	cp -106	yes
4r1k1/6pp/r7/q1p1n3/p1P1P3/Q5PP/6B1/R2R2K1 b - - 5 33	cp 64	cp 104	yes
2rr2k1/pp3pbp/3q4/8/2n5/1PN1Q2P/P1K2PP1/R6R w - - 0 21	cp -464	cp -495	range
r1b2rk1/ppp2ppp/1q2p3/4n3/1P1P1Q2/P3P3/5PPP/R1B1K2R w KQ - 0 16	cp -21	cp -62	yes
2rrk3/1p3R1p/2qp3Q/1BnP1P2/p2Bp3/P7/1PP4P/2R3K1 b - - 0 31	cp -1238	mate -4	mate
r4rk1/1p1q3p/2n3pQ/p1Pb4/P3N3/2B1PPP1/6BP/3R3K b - - 10 33	cp -204	cp -306	yes
rn1qk2r/pp2ppbp/8/2pp1p2/3P4/1P2PQ1P/P1P2PP1/RN2KB1R w KQkq c6 0 9	cp 50	cp -1	yes
3r1rk1/5q2/p4ppb/1pp5/1P6/Pn1P1N1P/2Q2PB1/R3R1K1 w - - 1 26	cp -64	cp -5	yes
3r1rk1/pp2bppp/2q5/2p1P1n1/2N5/2P2Q1P/PP4P1/R1B1R1K1 w - - 2 17	cp 38	cp 51	yes
5rk1/1bqr1pb1/2pp2pp/8/2Q1Pp1P/P1NR2B1/2P3P1/3R2K1 w - - 0 30	cp -103	cp -81	yes
1r2n1kr/1pNq1ppp/p3n3/P7/2BPp3/1Q2P3/1P1B2PP/3R1RK1 b - - 0 21	cp -151	cp -162	yes
1r1qr2b/1p2kp1Q/p2p3p/P1P1n2N/1P6/2B3R1/6B1/3R2K1 b - - 0 38	cp -687	cp -710	range
1r4k1/p1pqbpp1/5n2/3P1b1p/1n6/2N3P1/RP3PBP/2BQ1RK1 w - - 0 19	cp 115	cp 142	yes
r1b2q1k/pp6/3bp1Q1/3p1r2/1n1P4/2N1PN2/PP3PPP/1K1R3R w - - 5 20	cp 43	cp 77	yes
r2q1rk1/pp2bp1p/4bp2/8/1n1P4/1Q2P1N1/PP1B2PP/R3KB1R w KQ - 0 14	cp 88	cp 32	yes
r1bq1rk1/ppp2p1p/2n1p3/3p2p1/2PPn3/PQ1BPN2/1P3PPP/R1B1K2R b KQ - 1 10	cp 9	cp -70	yes
r1b1r1k1/1pq4p/p1np1np1/2p1P3/P1P1P1P1/4B2P/1PQ1N1B1/1K1R3R b - - 0 21	cp -88	cp -175	yes
2r2rk1/pp4bp/nqppb3/5p2/2PP2p1/2NBP3/PP1B2PP/R2Q1RK1 w - - 6 18	cp 39	cp 55	yes
1r1q2kr/ppn2ppp/3bNn2/3p4/3Pp3/1QN1PP2/PP1BB1PP/3R1RK1 b - - 0 15	cp -108	cp -88	yes
r1br2k1/1p3pbp/1q3np1/p1ppN3/P2N1B2/3P2P1/1PP2PBP/R2QR1K1 b - - 0 14	cp 19	cp -35	yes
2rqr1k1/2pb2pp/p7/npbnPp2/3P4/5N2/PPQ2PBP/R1B2RK1 w - - 0 19	cp 88	cp 104	yes
r2q1rk1/pp3pbp/2np2p1/2pnp3/2P1P1b1/1P1P1NP1/PB3PBP/R2QK2R w KQ - 0 11	cp -95	cp -98	yes
r1bqk2r/pp2bppp/n4n2/3p4/3Pp3/1QN1P3/PP1BNPPP/R3KB1R w KQkq - 2 9	cp -3	cp 10	yes
r3kb1r/pp3ppp/2n2nb1/2q5/8/1Q2PNN1/PP1B2PP/2R1KB1R b Kkq - 2 13	cp -137	cp -70	yes
r2qk2r/pp1nbppn/2p1p2p/3pP3/3P2b1/5NP1/PPPN1PBP/R1BQR1K1 w kq - 1 10	cp 75	cp 51	yes
r3r1k1/3n1ppp/pqbb1n2/4p3/2P1P3/1P3N2/1BB1Q1PP/1N1R1R1K b - - 2 23	cp -11	cp -14	yes
8/8/8/3K1p1p/5k2/4p3/8/8 b - - 1 58	cp 1182	cp 1308	range
8/8/7k/5p2/8/5K2/8/8 b - - 1 81	cp 128	cp 166	yes
8/6pp/8/7k/5p2/5K2/6P1/8 b - - 1 47	cp 254	cp 319	yes
8/8/8/5k2/7p/4K3/8/8 b - - 9 78	cp 286	cp 330	range
8/8/1PK5/5k2/8/3N4/8/8 b - - 0 76	cp -892	cp -989	range
8/k7/PP6/8/8/3pp3/4n3/4K3 b - - 0 54	cp 762	cp 889	range
8/1k6/pPn5/2K5/8/8/8/8 b - - 5 93	cp 398	cp 453	range
8/3K4/8/2P5/8/2k5/4b3/8 w - - 5 160	cp -213	cp -105	yes
B7/2K4p/8/5p2/1P3k2/4p3/2n5/8 b - - 0 55	cp 896	cp 1045	range
8/8/8/4k3/8/6K1/8/5r2 b - - 10 87	cp 677	cp 688	range
8/7p/4k2P/4np2/3K1B2/8/8/8 b - - 11 64	cp 89	cp 102	yes
8/8/8/2n5/8/3Bk1K1/8/8 b - - 9 72	cp 4	cp 0	yes
8/B7/8/1p6/1k3R1p/4P2K/6PP/8 b - - 1 59	cp -1178	cp -1298	range
8/6N1/5k2/3K4/8/8/8/4r3 w - - 29 95	cp -276	cp -249	yes
8/5p2/1B2p3/8/8/2K2k2/5rp1/8 w - - 2 69	cp -1142	cp -1234	range
8/8/2p2p2/2P1pP2/2b1P1k1/4K3/p7/7R w - - 45 137	cp -57	cp -64	yes
8/2p3k1/p7/1p2N3/4p3/P5n1/1P3K2/3R4 b - - 1 51	cp -343	cp -447	range
3R4/6k1/8/5p1p/3K2p1/4P1Pr/8/8 b - - 10 69	cp 316	cp 350	range
8/1ppk1p2/7p/P2P2p1/2PKR1P1/8/7P/r7 w - - 4 43	cp -122	cp -59	yes
8/1N2k1p1/4p2p/3pP2P/b2P2P1/3N4/3b1K2/8 w - - 4 54	cp -33	cp -36	yes
4r3/5pp1/p5kp/PpB5/8/1P2P3/6PP/3R2K1 b - - 3 37	cp -353	cp -395	range
8/6p1/5k2/4p3/2q5/5B2/4K3/8 w - - 2 84	cp -938	cp -998	range
5R2/8/8/4k3/4pp2/1K6/P4r2/3n4 b - - 9 46	cp 637	cp 646	range
4R3/8/5K2/3k4/4p3/4B2r/5P2/8 b - - 15 111	cp -484	cp -457	range
3R4/pp3pkp/8/8/8/2K4P/P4Pq1/8 w - - 2 29	cp -633	cp -708	range
6k1/5p2/3p2pp/4b3/4P1PP/4RK2/6N1/7r w - - 4 41	cp -218	cp -215	yes
8/5b2/2p2p2/2P1pP2/4P3/1rKB2k1/p7/4R3 w - - 36 98	cp -333	cp -370	range
8/8/8/8/3q4/1R6/1K1k4/8 w - - 74 98	cp -438	cp -440	range
6k1/p4ppp/bpr1p3/8/2n5/4B1P1/P3KP1P/R7 w - - 0 25	cp -649	cp -668	range
8/4K1nk/6r1/5p1p/3Q4/4PP2/8/8 b - - 0 64	cp -201	cp -164	yes
2k3r1/2N5/2n5/pp3p2/4pp2/B1P5/PP2KP1p/7R b - - 1 33	cp 176	cp 227	yes
8/3r1N2/8/5R2/3b4/5nk1/K7/8 w - - 17 70	cp -437	cp -427	range
8/1p3p1k/5p2/p1P5/8/6PK/PP2q3/R6R w - - 0 33	cp 16	cp 6	yes
8/Q7/8/1p6/k1p5/6P1/3q1PK1/8 b - - 22 101	cp 112	cp 151	yes
3B4/pb4kp/4B1p1/8/1P6/P1n1R3/5rPP/6K1 b - - 0 54	cp 57	cp 53	yes
6k1/1p1n1p2/1p1B4/2pP4/2P2R1P/N2b4/5K2/3r4 w - - 12 33	cp -62	cp -61	yes
4Q2r/5ppk/p6p/Pp6/1B6/1P2P3/6PP/5RK1 b - - 0 35	cp -368	cp -354	range
5r1k/4RB2/6p1/p6p/6r1/1P6/2PR3K/8 b - - 5 36	cp -285	cp -308	range
r5k1/3P3p/p3p1P1/5p2/5P2/BP1N4/P2r2b1/2R3K1 b - - 6 36	cp 15	cp 39	yes
5k2/1p6/2n2B2/p1P5/P5Q1/1b2PP2/5K1P/3r4 b - - 2 46	cp -526	cp -563	range
3rR1kr/3P1pp1/p6p/Pp6/1n6/1P2P3/6PP/4BRK1 b - - 2 33	cp -481	cp -443	range
2qR4/2P2kp1/4p3/4b1p1/8/7P/p1R3B1/7K w - - 2 50	cp 304	cp 31	range
4rrk1/pp6/3RP2p/2p1n3/5p2/2P5/P3NPPP/2K4R b - - 0 21	cp -23	cp 31	yes
8/1p3pkp/3B1b2/6p1/p5P1/2Pr3P/PP2rP2/1RR3K1 w - - 1 29	cp -74	cp -7	yes
3r4/2R5/5p2/4p1k1/4P3/1p4NK/1P3P2/1q4r1 w - - 0 57	cp -1218	cp -1272	range
3k4/1p5R/1pp5/3n4/2NP1r2/P1br3K/2R4P/8 w - - 17 52	cp -505	cp -558	range
2r2rk1/1p1R1ppp/8/pB6/8/1PB4P/2P2nP1/5RK1 b - - 0 25	cp -152	cp -194	yes
1r5k/p2p3p/bpBN1r2/5p2/2P3p1/8/PP3PPP/1K1RR3 b - - 0 22	cp -184	cp -172	yes
3r4/6k1/2R2p2/4p1p1/4P3/1p2B1N1/1P3PK1/1q1r4 w - - 0 54	cp -1150	cp -1266	range
r3r1k1/pR5p/2p5/7p/5P1b/2N4P/P1K1n1B1/7R w - - 0 29	cp -28	cp -34	yes
r3k2r/4npp1/1P3n2/p1Bp4/4pP2/2P3P1/P3B3/3RR1K1 b - - 0 29	cp -195	cp -150	yes
3r1r1k/1p2bp2/p1bppp1p/5P1P/P3P3/2NBR3/1PP3P1/1K1R4 w - - 1 21	cp 79	cp 77	yes
4kNn1/1Np3r1/p1r5/1pBRp1bp/4p1P1/P5P1/1P6/3R2K1 b - - 1 38	cp -106	cp -166	yes
4kb1r/1p3ppp/p3p3/8/P1K1b3/2N5/1P4PP/R1Br1B1R b k - 1 17	cp 123	cp 139	yes
1q6/p2r1pk1/2R1p1pp/8/6PP/2Q2B2/5PK1/8 b - - 4 39	cp -252	cp -242	yes
r1b1k2r/1pp1N1pp/p1p1np2/4P3/8/8/PPP2PPP/RNBR2K1 b kq - 0 13	cp -133	cp -152	yes
7k/4q1r1/3Qp2N/8/3RB2p/1P5P/5PP1/6K1 b - - 0 48	cp -1087	cp -1055	range
6k1/1p4p1/p1p1p1p1/4P3/P6q/6r1/R5K1/Q5R1 w - - 0 44	cp -632	cp -647	range
8/4rkp1/1p2p3/p2bPp1p/P2P1P2/2R1B3/2Q3PK/4q3 w - - 6 51	cp -162	cp -163	yes
7q/5b1k/p2p4/P1pP1PQ1/2P3n1/7P/7K/R5R1 w - - 5 43	cp 910	cp 1041	range
r4rk1/p1pq1pb1/1p4p1/4p2p/4P3/2NPB1P1/PP3P1P/3R1RK1 w - - 0 20	cp -870	cp -866	range
2b1r1k1/5p2/3B3p/2RB1qp1/p7/P5QP/6PK/8 b - - 1 36	cp -362	cp -338	range
3r2k1/1Q3ppp/4p3/3rP3/5P2/4P3/2q3PP/2B2RK1 w - - 4 29	cp -192	cp -257	yes
7k/p1p3b1/1p4np/8/1P2Q3/P3NR2/3r1P2/q4K2 w - - 3 36	cp -496	cp -264	range
r4k1r/1p2pp1p/p7/q2p1p2/8/1P1BQ2P/P2N1PP1/R5K1 b - - 2 17	cp -143	cp -74	yes
5rk1/Q2q4/R1b1pp1p/1p1p2pB/2pP4/2P1PP1P/1P1n2PB/6K1 b - - 3 26	cp -101	cp -118	yes
5rk1/pp2bpp1/2q2n1p/2p2P2/P1B5/1Q3P2/1PP2B1P/1K1R4 b - - 0 22	cp 3	cp -36	yes
8/2p2k2/1r3nR1/p2pRB1p/3P1q2/5P2/1PQ3K1/8 b - - 3 42	cp -611	cp -640	range
1r1R1rk1/pb3p1p/1p3b2/4n1p1/8/1Q2B1P1/PP3PBP/5RK1 b - - 0 20	cp -325	cp -322	range
2r3k1/1pq4p/p3pp1P/3bb1p1/6Q1/P3B3/1PPR2P1/1K3R2 w - - 1 37	cp 53	cp 93	yes
2r1r1k1/5p1n/p2p4/3P2pp/q1pBP3/P4BPP/1P2RP1K/2Q5 b - - 1 29	cp -84	cp -102	yes
4r3/6pk/r6p/2p5/p1R1P3/4q2P/2Q3B1/1R5K b - - 4 39	cp -155	cp -112	yes
3r2k1/pp3pbp/6q1/8/2r5/2N1Q2P/P1K2PP1/R2R4 w - - 2 23	cp -499	cp -504	range
3r2k1/1pr2p2/pQ1b1q2/3Rp3/P2pP3/3P1BP1/1P4K1/4R3 b - - 0 39	cp 87	cp 81	yes
1r2r1k1/5pp1/5n1p/2p5/Qp1NP3/1P1qBPP1/5K1P/4RB2 b - - 1 38	cp -128	cp -190	yes
4r1k1/6p1/r6p/q1p1n3/p1P1P3/Q5PP/6B1/1R1R2K1 b - - 1 34	cp 8	cp 41	yes
r2q1k1r/1p2ppbp/p7/3p1p2/3P4/1P1B1Q1P/P4PP1/RN3RK1 b - - 0 14	cp -173	cp -143	yes
3rr1k1/1p3pb1/q3p1p1/2R1P1P1/p1bP1B2/P1Q5/5P2/1R4K1 w - - 0 44	cp 89	cp 109	yes
1r4r1/p1pq1k1p/2n1R3/2P2p1P/3p1P2/P4R2/2Q2BP1/2K2B2 b - - 0 29	cp -27	cp -88	yes
r5k1/1p1q1r1p/2n3pQ/p1Pb4/P3N3/2B1PPPB/7P/3R3K b - - 12 34	cp -315	cp -348	range
rn1qk2r/pp2ppbp/8/3p1Q2/3p4/1P2P2P/P1P2PP1/RN2KB1R w KQkq - 0 10	cp -10	cp -20	yes
3r1rk1/5q2/p4ppb/1p6/1Pp5/Pn1P1N1P/2Q2PB1/1R2R1K1 w - - 0 27	cp 40	cp -5	yes
2kr3r/ppq2pQp/2nB1P2/8/2p5/2Pp1B1P/PP4P1/RN3R1K b - - 0 17	cp -459	cp -448	range
5rk1/1b1r1pb1/1qpp2pp/8/2Q1PB1P/P1NR4/2P3P1/3R2K1 w - - 1 31	cp -81	cp -69	yes
r1bb1rk1/pp3p1p/4pp2/1BPp4/3N4/4Pn2/Pq3PPP/R2Q1RK1 w - - 0 15	cp 112	cp 91	yes
1rq1r2b/1p2kp1Q/p2P3p/P3n2N/1P6/2B3R1/6B1/3R2K1 b - - 0 39	cp -863	cp -908	range
1r4k1/R1pqbpp1/5n2/3P3p/1n6/2Nb2P1/1P3PBP/2BQ1RK1 w - - 1 20	cp 229	cp 230	yes
r1b2q1k/pp6/2nbp1Q1/3p1r2/3P4/P1N1PN2/1P3PPP/1K1R3R w - - 1 21	cp 75	cp 96	yes
r2q1rk1/pp1bbp1p/5p2/8/Qn1P4/4P1N1/PP1B2PP/R3KB1R w KQ - 2 15	cp 32	cp 77	yes
r1bq1rk1/ppp2p1p/2n1p3/3p4/2PPn1p1/PQ1BP3/1P1N1PPP/R1B1K2R b KQ - 1 11	cp -52	cp -82	yes
r1b1r1k1/1pq4p/p2p1np1/2p1n3/P1P1P1P1/4B2P/1PQ1N1B1/1K1R1R2 b - - 1 22	cp -210	cp -185	yes
2r2rk1/pp4bp/nqppb3/8/2PP1pp1/2NBP3/PP1B2PP/RQ3RK1 w - - 0 19	cp 73	cp 72	yes
rn1q1rk1/p3bppp/bp2p3/4N3/3Pn3/1Q4P1/PP1B1PBP/R3K2R w KQ - 0 13	cp -110	cp -128	yes
r3kb1r/pp3ppp/1qB3b1/2n5/8/1Q2PNN1/PP1B2PP/2R2RK1 b kq - 0 16	cp -85	cp -103	yes
r2q1rk1/1b1n1ppp/p3pn2/2p5/PpN1Pb2/3P1NP1/1PQ2PBP/R4RK1 w - - 0 15	cp -106	cp -59	yes
r2qr1k1/ppp2ppp/2nN1n2/3p4/3P2b1/3BP3/PP1BNPPP/R2Q1RK1 b - - 0 11	cp -17	cp -57	yes
r1bq1rk1/pp2bppp/n4n2/3p4/3Pp3/1QN1PP2/PP1BN1PP/R3KB1R w KQ - 1 10	cp -110	cp -44	yes
r3kb1r/pp3ppp/1qn2nb1/1B6/8/1Q2PNN1/PP1B2PP/2R1K2R b Kkq - 4 14	cp -70	cp 27	yes
r2qk2r/pp1nbppn/2p1p2p/3pPb2/3P4/5NPP/PPPN1PB1/R1BQR1K1 w kq - 1 11	cp 71	cp 37	yes
r3r1k1/3n1ppp/pqb2n2/2b1p3/2P1P3/1P3N1P/1BB1Q1P1/1N1R1R1K b - - 0 24	cp 24	cp 105	yes
8/4k2P/8/5p2/6p1/P7/6PK/8 b - - 0 55	cp -784	cp -943	range
8/8/8/5pk1/8/6K1/8/8 b - - 3 82	cp 183	cp 236	yes
8/7p/8/6pk/4Kp2/8/6P1/8 b - - 1 48	cp 330	cp 388	range
8/8/8/5k2/8/5K1p/8/8 b - - 1 79	cp 0	cp 0	yes
8/8/1PK5/2N5/4k3/8/8/8 b - - 2 77	cp -1300	cp -1377	range
8/8/Pk6/8/8/3pp3/4n3/5K2 b - - 1 55	cp 814	cp 1317	range
8/1k6/pP6/3Kn3/8/8/8/8 b - - 7 94	cp 381	cp 455	range
8/4K3/8/2P5/8/2k2b2/8/8 w - - 7 161	cp -214	cp 0	yes
8/2K4p/2B5/5p2/1n3k2/4p3/8/8 b - - 1 56	cp 1176	cp 1286	range
8/8/8/8/4k1K1/8/8/5r2 b - - 12 88	cp 671	cp 697	range
8/7p/4k2P/5p2/3K2n1/8/3B4/8 b - - 13 65	cp 105	cp 102	yes
8/8/8/8/4B3/1n2k1K1/8/8 b - - 11 73	cp 25	cp 0	yes
8/8/8/kpB5/5R1p/4P2K/6PP/8 b - - 3 60	cp -1447	cp -1411	range
8/8/6k1/3K3N/8/8/8/4r3 w - - 31 96	cp -250	cp -245	yes
8/1k4R1/4p3/P2p1n2/1P6/8/1K6/8 b - - 0 44	cp 193	cp 172	yes
8/8/2p2p2/2P1pP2/2b1P3/4K1k1/p7/3R4 w - - 47 138	cp -51	cp -45	yes
8/2p3k1/p7/1p2Nn2/4p3/P7/1P3K2/4R3 b - - 3 52	cp -345	cp -420	range
8/3R2k1/8/5p1p/3K2p1/4P1r1/8/8 b - - 1 70	cp 352	cp 397	range
8/1ppk1p2/7p/r2PR1p1/2PK2P1/8/7P/8 w - - 0 44	cp -65	cp -116	yes
8/1N2k1p1/4p2p/3pP2P/b2P2P1/2bN4/4K3/8 w - - 6 55	cp -16	cp 0	yes
4r3/5pp1/p5k1/PpB4p/8/1P2P3/5KPP/3R4 b - - 1 38	cp -375	cp -412	range
8/6p1/5k2/4p3/3q4/4KB2/8/8 w - - 4 85	cp -957	cp -1018	range
4R3/8/8/4k3/5p2/1K2p3/P4r2/3n4 b - - 1 47	cp 605	cp 659	range
4R3/4K3/8/3k4/4p3/4Br2/5P2/8 b - - 17 112	cp -418	cp -478	range
8/pp3p1p/5k2/8/8/2K4P/P2R1Pq1/8 w - - 4 30	cp -594	cp -645	range
6k1/5p2/3p2pp/4b3/4P1PP/4R3/4K1Nr/8 w - - 6 42	cp -218	cp -237	yes
8/5b2/2p2p2/2P1pP2/4P3/3B2k1/pr1K4/4R3 w - - 38 99	cp -313	cp -295	range
8/8/8/4q3/8/1R6/3k4/1K6 w - - 76 99	cp -431	cp -448	range
6k1/p4ppp/bpr1p3/4n3/P7/4B1P1/4KP1P/R7 w - - 1 26	cp -695	cp -709	range
3Q2k1/4K1n1/6r1/5p1p/8/4PP2/8/8 b - - 2 65	cp -240	cp -188	yes
6n1/8/1p1R2Br/1P2p3/1k3p1p/5P1P/1BP2P2/7K b - - 0 37	cp -377	cp -296	range
8/3r4/8/5RN1/3b4/6k1/K2n4/8 w - - 19 71	cp -407	cp -475	range
8/1p3p1k/4qp2/p1P5/8/6PK/PP6/1R5R w - - 2 34	cp -8	cp -47	yes
8/5Q2/8/1p6/2p5/1k4P1/3q1PK1/8 b - - 24 102	cp 161	cp 157	yes
3B4/pb4kp/4B1p1/8/1P6/P1n1R3/6rP/5K2 b - - 1 55	cp 39	cp 102	yes
6k1/1p1n1p2/1p1B2b1/2pP4/2P2R1P/N3K3/8/3r4 w - - 14 34	cp -59	cp -55	yes
2r3k1/p4ppp/bpB1p3/8/2n5/4B1P1/P3KP1P/b6R w - - 0 24	cp -634	cp -666	range
5r1k/4RB2/6p1/p6p/7r/1P6/2PR2K1/8 b - - 7 37	cp -297	cp -319	range
r5k1/1b1P3P/p3p3/5p2/5P2/BP1N4/P2r4/2R3K1 b - - 0 37	cp 45	cp 90	yes
5k2/1p6/2n2B2/p1P5/P5Q1/1b2PPK1/3r3P/8 b - - 4 47	cp -526	cp -573	range
8/5bk1/5p2/4pP2/3qP3/7P/4Q1P1/b6K w - - 0 57	cp -500	cp -515	range
2qR4/2P1k1p1/4p3/4b1p1/8/7P/p4RB1/7K w - - 4 51	cp 109	cp -39	yes
4rrk1/pp6/4P2p/2pR4/2n2p2/2P5/P3NPPP/2K4R b - - 2 22	cp 78	cp 23	yes
8/1p3pkp/5b2/2B3p1/p5P1/2P4P/PP1rrP2/1RR3K1 w - - 3 30	cp -55	cp -98	yes
3r4/2R5/5p2/4p3/4Pk2/1p4NK/1P6/1q4r1 w - - 0 58	cp -1229	cp -1759	range
3k4/1p5R/1pp5/3n4/2Nr4/P1br4/2R3KP/8 w - - 0 53	cp -514	cp -728	range
5rk1/2n2n1p/3r1p2/1pp1p1pP/4P3/2PP2P1/1P6/3RRBK1 b - - 1 32	cp 287	cp 302	range
2b1r1k1/5pp1/p1p5/1pb1pPP1/1PPrP3/P2B1R1P/4K3/2R5 w - - 0 45	cp 70	cp 72	yes
3r4/2R5/5pk1/4p1p1/4P3/1p2B1N1/1P3PK1/1q1r4 w - - 2 55	cp -1273	cp -1410	range
r3r1k1/pR5p/2p2b2/7p/4BP2/2N4P/P1K1n3/7R w - - 2 30	cp 9	cp 2	yes
1r2k2r/4npp1/1P3n2/p1Bp4/4pP2/2P3P1/P3B3/1R2R1K1 b - - 2 30	cp -136	cp -121	yes
3r2rk/1p2bp2/p1bppp1p/5P1P/PP2P3/2NBR3/2P3P1/1K1R4 w - - 1 22	cp 52	cp 38	yes
4k1n1/1NpN2r1/p1r2b2/1pBRp2p/4p1P1/P5P1/1P6/3R2K1 b - - 3 39	cp -180	cp -224	yes
6k1/3Q1p2/3b2p1/7p/3p4/Pq1P2P1/1P2rP1P/5RK1 w - - 0 33	cp 48	cp 49	yes
1q6/p2r1pk1/2R3pp/4p2P/6P1/2Q2B2/5PK1/8 b - - 0 40	cp -258	cp -249	yes
7k/1Q5q/3bp1p1/P7/8/6rP/7K/R7 w - - 0 49	cp -362	cp -461	range
5rkr/5pp1/p2PR2p/Pp6/1Q6/1P1nP3/6PP/4BRK1 b - - 0 31	cp -260	cp -278	yes
6k1/1p4p1/p1p1p1p1/4P3/P6q/5r2/R7/Q4KR1 w - - 2 45	cp -632	mate -4	mate
8/1r3kp1/1p2p3/p2bPp1p/P2P1P2/2R1B3/1Q4PK/4q3 w - - 8 52	cp -181	cp -162	yes
3r2k1/1p6/p3prpQ/P2P3n/2P1P3/3p1NR1/1P6/R5K1 w - - 0 35	cp 1496	cp 1576	range
r4rk1/p1pq1pb1/1p4p1/4p3/4P2p/2NPB1P1/PP3P1P/3RR1K1 w - - 0 21	cp -888	cp -905	range
4r1k1/3b1p2/2BB3p/2R2qp1/p7/P5QP/6PK/8 b - - 3 37	cp -377	cp -268	range
3r2k1/5ppp/4p3/4P3/5P2/4P3/1Qqr2PP/2B2RK1 w - - 6 30	cp -205	cp -260	yes
7k/p1p3b1/1p5p/4n3/1P2Q3/P3NR2/3r1PK1/q7 w - - 5 37	cp -526	cp -458	range
r4k1r/1p3p1p/p3p2Q/q2p1p2/8/1P1B3P/P2N1PP1/R5K1 b - - 1 18	cp -163	cp -127	yes
5rk1/Qb1q4/1R2pp1p/1p1p2pB/2pP4/2P1PP1P/1P1n2PB/6K1 b - - 5 27	cp -95	cp -143	yes
5rk1/1p2bpp1/2q2n1p/p1p2P2/P1B5/1Q3PB1/1PP4P/1K1R4 b - - 1 23	cp -37	cp -40	yes
8/5k2/1r3nR1/p1PpRB1p/5q2/5P2/1PQ3K1/8 b - - 0 43	cp -681	cp -655	range
3r2k1/pp4bp/8/6p1/3P1P2/7q/PRQ1r3/5RK1 w - - 0 33	cp -486	cp -493	range
2r3k1/1p5p/p3pp1P/3bb1p1/2q3Q1/P3B3/1PPR1RP1/1K6 w - - 3 38	cp 28	cp -15	yes
4r1k1/2r2p1n/p2p4/3P2pp/q1pBP3/P4BPP/1P3P1K/2Q1R3 b - - 3 30	cp -127	cp -124	yes
4r3/6pk/r6p/2p1P3/2R5/p3q2P/2Q3B1/1R5K b - - 0 40	cp -114	cp -60	yes
2r3k1/pp3pbp/6q1/8/2r5/2N1Q2P/PK3PP1/R2R4 w - - 4 24	cp -504	cp -489	range
3r2k1/1pr1qp2/p2b4/3Rp3/P2pP3/1Q1P1BP1/1P4K1/4R3 b - - 2 40	cp 103	cp 65	yes
r3r1k1/pp3pp1/2p1b1p1/q1P5/8/5N1P/PPQ2PP1/R4RK1 w - - 1 19	cp -60	cp -71	yes
4r1k1/6p1/r6p/q1p5/p1n1P3/6PP/Q5B1/1R1R2K1 b - - 1 35	cp 19	cp -117	yes
r2q1k1r/1p2pp1p/p7/3p1p2/3b4/1P1B1Q1P/P2N1PP1/R4RK1 b - - 1 15	cp -147	cp -98	yes
2r1r1k1/2q2pp1/1p2n2p/p2Q4/7P/P3B3/1PNRPP2/4R1K1 b - - 0 24	cp 14	cp 66	yes
r2qk2r/2p2ppp/p1nN4/1pp1p3/4P3/3PBQ1P/PPP2PP1/R4RK1 b kq - 0 12	cp -101	cp -85	yes
r2q2k1/1p3r1p/2n1B1pQ/p1Pb4/P3N3/2B1PPP1/7P/3R3K b - - 14 35	cp -342	cp -397	range
rn1q1rk1/pp2ppbp/8/3p4/3p2Q1/1P2P2P/P1P2PP1/RN2KB1R w KQ - 2 11	cp -46	cp -11	yes
3r1rk1/5q2/p4ppb/1p6/1PP5/P4N1P/2Qn1PB1/1R2R1K1 w - - 1 28	cp 15	cp -17	yes
r1bq1rk1/pp4pp/4n3/2PpN3/4p3/2P1P2P/P1Q2PPB/R4RK1 b - - 0 18	cp -27	cp -56	yes
5rk1/1b1r1pb1/2pp2pp/q7/2Q1P2P/P1NRB3/2P3P1/3R2K1 w - - 3 32	cp -62	cp -54	yes
r1b1k2r/pp3p1p/2n1pp2/2Np4/8/2qBPN2/P1P2PPP/R2Q1RK1 b kq - 0 11	cp -65	cp -38	yes
1rqkr2b/1p1P1p1Q/p6p/P3n2N/1P6/2B3R1/6B1/3R2K1 b - - 0 40	cp -847	cp -1017	range
1r4k1/R1pq1pp1/3b1n2/3P3p/1n3B2/2Nb2P1/1P3PBP/3Q1RK1 w - - 3 21	cp 288	cp 199	range
r1b2q1k/pp6/2nbprQ1/3p4/3PP3/P1N2N2/1P3PPP/1K1R3R w - - 1 22	cp 76	cp 62	yes
2rq1rk1/pp1bbp1p/5p2/8/1n1P4/4P1N1/PP1B2PP/R2QKB1R w KQ - 4 16	cp 11	cp 31	yes
r1bq1rk1/ppp4p/2n1p3/3p1p2/2PPn1p1/PQ1BP3/1P1N1PPP/R1B2RK1 b - - 1 12	cp -80	cp -76	yes
r1b1r1k1/1pqn3p/p2p2p1/2p1n3/P1P1P1P1/1P2B2P/2Q1N1B1/1K1R1R2 b - - 0 23	cp -157	cp -160	yes
2r2rk1/ppq3bp/n1ppb3/8/N1PP1pp1/3BP3/PP1B2PP/RQ3RK1 w - - 2 20	cp 99	cp 41	yes
3r1rk1/pp3pbp/1qn3p1/5b2/5N2/3PpNP1/PPQB2BP/R2R2K1 w - - 0 18	cp -164	cp -194	yes
r4r1k/2qn2pp/2b3n1/pp2N2N/4P3/1Q4P1/1BB2P2/3R1RK1 b - - 0 28	cp -27	cp 85	yes
1r3rk1/pppq1ppp/2n1bn2/4N3/4P3/P5P1/1PQN1PBP/R1B2RK1 b - - 0 15	cp 41	cp 3	yes
r1bqr1k1/ppp2ppp/2nb4/3n4/3P4/1Q1BP3/PP1BNPPP/R3K2R w KQ - 0 11	cp -36	cp -66	yes
r1bq1rk1/pp2bppp/n4n2/8/3Pp3/1QN1P3/PP1BN1PP/R3KB1R w KQ - 0 11	cp -65	cp -54	yes
r3kb1r/pp1n1ppp/1qn3b1/1B6/8/1Q2PNN1/PP1B2PP/2R2RK1 b kq - 6 15	cp -112	cp -73	yes
r2qk2r/pp1nbpp1/2p1p2p/3pPbn1/3P4/5NPP/PPP2PB1/R1BQRNK1 w kq - 3 12	cp 1	cp -16	yes
r3r1k1/3n1ppp/1qb2n2/p1b1p3/2P1P3/1PB2N1P/2B1Q1P1/1N1R1R1K b - - 1 25	cp 87	cp 60	yes
# surviving 180, dropped mate 3, dropped |v'| > 282: 117
# a 0.9387  b 0.48  sigma 47.94  r 0.9209
# margin seed round(t * sigma) at t = 1.0: 48
# FEWER THAN 200 SURVIVING POSITIONS: a finding, not a seed
FIT-DONE
