# depth 11, engine build-tune/src/chesso, margin 94, 3 samples of 100
sample	row	gate	cap	base	divisor	nodes	rel	moves_changed
0	off	0	0	3	6	10086814	1.0000	0
0	seeds	0	8	3	6	9406291	0.9325	13
0	grid	0	8	1	3	10007917	0.9922	25
0	grid	0	8	1	4	10914108	1.0820	21
0	grid	0	8	1	5	11403540	1.1305	21
0	grid	0	8	1	6	12011555	1.1908	24
0	grid	0	8	1	7	12250904	1.2145	22
0	grid	0	8	1	8	12448107	1.2341	19
0	grid	0	8	2	3	9603601	0.9521	14
0	grid	0	8	2	4	9794799	0.9710	15
0	grid	0	8	2	5	9559580	0.9477	14
0	grid	0	8	2	6	10196262	1.0109	23
0	grid	0	8	2	7	10215339	1.0127	17
0	grid	0	8	2	8	10675738	1.0584	17
0	grid	0	8	3	3	10155908	1.0068	26
0	grid	0	8	3	4	9412014	0.9331	22
0	grid	0	8	3	5	9504442	0.9423	12
0	grid	0	8	3	6	9406291	0.9325	13
0	grid	0	8	3	7	9579048	0.9497	16
0	grid	0	8	3	8	9794799	0.9710	15
0	grid	0	8	4	3	10198899	1.0111	18
0	grid	0	8	4	4	10209679	1.0122	19
0	grid	0	8	4	5	10346852	1.0258	24
0	grid	0	8	4	6	10243772	1.0156	25
0	grid	0	8	4	7	10178984	1.0091	20
0	grid	0	8	4	8	9412014	0.9331	22
1	off	0	0	3	6	8916967	1.0000	0
1	seeds	0	8	3	6	8284181	0.9290	17
1	grid	0	8	1	3	8374022	0.9391	30
1	grid	0	8	1	4	9721281	1.0902	24
1	grid	0	8	1	5	9208203	1.0327	24
1	grid	0	8	1	6	10382719	1.1644	29
1	grid	0	8	1	7	10843119	1.2160	26
1	grid	0	8	1	8	11220149	1.2583	25
1	grid	0	8	2	3	8475761	0.9505	22
1	grid	0	8	2	4	8230339	0.9230	20
1	grid	0	8	2	5	8504811	0.9538	22
1	grid	0	8	2	6	8715971	0.9775	27
1	grid	0	8	2	7	9767929	1.0954	25
1	grid	0	8	2	8	8838605	0.9912	25
1	grid	0	8	3	3	8516914	0.9551	29
1	grid	0	8	3	4	8776193	0.9842	20
1	grid	0	8	3	5	8415124	0.9437	19
1	grid	0	8	3	6	8284181	0.9290	17
1	grid	0	8	3	7	8721414	0.9781	23
1	grid	0	8	3	8	8230339	0.9230	20
1	grid	0	8	4	3	9244604	1.0367	19
1	grid	0	8	4	4	8691754	0.9747	26
1	grid	0	8	4	5	8564866	0.9605	26
1	grid	0	8	4	6	8959589	1.0048	26
1	grid	0	8	4	7	8827275	0.9899	23
1	grid	0	8	4	8	8776193	0.9842	20
2	off	0	0	3	6	8920757	1.0000	0
2	seeds	0	8	3	6	8882299	0.9957	23
2	grid	0	8	1	3	10096488	1.1318	24
2	grid	0	8	1	4	9932908	1.1135	25
2	grid	0	8	1	5	10828482	1.2139	17
2	grid	0	8	1	6	10720451	1.2017	24
2	grid	0	8	1	7	11241733	1.2602	26
2	grid	0	8	1	8	11172339	1.2524	19
2	grid	0	8	2	3	8428445	0.9448	22
2	grid	0	8	2	4	8729475	0.9786	18
2	grid	0	8	2	5	9616934	1.0780	26
2	grid	0	8	2	6	9185420	1.0297	17
2	grid	0	8	2	7	9710125	1.0885	21
2	grid	0	8	2	8	9760125	1.0941	22
2	grid	0	8	3	3	9484097	1.0631	16
2	grid	0	8	3	4	8605380	0.9646	26
2	grid	0	8	3	5	8432036	0.9452	24
2	grid	0	8	3	6	8882299	0.9957	23
2	grid	0	8	3	7	9295304	1.0420	19
2	grid	0	8	3	8	8729475	0.9786	18
2	grid	0	8	4	3	9469650	1.0615	22
2	grid	0	8	4	4	9435838	1.0577	19
2	grid	0	8	4	5	9099208	1.0200	20
2	grid	0	8	4	6	8990564	1.0078	21
2	grid	0	8	4	7	9257288	1.0377	29
2	grid	0	8	4	8	8605380	0.9646	26
SWEEP-DONE
