# rows pull, depth 11, engine /home/max/ws/chesso-s115b/.ref-builds/bin/cand_tune, offsets (0, 37, 71), triple from src/search_params.hpp: AspirationMinDepth 2, AspirationDelta 21, AspirationMaxDelta 437
sample	row	pull	reduce	widen	min_depth	delta	max_delta	nodes	rel	moves_changed
0	off	0	-	200	2	21	437	9984227	1.0000	0
0	pull	2	-	200	2	21	437	10127599	1.0144	8
0	pull150	2	-	150	2	21	437	10229266	1.0245	12
0	pull300	2	-	300	2	21	437	9889482	0.9905	13
37	off	0	-	200	2	21	437	9830655	1.0000	0
37	pull	2	-	200	2	21	437	10253274	1.0430	15
37	pull150	2	-	150	2	21	437	9854489	1.0024	19
37	pull300	2	-	300	2	21	437	10414892	1.0594	16
71	off	0	-	200	2	21	437	20299878	1.0000	0
71	pull	2	-	200	2	21	437	20511552	1.0104	10
71	pull150	2	-	150	2	21	437	20015082	0.9860	17
71	pull300	2	-	300	2	21	437	20653249	1.0174	16
# pooled over 300 positions
pooled	row	nodes	rel	moves_changed	per_sample_rel
pooled	off	40114760	1.0000	0	1.0000 1.0000 1.0000
pooled	pull	40892425	1.0194	33	1.0144 1.0430 1.0104
pooled	pull150	40098837	0.9996	48	1.0245 1.0024 0.9860
pooled	pull300	40957623	1.0210	45	0.9905 1.0594 1.0174
# reach: the pull at its seed moves the pooled count by +1.94 % and changes 33 of 300 best moves
# reading: no ratio leads 200 on every sample: AspirationWidenPct stays 200
SWEEP-DONE
