# depth 11, engine .ref-builds/sweep/chesso_tune, offsets (0, 37, 71), triple from src/search_params.hpp: AspirationMinDepth 2, AspirationDelta 21, AspirationMaxDelta 437
sample	row	pull	reduce	widen	min_depth	delta	max_delta	nodes	rel	moves_changed
0	off	0	0	200	2	21	437	9807857	1.0000	0
0	pull	2	0	200	2	21	437	10069364	1.0267	9
0	reduce	0	1	200	2	21	437	9063843	0.9241	18
0	both	2	1	200	2	21	437	9079094	0.9257	13
0	both150	2	1	150	2	21	437	9492106	0.9678	17
0	both300	2	1	300	2	21	437	9109902	0.9288	16
37	off	0	0	200	2	21	437	10279061	1.0000	0
37	pull	2	0	200	2	21	437	10639140	1.0350	20
37	reduce	0	1	200	2	21	437	8792778	0.8554	24
37	both	2	1	200	2	21	437	9041137	0.8796	32
37	both150	2	1	150	2	21	437	8771236	0.8533	32
37	both300	2	1	300	2	21	437	8995746	0.8752	28
71	off	0	0	200	2	21	437	20617106	1.0000	0
71	pull	2	0	200	2	21	437	21013047	1.0192	15
71	reduce	0	1	200	2	21	437	19529062	0.9472	20
71	both	2	1	200	2	21	437	19299274	0.9361	27
71	both150	2	1	150	2	21	437	19464629	0.9441	26
71	both300	2	1	300	2	21	437	19637558	0.9525	25
# pooled over 300 positions
pooled	row	nodes	rel	moves_changed	per_sample_rel
pooled	off	40704024	1.0000	0	1.0000 1.0000 1.0000
pooled	pull	41721551	1.0250	44	1.0267 1.0350 1.0192
pooled	reduce	37385683	0.9185	62	0.9241 0.8554 0.9472
pooled	both	37419505	0.9193	72	0.9257 0.8796 0.9361
pooled	both150	37727971	0.9269	75	0.9678 0.8533 0.9441
pooled	both300	37743206	0.9273	69	0.9288 0.8752 0.9525
# reading: pull moves the pooled count by +2.50 % and changes 44 of 300 best moves -> NOT inert apart
# reading: reduce moves the pooled count by -8.15 % and changes 62 of 300 best moves -> NOT inert apart
# reading: not both inert apart: two SPRTs, the reduction first
# reading: no ratio leads 200 on every sample: AspirationWidenPct stays 200
SWEEP-DONE
