fen	depth	best	total_nodes	root_nodes	best_nodes	share_pct
8/7p/2K5/5p2/5k2/4p3/8/8 b - - 0 57	12	e3e2	28859	28835	27969	97
8/8/8/4kP2/8/8/5K2/8 w - - 1 127	12	f5f6	1233	1221	598	49
8/6pp/8/6kP/5p2/8/4K1P1/8 b - - 4 46	12	g5h5	33954	33935	27826	82
8/8/8/4k3/7p/5K2/8/8 b - - 7 77	12	e5f5	8014	7994	6235	78
8/8/2K1k3/1P6/8/3N4/8/8 b - - 1 75	12	e6e7	50679	50649	6584	13
8/k7/P7/1P6/5n2/3pp3/8/4K3 b - - 1 53	12	f4g2	23697	23667	21063	89
2k5/8/pPn5/8/2K5/8/8/8 b - - 3 92	12	c8b7	19741	19721	17157	87
8/2K5/8/2P5/2b5/2k5/8/8 w - - 3 159	12	c7d6	16001	15975	14856	93
B7/2K4p/8/5p2/5k2/1P2p3/8/4n3 b - - 0 54	12	e3e2	68070	68035	65993	97
8/8/4k3/8/6K1/8/8/5r2 b - - 8 86	12	e6e5	35476	35463	22341	63
8/7p/4k1nP/5pB1/3K4/8/8/8 b - - 9 63	12	g6e5	43748	43731	24052	55
8/8/8/8/n7/3Bk3/6K1/8 b - - 7 71	12	a4c3	24590	24575	9338	38
5R2/B7/8/1p6/1P5p/2k1P2K/6PP/8 b - - 0 58	12	c3b4	42600	42578	40023	94
8/6N1/8/6k1/3K4/8/8/4r3 w - - 27 94	12	d4d5	42108	42096	39149	93
8/5p2/1B2p3/8/8/3K1k2/6p1/5r2 w - - 0 68	12	d3c4	122535	122517	15927	13
8/5b2/2p2p2/2P1pP2/4P1k1/8/p4K2/7R w - - 43 136	12	f2e3	52606	52582	41539	79
8/2p3k1/p7/1p2N2n/4p3/P5P1/1P6/3R2K1 b - - 0 50	12	h5g3	102715	102691	48264	47
7R/5k2/8/5p1p/3K2p1/4P1Pr/8/8 b - - 8 68	12	f7g7	115417	115397	107319	93
8/1ppk1p2/7p/P2P2p1/2P1R1P1/4K3/7P/2r5 w - - 2 42	12	e3d4	88226	88209	38811	44
4b3/1N2k1p1/4p2p/3pP2P/3P2P1/8/1N1b1K2/8 w - - 2 53	12	b2d3	59260	59243	46801	79
4r3/5ppk/p6p/PpB5/8/1P2P3/6PP/5RK1 b - - 1 36	12	h7g6	118793	118775	61763	52
8/6p1/5k2/2q1p3/8/5B2/8/5K2 w - - 0 83	12	f1e2	174841	174821	75173	43
5R2/8/8/4k3/4pp2/2K5/Pn3r2/8 b - - 7 45	12	b2a4	138280	138260	92634	67
4R3/8/8/3k2K1/4p3/4Br2/5P2/8 b - - 13 110	12	f3h3	86437	86419	38024	44
6k1/pp3p1p/8/8/8/2K4P/P4Pq1/3R4 w - - 0 28	12	d1d3	424940	424920	101980	24
6k1/5p2/3p2pp/4b3/4PNPP/4RK2/8/r7 w - - 2 40	12	f4g2	87644	87630	43815	50
1r6/5b2/2p2p2/2P1pP2/4P3/2KB2k1/p7/R7 w - - 34 97	12	a1g1	111051	111029	16654	15
8/8/8/8/q7/2R5/1K1k4/8 w - - 72 97	12	c3b3	76422	76401	32852	43
8/8/5p2/4p2N/4P3/1p1q1k1K/1P6/6r1 w - - 0 61	12	h5g3	593506	593484	587549	99
8/4K1nk/1r6/5p1p/3Q4/4P3/5P2/8 b - - 4 63	12	b6g6	91456	91434	47545	52
2k3r1/2N5/2n5/pp3p2/4pp2/B1P4p/PP2KP2/3R4 b - - 1 32	12	f4f3	74995	74978	32240	43
8/3r1N2/8/7R/8/4bnk1/K7/8 w - - 15 69	12	h5f5	104634	104619	59632	57
6k1/pp3p1p/6q1/8/8/2r4P/PK3PP1/3R4 w - - 0 27	12	b2c3	304583	304564	261925	86
8/4Q3/8/1p6/1kp5/6P1/3q1PK1/8 b - - 20 100	12	b4b3	130851	130826	65413	50
3B3k/pb5p/4B1p1/8/1P6/P1n1p3/5rPP/4R1K1 b - - 0 53	12	f2g2	164676	164649	19757	12
6k1/1p1n1p2/1p1B4/2pP4/2P2R1P/N7/4b1K1/3r4 w - - 10 32	12	g2f2	220359	220342	59492	27
3rR2r/3P1ppk/p6p/Pp6/1B6/1P2P3/6PP/5RK1 b - - 0 34	12	d8d7	80044	80026	37612	47
5r1k/4RB2/6p1/p5rp/8/1P6/2P2R1K/8 b - - 3 35	12	g5g4	124912	124895	74937	60
r5k1/3P3p/p3p1P1/3b1p2/5P2/BP1N4/P2r4/2R2K2 b - - 4 35	12	d5g2	139465	139435	50196	36
5k2/1p1r4/2n2B2/p1P5/P5Q1/1b2PP2/7P/5K2 b - - 0 45	12	f8e8	267705	267686	176672	66
5rkr/3P1pp1/p3R2p/Pp6/1n6/1P2P3/6PP/4BRK1 b - - 0 32	12	f8d8	66612	66588	37955	57
2q3k1/2P3p1/4p3/4b1p1/8/7P/p1R3B1/3R3K w - - 0 49	12	d1d8	64698	64664	18752	29
r4rk1/pp6/3pP2p/2p1n3/5p2/2P5/P3NPPP/2KR3R b - - 0 20	12	a8e8	52541	52521	24684	47
8/r4k2/p2r1np1/1p1N1p1p/1PpR3P/4P1P1/1P3PK1/3R4 b - - 0 63	12	f6d5	66151	66135	27776	42
7k/1p3p1B/5p2/p1r5/3P4/6PK/PP2q3/R6R w - - 0 32	12	d4c5	96984	96966	56240	58
3k4/1p5R/1pp5/3n4/2NP1rK1/P1b5/2R4P/3r4 w - - 15 51	12	g4h3	174128	174104	81828	47
1r5r/1bN2kPP/3p1b2/2pP1P2/1pP5/pP4R1/P5K1/4R3 w - - 3 54	12	g7h8q	114406	114390	50331	44
5q1k/pp1b4/3p1p1p/P1pP1P2/2P3P1/4Q3/7P/4R1K1 w - - 5 32	12	e3e7	20182	20164	9275	46
8/pp3k1p/5p2/3Bp3/3n2rP/1P4q1/2P5/2R3RK b - - 1 34	12	f7e7	114274	114256	66268	58
5rk1/p2R4/1p2P3/1qp1Q3/8/5PP1/1P4KP/8 b - - 6 43	12	b5d7	55933	55907	45843	82
r3k2r/5pp1/2n2n2/pPBp4/4pP2/2P3P1/P3B3/3RR1K1 b - - 0 28	12	c6e7	144582	144559	56378	39
3r1rk1/1p2bp2/p1bppp1p/5P1P/4P3/2NBR3/PPP3P1/1K1R4 w - - 0 20	12	e3g3	432727	432711	17308	4
4kNn1/1Np3r1/p1r5/1pB1ppbp/4P1P1/P2R2P1/1P6/3R2K1 b - - 0 37	12	f5e4	181420	181396	90698	50
4kb1r/pp3ppp/4p3/1N6/P1K1b3/8/1P4PP/R1Br1B1R b k - 0 16	12	f8e7	176574	176558	98872	56
1q4k1/p2r1p2/2R1p1pp/8/6PP/4QB2/5PK1/8 b - - 2 38	12	g8h7	198817	198798	125242	63
3rn1k1/p3b1pp/4b3/1R2P3/4N1P1/4KB1P/3r4/7R w - - 0 34	12	e4d2	80705	80687	55674	69
2r3k1/pp3p1p/6q1/8/8/2r1Q2P/PK3PP1/3R4 w - - 0 26	12	e3c3	313481	313462	216288	69
6k1/7p/1p4p1/2pPb3/p1Pr2P1/P1R1p3/1P2Q1KP/3qB3 w - - 4 36	12	c3e3	72147	72131	41835	58
8/4rkp1/1p2p3/p2bPp1p/P2P1P2/2R1B3/1Q4PK/5q2 w - - 4 50	12	c3c1	185623	185606	35265	19
7q/5b1k/p2p1n2/P1pP1PQ1/2P5/7P/7K/R6R w - - 3 42	12	h1g1	147277	147250	70680	48
2r4k/1p3p1B/5p2/p1Q5/3P4/6P1/PP2q1K1/R6R w - - 1 31	12	g2g1	29756	29734	10406	35
2b1r1k1/5p2/3B3p/p1RB1qp1/8/P5QP/6P1/6K1 b - - 4 35	12	a5a4	443381	443361	57636	13
5rk1/1Q3ppp/4p3/3rP3/5P2/4P3/2q2KPP/2B2R2 w - - 2 28	12	f2g3	275185	275159	211872	77
7k/p1p3b1/1p3qnp/8/1P2Q3/P3N2R/3r1P2/5K2 w - - 1 35	12	h3f3	150685	150662	85877	57
r2q1k1r/1p2pp1p/p7/3p1p2/8/1P1B1Q1P/P2N1PP1/R5K1 b - - 0 16	12	e7e6	180319	180303	104575	58
3q1rk1/Q7/R1b1pp1p/1p1pB1pB/2pP4/2P1PP1P/1P1n2P1/6K1 b - - 1 25	12	d8d7	110243	110226	54010	49
r3k2r/3nnpp1/p1Q5/3pp3/7p/2PBB3/PP3PPP/R4RK1 b kq - 0 19	12	e7c6	193185	193169	185442	96
1r6/2p2k2/5nR1/p2p1B1p/3P1q2/5P2/1PQ3K1/4R3 b - - 1 41	12	b8b6	470942	470915	164820	35
2r3k1/pp3p1p/6q1/8/2r5/2b1Q2P/PK3PP1/2RR4 w - - 0 25	12	c1c3	79770	79753	57422	72
4r1k1/1pq4p/p3pp2/3bb1pP/6Q1/P3B3/1PPR2P1/1K3R2 w - - 2 36	12	h5h6	144285	144272	40396	28
2r1r1k1/5p1n/p2p2p1/3P3p/q1pBP3/P5PP/1P2RPBK/2Q5 b - - 4 28	12	g6g5	174938	174916	129437	74
4r1k1/6p1/r6p/2p5/p1R1P3/4q2P/Q5B1/1R5K b - - 2 38	12	g8h7	165540	165515	44689	27
3r2k1/pp3pbp/3q4/8/2r5/2N1Q2P/P1K2PP1/R6R w - - 0 22	12	a1d1	188592	188564	49026	26
3r2k1/1pr2p2/pQ1b3q/3Rp3/3pP3/P2P1BP1/1P4K1/4R3 b - - 10 38	12	g8g7	336616	336595	195225	58
1r2r1k1/2p2pp1/5n1p/8/Qp1NP3/1P1qBPP1/5KBP/4R3 b - - 4 37	12	b8a8	348022	348001	17400	5
4r1k1/6pp/r7/q1p1n3/p1P1P3/Q5PP/6B1/R2R2K1 b - - 5 33	12	a5b4	237254	237233	59308	25
2rr2k1/pp3pbp/3q4/8/2n5/1PN1Q2P/P1K2PP1/R6R w - - 0 21	12	b3c4	258923	258894	178636	69
r1b2rk1/ppp2ppp/1q2p3/4n3/1P1P1Q2/P3P3/5PPP/R1B1K2R w KQ - 0 16	12	f4e5	105956	105933	49788	47
2rrk3/1p3R1p/2qp3Q/1BnP1P2/p2Bp3/P7/1PP4P/2R3K1 b - - 0 31	12	e8f7	1435220	1435196	1018989	71
r4rk1/1p1q3p/2n3pQ/p1Pb4/P3N3/2B1PPP1/6BP/3R3K b - - 10 33	12	f8f7	169654	169625	35621	21
rn1qk2r/pp2ppbp/8/2pp1p2/3P4/1P2PQ1P/P1P2PP1/RN2KB1R w KQkq c6 0 9	12	f1e2	209866	209850	62955	30
3r1rk1/5q2/p4ppb/1pp5/1P6/Pn1P1N1P/2Q2PB1/R3R1K1 w - - 1 26	12	a1b1	168233	168208	67283	40
3r1rk1/pp2bppp/2q5/2p1P1n1/2N5/2P2Q1P/PP4P1/R1B1R1K1 w - - 2 17	12	f3c6	110798	110780	72007	65
5rk1/1bqr1pb1/2pp2pp/8/2Q1Pp1P/P1NR2B1/2P3P1/3R2K1 w - - 0 30	12	g3f4	104303	104287	76129	73
1r2n1kr/1pNq1ppp/p3n3/P7/2BPp3/1Q2P3/1P1B2PP/3R1RK1 b - - 0 21	12	e8c7	128143	128126	108907	85
1r1qr2b/1p2kp1Q/p2p3p/P1P1n2N/1P6/2B3R1/6B1/3R2K1 b - - 0 38	12	d8d7	798957	798919	351524	44
1r4k1/p1pqbpp1/5n2/3P1b1p/1n6/2N3P1/RP3PBP/2BQ1RK1 w - - 0 19	12	a2a5	338413	338391	135356	40
r1b2q1k/pp6/3bp1Q1/3p1r2/1n1P4/2N1PN2/PP3PPP/1K1R3R w - - 5 20	12	f3g5	187552	187530	35630	19
r2q1rk1/pp2bp1p/4bp2/8/1n1P4/1Q2P1N1/PP1B2PP/R3KB1R w KQ - 0 14	12	b3d1	178120	178098	124668	70
r1bq1rk1/ppp2p1p/2n1p3/3p2p1/2PPn3/PQ1BPN2/1P3PPP/R1B1K2R b KQ - 1 10	12	g5g4	320275	320259	128103	40
r1b1r1k1/1pq4p/p1np1np1/2p1P3/P1P1P1P1/4B2P/1PQ1N1B1/1K1R3R b - - 0 21	12	e8e5	156529	156511	101732	65
2r2rk1/pp4bp/nqppb3/5p2/2PP2p1/2NBP3/PP1B2PP/R2Q1RK1 w - - 6 18	12	g1h1	618662	618644	253644	41
1r1q2kr/ppn2ppp/3bNn2/3p4/3Pp3/1QN1PP2/PP1BB1PP/3R1RK1 b - - 0 15	12	c7e6	117815	117797	83635	71
r1br2k1/1p3pbp/1q3np1/p1ppN3/P2N1B2/3P2P1/1PP2PBP/R2QR1K1 b - - 0 14	12	c5d4	245870	245855	223728	91
2rqr1k1/2pb2pp/p7/npbnPp2/3P4/5N2/PPQ2PBP/R1B2RK1 w - - 0 19	12	c2c5	129710	129689	72625	56
r2q1rk1/pp3pbp/2np2p1/2pnp3/2P1P1b1/1P1P1NP1/PB3PBP/R2QK2R w KQ - 0 11	12	c4d5	98772	98757	41477	42
r1bqk2r/pp2bppp/n4n2/3p4/3Pp3/1QN1P3/PP1BNPPP/R3KB1R w KQkq - 2 9	12	a2a3	269138	269114	75351	28
r3kb1r/pp3ppp/2n2nb1/2q5/8/1Q2PNN1/PP1B2PP/2R1KB1R b Kkq - 2 13	12	c5b6	149490	149466	95658	64
r2qk2r/pp1nbppn/2p1p2p/3pP3/3P2b1/5NP1/PPPN1PBP/R1BQR1K1 w kq - 1 10	12	d2b3	478917	478894	215502	45
r3r1k1/3n1ppp/pqbb1n2/4p3/2P1P3/1P3N2/1BB1Q1PP/1N1R1R1K b - - 2 23	12	d6c5	201393	201374	82563	41
8/8/8/3K1p1p/5k2/4p3/8/8 b - - 1 58	12	e3e2	37881	37858	37479	99
8/8/7k/5p2/8/5K2/8/8 b - - 1 81	12	h6g5	16207	16188	7608	47
8/6pp/8/7k/5p2/5K2/6P1/8 b - - 1 47	12	g7g5	17342	17323	12992	75
8/8/8/5k2/7p/4K3/8/8 b - - 9 78	12	f5e5	22599	22576	4063	18
8/8/1PK5/5k2/8/3N4/8/8 b - - 0 76	12	f5e4	58672	58636	51013	87
8/k7/PP6/8/8/3pp3/4n3/4K3 b - - 0 54	12	a7b6	10508	10479	5449	52
8/1k6/pPn5/2K5/8/8/8/8 b - - 5 93	12	c6b8	10626	10604	7316	69
8/3K4/8/2P5/8/2k5/4b3/8 w - - 5 160	12	c5c6	16845	16822	15980	95
B7/2K4p/8/5p2/1P3k2/4p3/2n5/8 b - - 0 55	12	e3e2	79609	79580	77988	98
8/8/8/4k3/8/6K1/8/5r2 b - - 10 87	12	e5e4	33915	33901	18984	56
8/7p/4k2P/4np2/3K1B2/8/8/8 b - - 11 64	12	e5f3	38582	38568	9256	24
8/8/8/2n5/8/3Bk1K1/8/8 b - - 9 72	12	c5b3	14908	14894	9383	63
8/B7/8/1p6/1k3R1p/4P2K/6PP/8 b - - 1 59	12	b4b3	42742	42719	7689	18
8/6N1/5k2/3K4/8/8/8/4r3 w - - 29 95	12	g7h5	39013	38997	35487	91
8/5p2/1B2p3/8/8/2K2k2/5rp1/8 w - - 2 69	12	b6f2	41511	41486	33188	80
8/8/2p2p2/2P1pP2/2b1P1k1/4K3/p7/7R w - - 45 137	12	h1d1	36045	36031	19096	53
8/2p3k1/p7/1p2N3/4p3/P5n1/1P3K2/3R4 b - - 1 51	12	g3f5	41851	41833	23844	57
3R4/6k1/8/5p1p/3K2p1/4P1Pr/8/8 b - - 10 69	12	h3g3	67106	67091	61052	91
8/1ppk1p2/7p/P2P2p1/2PKR1P1/8/7P/r7 w - - 4 43	12	e4e5	94184	94167	60266	64
8/1N2k1p1/4p2p/3pP2P/b2P2P1/3N4/3b1K2/8 w - - 4 54	12	f2e2	31123	31108	15554	50
4r3/5pp1/p5kp/PpB5/8/1P2P3/6PP/3R2K1 b - - 3 37	12	e8e6	117908	117893	33010	28
8/6p1/5k2/4p3/2q5/5B2/4K3/8 w - - 2 84	12	e2e3	136467	136445	19102	14
5R2/8/8/4k3/4pp2/1K6/P4r2/3n4 b - - 9 46	12	f2b2	99588	99570	32858	33
4R3/8/5K2/3k4/4p3/4B2r/5P2/8 b - - 15 111	12	h3f3	71948	71926	49628	69
3R4/pp3pkp/8/8/8/2K4P/P4Pq1/8 w - - 2 29	12	d8d3	333764	333749	140174	42
6k1/5p2/3p2pp/4b3/4P1PP/4RK2/6N1/7r w - - 4 41	12	f3e2	112312	112299	67379	60
8/5b2/2p2p2/2P1pP2/4P3/1rKB2k1/p7/4R3 w - - 36 98	12	c3d2	26244	26227	19932	76
8/8/8/8/3q4/1R6/1K1k4/8 w - - 74 98	12	b2b1	67266	67249	43039	64
6k1/p4ppp/bpr1p3/8/2n5/4B1P1/P3KP1P/R7 w - - 0 25	12	a2a4	299880	299863	83961	28
8/4K1nk/6r1/5p1p/3Q4/4PP2/8/8 b - - 0 64	12	g6c6	87574	87554	39399	45
2k3r1/2N5/2n5/pp3p2/4pp2/B1P5/PP2KP1p/7R b - - 1 33	12	c8c7	74439	74423	29769	40
8/3r1N2/8/5R2/3b4/5nk1/K7/8 w - - 17 70	12	f7h6	229409	229393	68817	30
8/1p3p1k/5p2/p1P5/8/6PK/PP2q3/R6R w - - 0 33	12	b2b3	191724	191703	40257	21
8/Q7/8/1p6/k1p5/6P1/3q1PK1/8 b - - 22 101	12	a4b3	159867	159840	155044	97
3B4/pb4kp/4B1p1/8/1P6/P1n1R3/5rPP/6K1 b - - 0 54	12	f2g2	95364	95341	56251	59
6k1/1p1n1p2/1p1B4/2pP4/2P2R1P/N2b4/5K2/3r4 w - - 12 33	12	f4g4	232624	232605	37216	16
4Q2r/5ppk/p6p/Pp6/1B6/1P2P3/6PP/5RK1 b - - 0 35	12	h8e8	76132	76115	71548	94
5r1k/4RB2/6p1/p6p/6r1/1P6/2PR3K/8 b - - 5 36	12	g6g5	104886	104872	40900	39
r5k1/3P3p/p3p1P1/5p2/5P2/BP1N4/P2r2b1/2R3K1 b - - 6 36	12	g2b7	293892	293867	167504	57
5k2/1p6/2n2B2/p1P5/P5Q1/1b2PP2/5K1P/3r4 b - - 2 46	12	d1d2	247424	247406	66799	27
3rR1kr/3P1pp1/p6p/Pp6/1n6/1P2P3/6PP/4BRK1 b - - 2 33	12	g8h7	58864	58848	58259	99
2qR4/2P2kp1/4p3/4b1p1/8/7P/p1R3B1/7K w - - 2 50	12	c2f2	47213	47183	19345	41
4rrk1/pp6/3RP2p/2p1n3/5p2/2P5/P3NPPP/2K4R b - - 0 21	12	e5c4	44775	44756	21482	48
8/1p3pkp/3B1b2/6p1/p5P1/2Pr3P/PP2rP2/1RR3K1 w - - 1 29	12	d6a3	97328	97313	54495	56
3r4/2R5/5p2/4p1k1/4P3/1p4NK/1P3P2/1q4r1 w - - 0 57	12	f2f4	729305	729269	576122	79
3k4/1p5R/1pp5/3n4/2NP1r2/P1br3K/2R4P/8 w - - 17 52	12	h3g2	140081	140053	120445	86
2r2rk1/1p1R1ppp/8/pB6/8/1PB4P/2P2nP1/5RK1 b - - 0 25	12	f2h3	89954	89938	45868	51
1r5k/p2p3p/bpBN1r2/5p2/2P3p1/8/PP3PPP/1K1RR3 b - - 0 22	12	d7c6	98033	98013	70569	72
3r4/6k1/2R2p2/4p1p1/4P3/1p2B1N1/1P3PK1/1q1r4 w - - 0 54	12	c6c7	499635	499608	69945	14
r3r1k1/pR5p/2p5/7p/5P1b/2N4P/P1K1n1B1/7R w - - 0 29	12	g2e4	267660	267639	112408	42
r3k2r/4npp1/1P3n2/p1Bp4/4pP2/2P3P1/P3B3/3RR1K1 b - - 0 29	12	a8b8	200573	200555	138382	69
3r1r1k/1p2bp2/p1bppp1p/5P1P/P3P3/2NBR3/1PP3P1/1K1R4 w - - 1 21	12	f5e6	199046	199029	29854	15
4kNn1/1Np3r1/p1r5/1pBRp1bp/4p1P1/P5P1/1P6/3R2K1 b - - 1 38	12	g5f6	313087	313066	28175	9
4kb1r/1p3ppp/p3p3/8/P1K1b3/2N5/1P4PP/R1Br1B1R b k - 1 17	12	e4d3	95091	95074	56093	59
1q6/p2r1pk1/2R1p1pp/8/6PP/2Q2B2/5PK1/8 b - - 4 39	12	e6e5	122610	122581	112774	92
r1b1k2r/1pp1N1pp/p1p1np2/4P3/8/8/PPP2PPP/RNBR2K1 b kq - 0 13	12	e8e7	61440	61418	49134	80
7k/4q1r1/3Qp2N/8/3RB2p/1P5P/5PP1/6K1 b - - 0 48	12	e7d6	42005	41983	30647	73
6k1/1p4p1/p1p1p1p1/4P3/P6q/6r1/R5K1/Q5R1 w - - 0 44	12	g2f2	1079276	1079252	1068459	99
8/4rkp1/1p2p3/p2bPp1p/P2P1P2/2R1B3/2Q3PK/4q3 w - - 6 51	12	c2d2	87099	87082	58344	67
7q/5b1k/p2p4/P1pP1PQ1/2P3n1/7P/7K/R5R1 w - - 5 43	12	g5g4	63858	63834	48513	76
r4rk1/p1pq1pb1/1p4p1/4p2p/4P3/2NPB1P1/PP3P1P/3R1RK1 w - - 0 20	12	g1g2	324548	324532	87623	27
2b1r1k1/5p2/3B3p/2RB1qp1/p7/P5QP/6PK/8 b - - 1 36	12	f5f6	234434	234409	86731	37
3r2k1/1Q3ppp/4p3/3rP3/5P2/4P3/2q3PP/2B2RK1 w - - 4 29	12	b7b2	91374	91345	41105	45
7k/p1p3b1/1p4np/8/1P2Q3/P3NR2/3r1P2/q4K2 w - - 3 36	12	f1g2	209443	209414	207319	99
r4k1r/1p2pp1p/p7/q2p1p2/8/1P1BQ2P/P2N1PP1/R5K1 b - - 2 17	12	a5c3	219691	219667	50523	23
5rk1/Q2q4/R1b1pp1p/1p1p2pB/2pP4/2P1PP1P/1P1n2PB/6K1 b - - 3 26	12	d7a7	87212	87194	40109	46
5rk1/pp2bpp1/2q2n1p/2p2P2/P1B5/1Q3P2/1PP2B1P/1K1R4 b - - 0 22	12	e7d6	140265	140251	44880	32
8/2p2k2/1r3nR1/p2pRB1p/3P1q2/5P2/1PQ3K1/8 b - - 3 42	12	c7c5	360949	360928	93841	26
1r1R1rk1/pb3p1p/1p3b2/4n1p1/8/1Q2B1P1/PP3PBP/5RK1 b - - 0 20	12	f8d8	65795	65775	42096	64
2r3k1/1pq4p/p3pp1P/3bb1p1/6Q1/P3B3/1PPR2P1/1K3R2 w - - 1 37	12	e3g5	209289	209261	113000	54
2r1r1k1/5p1n/p2p4/3P2pp/q1pBP3/P4BPP/1P2RP1K/2Q5 b - - 1 29	12	a4b3	503223	503202	65416	13
4r3/6pk/r6p/2p5/p1R1P3/4q2P/2Q3B1/1R5K b - - 4 39	12	a4a3	153348	153326	84329	55
3r2k1/pp3pbp/6q1/8/2r5/2N1Q2P/P1K2PP1/R2R4 w - - 2 23	12	c2b2	131478	131454	35492	27
3r2k1/1pr2p2/pQ1b1q2/3Rp3/P2pP3/3P1BP1/1P4K1/4R3 b - - 0 39	12	f6e7	192952	192932	77172	40
1r2r1k1/5pp1/5n1p/2p5/Qp1NP3/1P1qBPP1/5K1P/4RB2 b - - 1 38	12	d3c3	98492	98467	27570	28
4r1k1/6p1/r6p/q1p1n3/p1P1P3/Q5PP/6B1/1R1R2K1 b - - 1 34	12	a6f6	290033	290011	78302	27
r2q1k1r/1p2ppbp/p7/3p1p2/3P4/1P1B1Q1P/P4PP1/RN3RK1 b - - 0 14	12	g7d4	106009	105992	69954	66
3rr1k1/1p3pb1/q3p1p1/2R1P1P1/p1bP1B2/P1Q5/5P2/1R4K1 w - - 0 44	12	c3c4	192296	192280	140364	73
1r4r1/p1pq1k1p/2n1R3/2P2p1P/3p1P2/P4R2/2Q2BP1/2K2B2 b - - 0 29	12	f7e6	134725	134700	84861	63
r5k1/1p1q1r1p/2n3pQ/p1Pb4/P3N3/2B1PPPB/7P/3R3K b - - 12 34	12	d7d8	80599	80580	41901	52
rn1qk2r/pp2ppbp/8/3p1Q2/3p4/1P2P2P/P1P2PP1/RN2KB1R w KQkq - 0 10	12	f1b5	151661	151643	47009	31
3r1rk1/5q2/p4ppb/1p6/1Pp5/Pn1P1N1P/2Q2PB1/1R2R1K1 w - - 0 27	12	d3c4	191940	191918	99797	52
2kr3r/ppq2pQp/2nB1P2/8/2p5/2Pp1B1P/PP4P1/RN3R1K b - - 0 17	12	c7d6	189827	189807	170826	90
5rk1/1b1r1pb1/1qpp2pp/8/2Q1PB1P/P1NR4/2P3P1/3R2K1 w - - 1 31	12	f4e3	122855	122837	87214	71
r1bb1rk1/pp3p1p/4pp2/1BPp4/3N4/4Pn2/Pq3PPP/R2Q1RK1 w - - 0 15	12	d1f3	82723	82702	79393	96
1rq1r2b/1p2kp1Q/p2P3p/P3n2N/1P6/2B3R1/6B1/3R2K1 b - - 0 39	12	e7d8	94103	94074	70555	75
1r4k1/R1pqbpp1/5n2/3P3p/1n6/2Nb2P1/1P3PBP/2BQ1RK1 w - - 1 20	12	c1f4	196178	196151	84344	43
r1b2q1k/pp6/2nbp1Q1/3p1r2/3P4/P1N1PN2/1P3PPP/1K1R3R w - - 1 21	12	f3g5	267810	267795	69626	26
r2q1rk1/pp1bbp1p/5p2/8/Qn1P4/4P1N1/PP1B2PP/R3KB1R w KQ - 2 15	12	a4b3	194523	194499	83634	43
r1bq1rk1/ppp2p1p/2n1p3/3p4/2PPn1p1/PQ1BP3/1P1N1PPP/R1B1K2R b KQ - 1 11	12	d8h4	426715	426696	51203	12
r1b1r1k1/1pq4p/p2p1np1/2p1n3/P1P1P1P1/4B2P/1PQ1N1B1/1K1R1R2 b - - 1 22	12	f6d7	204412	204389	102194	50
2r2rk1/pp4bp/nqppb3/8/2PP1pp1/2NBP3/PP1B2PP/RQ3RK1 w - - 0 19	12	c3a4	328947	328925	131570	40
rn1q1rk1/p3bppp/bp2p3/4N3/3Pn3/1Q4P1/PP1B1PBP/R3K2R w KQ - 0 13	12	g2e4	188007	187983	122188	65
r3kb1r/pp3ppp/1qB3b1/2n5/8/1Q2PNN1/PP1B2PP/2R2RK1 b kq - 0 16	12	b7c6	206500	206480	121823	59
r2q1rk1/1b1n1ppp/p3pn2/2p5/PpN1Pb2/3P1NP1/1PQ2PBP/R4RK1 w - - 0 15	12	g3f4	83888	83866	64576	77
r2qr1k1/ppp2ppp/2nN1n2/3p4/3P2b1/3BP3/PP1BNPPP/R2Q1RK1 b - - 0 11	12	d8d6	70723	70706	43130	61
r1bq1rk1/pp2bppp/n4n2/3p4/3Pp3/1QN1PP2/PP1BN1PP/R3KB1R w KQ - 1 10	12	e2f4	235089	235069	171600	73
r3kb1r/pp3ppp/1qn2nb1/1B6/8/1Q2PNN1/PP1B2PP/2R1K2R b Kkq - 4 14	12	f8d6	104601	104579	16732	16
r2qk2r/pp1nbppn/2p1p2p/3pPb2/3P4/5NPP/PPPN1PB1/R1BQR1K1 w kq - 1 11	12	a2a3	443740	443722	110930	25
r3r1k1/3n1ppp/pqb2n2/2b1p3/2P1P3/1P3N1P/1BB1Q1P1/1N1R1R1K b - - 0 24	12	a6a5	128422	128395	71901	56
8/4k2P/8/5p2/6p1/P7/6PK/8 b - - 0 55	12	e7e6	101286	101254	35438	35
8/8/8/5pk1/8/6K1/8/8 b - - 3 82	12	f5f4	9180	9165	7973	87
8/7p/8/6pk/4Kp2/8/6P1/8 b - - 1 48	12	h5g4	16416	16396	11969	73
8/8/8/5k2/8/5K1p/8/8 b - - 1 79	12	f5f6	2463	2446	1076	44
8/8/1PK5/2N5/4k3/8/8/8 b - - 2 77	12	e4e5	78326	78304	68124	87
8/8/Pk6/8/8/3pp3/4n3/5K2 b - - 1 55	12	b6a6	12933	12902	8257	64
8/1k6/pP6/3Kn3/8/8/8/8 b - - 7 94	12	e5c6	22584	22562	9250	41
8/4K3/8/2P5/8/2k2b2/8/8 w - - 7 161	12	c5c6	5325	5306	4510	85
8/2K4p/2B5/5p2/1n3k2/4p3/8/8 b - - 1 56	12	e3e2	246992	246969	244499	99
8/8/8/8/4k1K1/8/8/5r2 b - - 12 88	12	f1g1	27544	27530	15967	58
8/7p/4k2P/5p2/3K2n1/8/3B4/8 b - - 13 65	12	e6f7	30535	30520	10071	33
8/8/8/8/4B3/1n2k1K1/8/8 b - - 11 73	12	b3d2	20040	20024	7408	37
8/8/8/kpB5/5R1p/4P2K/6PP/8 b - - 3 60	12	a5a6	20580	20557	19529	95
8/8/6k1/3K3N/8/8/8/4r3 w - - 31 96	12	h5g3	45559	45546	38714	85
8/1k4R1/4p3/P2p1n2/1P6/8/1K6/8 b - - 0 44	12	f5g7	27781	27760	25261	91
8/8/2p2p2/2P1pP2/2b1P3/4K1k1/p7/3R4 w - - 47 138	12	d1g1	55669	55650	46189	83
8/2p3k1/p7/1p2Nn2/4p3/P7/1P3K2/4R3 b - - 3 52	12	f5d6	74113	74094	32601	44
8/3R2k1/8/5p1p/3K2p1/4P1r1/8/8 b - - 1 70	12	g7g6	110268	110250	55125	50
8/1ppk1p2/7p/r2PR1p1/2PK2P1/8/7P/8 w - - 0 44	12	e5f5	63445	63426	36787	58
8/1N2k1p1/4p2p/3pP2P/b2P2P1/2bN4/4K3/8 w - - 6 55	12	b7c5	23111	23097	11317	49
4r3/5pp1/p5k1/PpB4p/8/1P2P3/5KPP/3R4 b - - 1 38	12	e8e6	158257	158243	85451	54
8/6p1/5k2/4p3/3q4/4KB2/8/8 w - - 4 85	12	e3e2	188673	188649	188649	100
4R3/8/8/4k3/5p2/1K2p3/P4r2/3n4 b - - 1 47	12	e5f6	173027	173005	121103	70
4R3/4K3/8/3k4/4p3/4Br2/5P2/8 b - - 17 112	12	d5e5	94356	94342	32076	34
8/pp3p1p/5k2/8/8/2K4P/P2R1Pq1/8 w - - 4 30	12	d2d3	735257	735236	139694	19
6k1/5p2/3p2pp/4b3/4P1PP/4R3/4K1Nr/8 w - - 6 42	12	e2f1	151456	151443	74207	49
8/5b2/2p2p2/2P1pP2/4P3/3B2k1/pr1K4/4R3 w - - 38 99	12	d2e3	52120	52101	46369	89
8/8/8/4q3/8/1R6/3k4/1K6 w - - 76 99	12	b3b4	106454	106437	38317	36
6k1/p4ppp/bpr1p3/4n3/P7/4B1P1/4KP1P/R7 w - - 1 26	12	e2d1	127988	127968	122849	96
3Q2k1/4K1n1/6r1/5p1p/8/4PP2/8/8 b - - 2 65	12	g8h7	107015	106989	105919	99
6n1/8/1p1R2Br/1P2p3/1k3p1p/5P1P/1BP2P2/7K b - - 0 37	12	g8e7	37308	37285	32437	87
8/3r4/8/5RN1/3b4/6k1/K2n4/8 w - - 19 71	12	f5a5	63286	63266	32898	52
8/1p3p1k/4qp2/p1P5/8/6PK/PP6/1R5R w - - 2 34	12	h3g2	162956	162939	65175	40
8/5Q2/8/1p6/2p5/1k4P1/3q1PK1/8 b - - 24 102	12	d2e2	187559	187531	161276	86
3B4/pb4kp/4B1p1/8/1P6/P1n1R3/6rP/5K2 b - - 1 55	12	g2c2	294240	294213	208891	71
6k1/1p1n1p2/1p1B2b1/2pP4/2P2R1P/N3K3/8/3r4 w - - 14 34	12	a3b5	126856	126842	100205	79
2r3k1/p4ppp/bpB1p3/8/2n5/4B1P1/P3KP1P/b6R w - - 0 24	12	h1a1	323133	323117	138940	43
5r1k/4RB2/6p1/p6p/7r/1P6/2PR2K1/8 b - - 7 37	12	h4g4	143144	143128	54388	38
r5k1/1b1P3P/p3p3/5p2/5P2/BP1N4/P2r4/2R3K1 b - - 0 37	12	g8h7	80420	80394	69138	86
5k2/1p6/2n2B2/p1P5/P5Q1/1b2PPK1/3r3P/8 b - - 4 47	12	d2e2	374746	374725	78692	21
8/5bk1/5p2/4pP2/3qP3/7P/4Q1P1/b6K w - - 0 57	12	h1h2	151410	151391	42389	28
2qR4/2P1k1p1/4p3/4b1p1/8/7P/p4RB1/7K w - - 4 51	12	d8c8	42061	42035	21858	52
4rrk1/pp6/4P2p/2pR4/2n2p2/2P5/P3NPPP/2K4R b - - 2 22	12	e8e6	88779	88761	58582	66
8/1p3pkp/5b2/2B3p1/p5P1/2P4P/PP1rrP2/1RR3K1 w - - 3 30	12	g1g2	185584	185563	12989	7
3r4/2R5/5p2/4p3/4Pk2/1p4NK/1P6/1q4r1 w - - 0 58	12	g3h5	2160346	2160306	1944275	90
3k4/1p5R/1pp5/3n4/2Nr4/P1br4/2R3KP/8 w - - 0 53	12	c2f2	155647	155619	56022	36
5rk1/2n2n1p/3r1p2/1pp1p1pP/4P3/2PP2P1/1P6/3RRBK1 b - - 1 32	12	f8a8	143767	143748	34499	24
2b1r1k1/5pp1/p1p5/1pb1pPP1/1PPrP3/P2B1R1P/4K3/2R5 w - - 0 45	12	b4c5	111233	111218	86750	78
3r4/2R5/5pk1/4p1p1/4P3/1p2B1N1/1P3PK1/1q1r4 w - - 2 55	12	e3g5	155363	155337	49707	32
r3r1k1/pR5p/2p2b2/7p/4BP2/2N4P/P1K1n3/7R w - - 2 30	12	e4h7	211049	211031	111846	53
1r2k2r/4npp1/1P3n2/p1Bp4/4pP2/2P3P1/P3B3/1R2R1K1 b - - 2 30	12	f6d7	160811	160792	30550	19
3r2rk/1p2bp2/p1bppp1p/5P1P/PP2P3/2NBR3/2P3P1/1K1R4 w - - 1 22	12	f5e6	250125	250107	20008	8
4k1n1/1NpN2r1/p1r2b2/1pBRp2p/4p1P1/P5P1/1P6/3R2K1 b - - 3 39	12	g7g5	168543	168528	52243	31
6k1/3Q1p2/3b2p1/7p/3p4/Pq1P2P1/1P2rP1P/5RK1 w - - 0 33	12	d7d6	136144	136130	102097	75
1q6/p2r1pk1/2R3pp/4p2P/6P1/2Q2B2/5PK1/8 b - - 0 40	12	g6h5	513001	512974	112854	22
7k/1Q5q/3bp1p1/P7/8/6rP/7K/R7 w - - 0 49	12	b7h7	103885	103861	70625	68
5rkr/5pp1/p2PR2p/Pp6/1Q6/1P1nP3/6PP/4BRK1 b - - 0 31	12	d3b4	48329	48307	40094	83
6k1/1p4p1/p1p1p1p1/4P3/P6q/5r2/R7/Q4KR1 w - - 2 45	12	f1e2	598882	598860	592871	99
8/1r3kp1/1p2p3/p2bPp1p/P2P1P2/2R1B3/1Q4PK/4q3 w - - 8 52	12	b2c1	183345	183327	58664	32
3r2k1/1p6/p3prpQ/P2P3n/2P1P3/3p1NR1/1P6/R5K1 w - - 0 35	12	h6h5	107981	107955	90682	84
r4rk1/p1pq1pb1/1p4p1/4p3/4P2p/2NPB1P1/PP3P1P/3RR1K1 w - - 0 21	12	c3d5	471162	471146	65960	14
4r1k1/3b1p2/2BB3p/2R2qp1/p7/P5QP/6PK/8 b - - 3 37	12	f5e6	186639	186606	156749	84
3r2k1/5ppp/4p3/4P3/5P2/4P3/1Qqr2PP/2B2RK1 w - - 6 30	12	b2c2	57041	57022	45047	79
7k/p1p3b1/1p5p/4n3/1P2Q3/P3NR2/3r1PK1/q7 w - - 5 37	12	e4a8	195725	195707	58712	30
r4k1r/1p3p1p/p3p2Q/q2p1p2/8/1P1B3P/P2N1PP1/R5K1 b - - 1 18	12	f8e7	598673	598649	395108	66
5rk1/Qb1q4/1R2pp1p/1p1p2pB/2pP4/2P1PP1P/1P1n2PB/6K1 b - - 5 27	12	b7c6	72580	72560	42810	59
5rk1/1p2bpp1/2q2n1p/p1p2P2/P1B5/1Q3PB1/1PP4P/1K1R4 b - - 1 23	12	b7b6	153721	153700	92220	60
8/5k2/1r3nR1/p1PpRB1p/5q2/5P2/1PQ3K1/8 b - - 0 43	12	b6c6	248256	248228	81915	33
3r2k1/pp4bp/8/6p1/3P1P2/7q/PRQ1r3/5RK1 w - - 0 33	12	c2b3	148961	148939	32766	22
2r3k1/1p5p/p3pp1P/3bb1p1/2q3Q1/P3B3/1PPR1RP1/1K6 w - - 3 38	12	g4c4	102979	102954	75156	73
4r1k1/2r2p1n/p2p4/3P2pp/q1pBP3/P4BPP/1P3P1K/2Q1R3 b - - 3 30	12	c7e7	215597	215580	144438	67
4r3/6pk/r6p/2p1P3/2R5/p3q2P/2Q3B1/1R5K b - - 0 40	12	h7h8	160180	160147	132922	83
2r3k1/pp3pbp/6q1/8/2r5/2N1Q2P/PK3PP1/R2R4 w - - 4 24	12	a1c1	176558	176539	84738	48
3r2k1/1pr1qp2/p2b4/3Rp3/P2pP3/1Q1P1BP1/1P4K1/4R3 b - - 2 40	12	d8c8	265820	265799	114293	43
r3r1k1/pp3pp1/2p1b1p1/q1P5/8/5N1P/PPQ2PP1/R4RK1 w - - 1 19	12	f1e1	161153	161133	95068	59
4r1k1/6p1/r6p/q1p5/p1n1P3/6PP/Q5B1/1R1R2K1 b - - 1 35	12	a5c3	170510	170482	69897	41
r2q1k1r/1p2pp1p/p7/3p1p2/3b4/1P1B1Q1P/P2N1PP1/R4RK1 b - - 1 15	12	d4a1	171780	171762	123668	72
2r1r1k1/2q2pp1/1p2n2p/p2Q4/7P/P3B3/1PNRPP2/4R1K1 b - - 0 24	12	e8d8	87144	87115	65336	75
r2qk2r/2p2ppp/p1nN4/1pp1p3/4P3/3PBQ1P/PPP2PP1/R4RK1 b kq - 0 12	12	c7d6	135175	135154	98662	73
r2q2k1/1p3r1p/2n1B1pQ/p1Pb4/P3N3/2B1PPP1/7P/3R3K b - - 14 35	12	d5e6	74318	74297	54979	74
rn1q1rk1/pp2ppbp/8/3p4/3p2Q1/1P2P2P/P1P2PP1/RN2KB1R w KQ - 2 11	12	e3d4	201464	201436	64459	32
3r1rk1/5q2/p4ppb/1p6/1PP5/P4N1P/2Qn1PB1/1R2R1K1 w - - 1 28	12	f3d2	107652	107634	30137	28
r1bq1rk1/pp4pp/4n3/2PpN3/4p3/2P1P2P/P1Q2PPB/R4RK1 b - - 0 18	12	e6c5	196675	196659	112095	57
5rk1/1b1r1pb1/2pp2pp/q7/2Q1P2P/P1NRB3/2P3P1/3R2K1 w - - 3 32	12	c4b4	171726	171712	54947	32
r1b1k2r/pp3p1p/2n1pp2/2Np4/8/2qBPN2/P1P2PPP/R2Q1RK1 b kq - 0 11	12	c3c5	235491	235475	202508	86
1rqkr2b/1p1P1p1Q/p6p/P3n2N/1P6/2B3R1/6B1/3R2K1 b - - 0 40	12	c8d7	194756	194728	107100	55
1r4k1/R1pq1pp1/3b1n2/3P3p/1n3B2/2Nb2P1/1P3PBP/3Q1RK1 w - - 3 21	12	f4d6	135291	135267	52754	39
r1b2q1k/pp6/2nbprQ1/3p4/3PP3/P1N2N2/1P3PPP/1K1R3R w - - 1 22	12	f3h4	399341	399322	235599	59
2rq1rk1/pp1bbp1p/5p2/8/1n1P4/4P1N1/PP1B2PP/R2QKB1R w KQ - 4 16	12	a1c1	163024	163000	76610	47
r1bq1rk1/ppp4p/2n1p3/3p1p2/2PPn1p1/PQ1BP3/1P1N1PPP/R1B2RK1 b - - 1 12	12	e4f6	474374	474360	203974	43
r1b1r1k1/1pqn3p/p2p2p1/2p1n3/P1P1P1P1/1P2B2P/2Q1N1B1/1K1R1R2 b - - 0 23	12	b7b5	113683	113664	69335	61
2r2rk1/ppq3bp/n1ppb3/8/N1PP1pp1/3BP3/PP1B2PP/RQ3RK1 w - - 2 20	12	e3f4	375625	375603	71364	19
3r1rk1/pp3pbp/1qn3p1/5b2/5N2/3PpNP1/PPQB2BP/R2R2K1 w - - 0 18	12	d2e3	279521	279500	33540	12
r4r1k/2qn2pp/2b3n1/pp2N2N/4P3/1Q4P1/1BB2P2/3R1RK1 b - - 0 28	12	g6e5	237006	236983	82944	35
1r3rk1/pppq1ppp/2n1bn2/4N3/4P3/P5P1/1PQN1PBP/R1B2RK1 b - - 0 15	12	c6e5	109347	109326	91833	84
r1bqr1k1/ppp2ppp/2nb4/3n4/3P4/1Q1BP3/PP1BNPPP/R3K2R w KQ - 0 11	12	b3d5	184795	184772	107167	58
r1bq1rk1/pp2bppp/n4n2/8/3Pp3/1QN1P3/PP1BN1PP/R3KB1R w KQ - 0 11	12	e2g3	164128	164108	91900	56
r3kb1r/pp1n1ppp/1qn3b1/1B6/8/1Q2PNN1/PP1B2PP/2R2RK1 b kq - 6 15	12	f8c5	177045	177025	49567	28
r2qk2r/pp1nbpp1/2p1p2p/3pPbn1/3P4/5NPP/PPP2PB1/R1BQRNK1 w kq - 3 12	12	c1g5	105902	105886	34942	33
r3r1k1/3n1ppp/1qb2n2/p1b1p3/2P1P3/1PB2N1P/2B1Q1P1/1N1R1R1K b - - 1 25	12	b6b8	295491	295470	65003	22
