# 194 of 11503 positions whose best move moved, .tuning/coord/f22_before -> .tuning/coord/f22_after
fen	before	after	score_before	score_after
3k4/1R6/3B4/3P4/2K5/8/8/2br4 b - - 10 80	c1h6	c1g5	score cp -228	score cp -220
8/3k4/8/3PB3/1b2K3/8/8/8 b - - 24 100	d7e7	b4a3	score cp -191	score cp -182
8/3kb3/8/1K1P4/8/6B1/8/8 b - - 44 110	e7f6	e7a3	score cp -199	score cp -196
1B6/3k4/8/3P4/2K4b/8/8/8 b - - 54 115	h4e7	h4f6	score cp -199	score cp -200
8/3kb3/8/3PB3/3K4/8/8/8 b - - 74 125	e7a3	e7f8	score cp -189	score cp -193
8/8/2N4p/4KP2/7P/4k3/2b5/8 b - - 0 61	c2d3	c2b3	score cp -244	score cp -234
8/8/8/8/6kp/8/8/7K b - - 9 67	g4h3	g4g3	score cp 299	score cp 282
8/4R3/8/3k4/8/7r/3K4/8 b - - 5 55	h3b3	h3f3	score cp 15	score cp 14
8/2R5/8/8/2k5/1r6/3K4/8 b - - 15 60	c4d5	c4d4	score cp 10	score cp 15
8/8/4k3/1K6/8/3R4/8/2r5 b - - 25 65	c1c8	c1c2	score cp 5	score cp 0
R3b3/8/8/6P1/5k2/4b2K/8/8 b - - 2 84	e8c6	e8d7	score cp 39	score cp 24
4r3/6k1/1R6/6p1/3K2P1/5P2/8/8 w - - 94 112	b6b5	f3f4	score cp 52	score cp 23
2r5/5R2/8/3K4/6k1/8/8/8 w - - 2 122	d5e4	d5e5	score cp 14	score cp 14
1R6/8/5k2/8/2r4P/5p1K/8/8 b - - 1 55	c4c3	f6g7	score cp -14	score cp 0
8/2K5/8/5p2/1k6/5B2/4P2p/8 b - - 0 63	b4c5	b4c3	score cp -155	score cp -136
8/8/4K3/2p1Q3/2k1P3/8/8/1q6 b - - 3 84	b1g1	b1d3	score cp -38	score cp -5
8/8/8/1K1QP3/8/q7/1k6/8 b - - 20 99	a3e3	a3h3	score cp -195	score cp -224
8/1B6/7b/4k2P/8/3KP3/8/8 w - - 45 123	b7c8	b7g2	score cp 326	score cp 330
8/8/2B5/4k2P/8/3K4/8/2b5 w - - 6 198	d3c4	c6h1	score cp 186	score cp 184
8/2k5/6R1/r7/3K4/8/8/8 b - - 3 88	a5a2	a5b5	score cp -10	score cp -14
8/8/1K1N4/3q4/1k1p4/8/8/4Q3 b - - 12 69	b4a4	b4b3	score cp -203	score cp -202
8/8/1K6/1N4Q1/8/4kq2/3p4/8 b - - 5 84	e3d3	f3f4	score cp -59	score cp -79
8/8/8/4kP1R/8/4K2p/8/7r b - - 2 73	h1e1	h3h2	score cp 36	score cp 27
8/8/4n3/4kp2/8/4P3/3N1K2/8 b - - 16 98	e6c7	e6c5	score cp 26	score cp 48
2r5/7k/R6P/8/p7/8/1KP5/8 w - - 7 55	c2c3	a6a4	score cp 171	score cp 167
4R3/8/8/3k4/8/r7/5K2/8 w - - 7 112	e8e7	f2e2	score cp -18	score cp -18
8/8/8/1P6/3k4/3p1K2/4r3/6R1 w - - 1 48	g1g7	b5b6	score cp -44	score cp -37
8/8/4K1n1/8/5rk1/1R6/8/8 b - - 9 54	f4c4	f4e4	score cp 363	score cp 361
8/R7/8/8/3K1nk1/8/4r3/8 b - - 19 59	e2e1	g4f3	score cp 360	score cp 350
8/6R1/8/5k2/6n1/2K5/6r1/8 b - - 49 74	f5e4	f5e5	score cp 368	score cp 362
8/4R3/2K2n2/5k2/8/8/3r4/8 b - - 59 79	f6e4	d2c2	score cp 382	score cp 375
7R/8/8/1K1nk3/8/8/2r5/8 b - - 69 84	d5c7	d5c3	score cp 381	score cp 380
6k1/5r2/7p/R7/4K1P1/8/8/8 b - - 8 110	g8g7	f7c7	score cp -21	score cp -29
8/6k1/2R4p/8/5KP1/8/r7/8 b - - 28 120	a2a7	a2b2	score cp -9	score cp -12
8/3R4/8/6r1/8/3k4/7K/8 b - - 15 91	d3e4	d3c4	score cp 26	score cp 25
6r1/R7/3k4/8/8/7K/8/8 b - - 25 96	d6d5	g8g1	score cp 28	score cp 20
6r1/8/3k4/1R6/8/8/7K/8 b - - 35 101	d6c6	g8g4	score cp 21	score cp 25
8/8/2k5/R7/6r1/8/7K/8 b - - 45 106	c6b6	c6d6	score cp 21	score cp 26
8/8/8/R7/1K2n2r/1N2k3/8/8 w - - 9 94	a5e5	b3c5	score cp -25	score cp -31
8/3k4/6R1/8/2P2K2/6p1/8/6r1 w - - 4 64	g6g3	g6g7	score cp 0	score cp 0
8/8/4K3/2Q5/8/5q2/5k2/8 b - - 7 75	f2e2	f3e3	score cp 0	score cp 0
8/8/8/3kb3/8/5RPK/r7/8 w - - 10 53	h3h4	f3f8	score cp -305	score cp -310
6R1/4r1b1/6P1/5k2/8/3K4/8/8 w - - 5 73	g8c8	d3c4	score cp -359	score cp -367
6R1/8/8/4r3/8/3K1k2/6p1/8 w - - 18 95	d3d4	g8g7	score cp -324	score cp -324
8/6k1/8/3B3P/3r2PK/8/8/8 w - - 11 66	d5h1	d5b7	score cp 128	score cp 123
8/7k/8/1B5P/3r2PK/8/8/8 w - - 61 91	b5c6	b5a6	score cp 124	score cp 125
8/8/1r6/5BkP/6P1/8/6K1/8 w - - 91 106	g2f3	g2f2	score cp 0	score cp 0
8/1r6/8/8/3bk3/6B1/4R1K1/8 b - - 4 94	e4d5	e4d3	score cp 35	score cp 34
8/2K5/6R1/8/7p/8/5k2/8 w - - 11 86	c7d6	g6h6	score cp 374	score cp 360
5k2/8/7K/6p1/2r5/4R3/8/8 b - - 0 68	c4c5	g5g4	score cp 46	score cp 34
4R3/8/2r2k2/8/6K1/8/8/8 b - - 2 73	c6c1	c6c4	score cp 1	score cp 0
r7/5KP1/8/8/8/8/3k4/8 b - - 4 68	d2d3	a8a7	score cp 0	score cp 0
6Q1/8/8/4q3/6K1/8/4kP2/8 b - - 4 75	e5e4	e2f2	score cp 26	score cp 0
R7/4k3/8/5p2/8/4K3/8/5r2 b - - 17 64	e7f6	e7f7	score cp 132	score cp 135
3R4/8/3k4/5p2/8/4K3/8/5r2 b - - 27 69	d6e5	d6e6	score cp 149	score cp 149
8/P7/4K3/r7/4k3/8/6p1/6B1 w - - 26 133	e6d6	g1b6	score cp -303	score cp -263
Q7/8/3K1q2/8/8/8/2k5/8 w - - 4 143	d6d7	d6c5	score cp -61	score cp -57
8/8/2n1pk2/8/5BP1/5K2/7P/4b3 w - - 8 60	h2h3	f3e4	score cp -164	score cp -157
8/4kp2/8/4PK2/5N1b/5P2/8/8 w - - 1 64	f4e2	f4d5	score cp 156	score cp 151
8/5k2/2N2p2/4P3/4KP2/8/8/4b3 w - - 2 69	e4d5	e4f5	score cp 255	score cp 249
8/N3k3/4P3/3K4/8/8/1b6/8 w - - 15 79	a7c8	a7c6	score cp 238	score cp 244
8/8/4Pk2/2bK4/2N5/8/8/8 w - - 25 84	c4d6	c4e5	score cp 188	score cp 176
8/8/4Pk2/1N1K4/1b6/8/8/8 w - - 45 94	b5d4	b5d6	score cp 192	score cp 181
8/4b3/4Pk2/3KN3/8/8/8/8 w - - 55 99	e5c6	e5c4	score cp 202	score cp 184
8/4b3/4Pk2/3K4/3N4/8/8/8 w - - 95 119	d4b5	d4c6	score cp 18	score cp 1
6R1/8/4k3/8/4P3/4K3/8/4r3 w - - 77 122	e3d3	e3f4	score cp 127	score cp 127
R7/8/8/8/1k2K3/8/1b6/8 w - - 31 84	a8a7	a8c8	score cp 250	score cp 251
8/8/8/3K4/R7/3k4/1b6/8 w - - 81 109	a4a6	a4h4	score cp 247	score cp 246
8/5R2/8/3K4/7b/8/3k4/8 w - - 91 114	d5c6	f7f3	score cp 0	score cp 0
8/8/1K1k4/6R1/8/8/8/2r5 b - - 4 67	c1b1	c1c6	score cp 2	score cp 10
8/8/8/8/2k5/4KR2/8/r7 b - - 8 88	a1e1	a1a3	score cp 11	score cp 9
8/B3kp2/6p1/8/8/6P1/4K3/8 b - - 2 52	e7e6	g6g5	score cp -261	score cp -249
8/8/5pp1/4k3/1B4K1/6P1/8/8 b - - 17 62	e5e6	e5d5	score cp -275	score cp -261
8/2R5/8/8/1k6/4K3/8/r6b b - - 5 107	h1d5	h1g2	score cp 389	score cp 388
8/4R3/8/4K3/2b5/2k5/3r4/8 b - - 25 117	d2d5	d2d8	score cp 396	score cp 396
8/8/3b4/2B3k1/8/8/6Kp/8 b - - 3 101	d6c7	d6g3	score cp 43	score cp 36
8/1Pk5/8/1K1B4/8/b5p1/8/8 b - - 17 79	a3d6	a3f8	score cp -78	score cp -81
8/1Pk5/2B5/1K6/3b4/6p1/8/8 b - - 57 99	d4g7	d4e5	score cp -82	score cp -80
8/6R1/2K5/7k/8/br6/8/8 b - - 1 83	b3d3	b3b2	score cp 355	score cp 368
8/4k3/1R1r4/8/4K3/8/8/8 w - - 6 98	b6b8	b6b2	score cp 11	score cp 8
8/8/8/5k1K/1b1P4/8/8/8 b - - 0 55	b4d6	b4a3	score cp 394	score cp 284
8/8/3k4/3P4/5K2/8/1b6/8 b - - 8 60	b2d4	b2g7	score cp 243	score cp 224
8/8/3k4/3P4/8/2K5/5b2/8 b - - 18 65	f2e1	f2g3	score cp 261	score cp 230
8/8/3k4/3P4/8/3K4/5b2/8 b - - 28 70	f2b6	f2c5	score cp 256	score cp 230
8/8/3k4/3P4/2K2b2/8/8/8 b - - 38 75	f4e3	f4h2	score cp 255	score cp 230
8/6b1/3k4/3P4/8/3K4/8/8 b - - 48 80	g7f6	g7h8	score cp 238	score cp 230
8/8/3k4/3Pb3/2K5/8/8/8 b - - 58 85	e5g7	e5h2	score cp 252	score cp 238
8/8/3k4/3Pb3/8/4K3/8/8 b - - 78 95	e5b2	e5h2	score cp 256	score cp 240
8/3k4/1b6/3P4/4K3/8/8/8 b - - 98 105	b6g1	d7c8	score cp 0	score cp 0
8/8/1R6/1p1k4/1P1P4/7r/1K6/8 b - - 2 59	d5d4	d5c4	score cp 0	score cp 0
8/7R/3r4/1k6/8/2K5/8/8 b - - 11 63	b5c5	d6d1	score cp -5	score cp -6
2R5/8/8/8/6K1/r6p/7k/8 b - - 81 131	a3a4	a3d3	score cp 168	score cp 176
8/3R4/8/8/3k4/6K1/8/1r6 b - - 10 141	d4e5	d4e4	score cp 17	score cp 10
8/4k3/6PR/4r2N/8/1n6/3K4/8 w - - 1 109	d2c3	d2d3	score cp 253	score cp 251
8/4k3/5R2/2r3p1/5pK1/8/B7/8 w - - 6 91	f6g6	f6e6	score cp 139	score cp 176
8/8/4rk2/2K5/8/8/R7/8 w - - 2 139	a2f2	c5d5	score cp 17	score cp 18
5R2/8/8/3k4/8/r7/4K3/8 w - - 7 96	e2d2	f8f3	score cp -11	score cp -12
8/8/8/3k4/8/4KR2/8/4r3 w - - 17 101	e3d2	e3d3	score cp -14	score cp -13
8/4k3/3R4/1pp1K3/8/P2P4/1r6/3B4 b - - 0 58	b5b4	b2a2	score cp -332	score cp -329
8/5R2/8/6r1/4k3/8/7K/8 b - - 42 104	e4d5	g5b5	score cp 23	score cp 21
8/2R5/8/6r1/8/3k4/7K/8 b - - 52 109	d3d4	d3e4	score cp 30	score cp 26
8/3R4/8/6r1/3k4/8/7K/8 b - - 62 114	d4c4	d4e3	score cp 27	score cp 25
2R5/r7/8/4k3/8/6K1/8/8 b - - 72 119	a7a3	a7a2	score cp 19	score cp 16
8/8/8/5Q2/3p4/3Bq1kP/2K5/8 b - - 20 72	g3g2	g3h2	score cp -358	score cp -335
5R2/6p1/4b1k1/1r6/3BK3/8/8/8 b - - 37 67	b5h5	b5b1	score cp 108	score cp 105
8/8/6p1/4K3/6k1/2Rb1r2/8/6B1 b - - 11 82	f3f5	f3g3	score cp 123	score cp 131
8/8/8/3K2p1/6k1/4B3/4b3/8 b - - 0 87	g4f5	e2d3	score cp 0	score cp 0
8/1R4p1/5rk1/4p1N1/3n2PP/4K3/8/8 w - - 9 56	b7d7	b7a7	score cp 27	score cp 27
R7/4k3/8/7r/5n2/5N2/3K4/8 w - - 4 71	d2e3	a8a7	score cp 10	score cp 2
8/8/6k1/7p/5p2/1Q6/4q1BK/8 b - - 51 147	h5h4	g6g5	score cp -69	score cp -78
8/8/8/8/6k1/8/7p/5K1B b - - 3 157	g4f5	g4g5	score cp -89	score cp -61
8/8/7p/5Bk1/1b2K1P1/8/8/8 w - - 11 62	f5c8	f5d7	score cp -11	score cp -14
8/8/7p/5Bk1/4K1P1/b7/8/8 w - - 41 77	f5e6	f5c8	score cp -14	score cp -12
8/8/4B2p/3K2k1/6P1/8/8/4b3 w - - 81 97	d5e4	d5e5	score cp -12	score cp -13
8/8/1r6/R3K3/5nk1/8/8/8 b - - 29 103	b6e6	b6c6	score cp 369	score cp 363
5R2/8/8/8/2K1n3/6k1/8/3r4 b - - 59 118	e4d6	d1d7	score cp 369	score cp 363
5R2/8/4K3/2r5/4n1k1/8/8/8 b - - 79 128	c5a5	c5b5	score cp 367	score cp 360
5R2/4K3/1r6/8/4n1k1/8/8/8 b - - 89 133	g4g3	b6d6	score cp 377	score cp 378
8/8/8/5R2/7k/r3K3/8/8 w - - 14 110	e3e4	e3d4	score cp 12	score cp 6
3R4/7R/8/3k4/8/8/2r3r1/5K2 b - - 10 88	d5e6	d5e5	score cp 28	score cp 31
3R4/7R/8/8/3k4/8/2r3r1/5K2 b - - 30 98	d4c5	d4e5	score cp 21	score cp 28
5R2/8/5k2/2r4p/8/5PK1/8/8 b - - 15 55	f6g6	f6g7	score cp 7	score cp 8
8/3Bk3/4P3/8/3K4/2r5/8/8 b - - 30 70	c3c1	c3c2	score cp 52	score cp 43
5k2/8/4bP1R/3r4/4K3/8/8/8 w - - 6 57	e4f3	e4f4	score cp -224	score cp -199
5k2/2R2b2/4r3/4K3/8/8/8/8 w - - 6 62	e5d5	e5f5	score cp -338	score cp -325
8/4R3/2k4r/3b4/5K2/8/8/8 w - - 16 67	e7a7	f4e5	score cp -397	score cp -398
8/8/3n4/3P3B/5k2/6p1/6K1/8 b - - 0 87	d6c4	d6f5	score cp 61	score cp 80
8/8/8/3P1n1B/5k2/6p1/8/6K1 b - - 10 92	f5d6	f4g5	score cp 119	score cp 85
8/2r5/4K1k1/6P1/8/8/R7/8 w - - 0 59	a2a5	e6d6	score cp 64	score cp 54
8/8/B7/5b2/3k3p/6p1/6P1/7K w - - 10 62	h1g1	a6b5	score cp -331	score cp -326
8/1B6/8/8/2k3bp/6p1/6P1/5K2 w - - 20 67	b7a6	b7e4	score cp -324	score cp -321
8/8/2B5/8/5k2/3b2p1/6K1/8 w - - 38 127	c6d5	c6b7	score cp -290	score cp -293
8/1B6/8/8/5k2/1b4p1/6K1/8 w - - 68 142	g2h3	b7c6	score cp -280	score cp -297
8/K7/8/8/1R4p1/5k2/8/8 w - - 2 58	b4b3	b4b6	score cp 313	score cp 294
8/8/R7/8/p1NK1k2/8/8/r7 w - - 6 54	d4c3	a6a7	score cp 252	score cp 205
8/8/8/R7/1K2k3/N7/8/2r5 w - - 5 59	a3b5	a5a7	score cp 328	score cp 331
8/8/2N5/3K4/4R3/6k1/r7/8 w - - 35 74	c6d4	e4b4	score cp 370	score cp 373
8/8/8/2K1N3/8/5R2/4k3/r7 w - - 45 79	f3c3	f3g3	score cp 384	score cp 383
8/8/8/2K1N3/8/R7/4k3/3r4 w - - 55 84	a3b3	e5c6	score cp 378	score cp 373
8/8/8/3K4/3N4/1R6/5k2/r7 w - - 65 89	d5e5	d5e4	score cp 387	score cp 392
8/8/8/4K2r/3N4/2R5/5k2/8 w - - 75 94	e5e4	d4f5	score cp 387	score cp 384
8/1r6/4BK2/8/3k4/8/8/8 b - - 93 189	b7c7	d4c5	score cp 0	score cp 0
2r5/8/6BK/8/5k2/8/8/8 b - - 25 77	c8g8	c8b8	score cp 291	score cp 287
8/7k/1R6/2K5/8/8/6r1/8 b - - 5 101	h7g7	g2d2	score cp -28	score cp -31
2R5/4k3/8/4K3/8/8/3r4/8 b - - 15 106	e7d7	d2e2	score cp -5	score cp -5
8/4K1p1/4B3/6k1/r5n1/8/8/7R b - - 22 71	g7g6	a4a7	score cp 96	score cp 89
8/4R3/2K1B3/6p1/4r3/6k1/3n4/8 b - - 21 91	g5g4	d2f3	score cp 176	score cp 152
5K2/2r5/4B3/3R2p1/8/4kn2/8/8 b - - 51 106	c7c1	e3f4	score cp 146	score cp 149
8/8/5K2/2k5/5R2/5npB/5r2/8 b - - 13 116	f3d2	f3g1	score cp 306	score cp 296
8/8/8/8/1k6/8/5K2/1n3B2 b - - 0 126	b4c3	b4b3	score cp 0	score cp 0
8/8/8/5N2/1k2b3/p7/8/K7 w - - 6 110	f5d4	f5e3	score cp -363	score cp -363
8/8/8/2k5/2N1K1b1/8/8/8 w - - 17 125	c4e5	c4b6	score cp -25	score cp -17
4b3/7k/3q3p/8/7K/8/5Q2/4R3 b - - 7 66	h6h5	d6d8	score cp -57	score cp -57
8/6k1/8/7R/5K2/7p/6b1/8 b - - 55 141	g2f1	g7g6	score cp -31	score cp -38
8/5k2/8/4K3/6R1/4r3/8/8 w - - 3 69	e5d4	e5d6	score cp 10	score cp 5
8/1q4K1/8/5N2/6Q1/5p2/5k2/8 w - - 30 105	g7g6	g7h6	score cp 143	score cp 156
8/8/2q2K2/5N2/6Q1/5p2/5k2/8 w - - 40 110	f6f7	f6g5	score cp 149	score cp 143
8/8/4k3/8/1B2PK2/1r3P2/8/8 w - - 11 143	b4c5	b4f8	score cp 45	score cp 45
7B/8/3K4/8/2k5/1p3b2/8/8 w - - 30 88	h8g7	h8f6	score cp -222	score cp -214
7B/8/3K4/1k6/8/1p6/6b1/8 w - - 50 98	h8f6	d6c7	score cp -258	score cp -240
8/5p1k/6n1/4P3/2N1K3/8/8/8 w - - 2 95	c4d6	c4b6	score cp 110	score cp 86
8/5p2/3N2k1/4P1n1/4K3/8/8/8 w - - 12 100	e4f4	e4d5	score cp 42	score cp 35
8/1N3p2/8/3KPkn1/8/8/8/8 w - - 22 105	b7d8	b7d6	score cp 0	score cp 0
8/3R4/2k5/8/7r/2K5/8/8 w - - 20 93	d7e7	d7a7	score cp 0	score cp 0
8/8/7K/8/8/8/p1k5/B7 b - - 0 93	c2b1	c2d3	score cp 0	score cp 0
8/5k2/3R4/3p4/2bKpB2/8/8/8 b - - 6 56	c4b3	f7e7	score cp -401	score cp -368
6R1/8/8/4k3/4p3/3r4/5PK1/8 b - - 4 51	d3d2	d3d1	score cp 25	score cp 31
8/8/5k2/8/4p3/8/2K2P2/8 b - - 12 66	f6e5	f6f5	score cp 0	score cp 0
8/8/3knr2/8/6RP/8/7K/8 w - - 1 73	h2g3	h4h5	score cp -199	score cp -202
8/8/3R3P/5K2/2k5/3n4/8/7r w - - 11 88	d6a6	f5g6	score cp -134	score cp -134
8/5R2/6K1/3k4/8/8/8/4r3 w - - 9 98	g6f6	f7c7	score cp -14	score cp -17
8/5R2/8/3k1K1r/8/8/8/8 w - - 19 103	f5f6	f5f4	score cp -1	score cp -5
8/4k3/8/6R1/r4K2/5Bp1/8/8 w - - 2 44	f4g3	f4e5	score cp 367	score cp 379
8/Pb6/8/4Kp2/4n1k1/8/6B1/8 b - - 19 77	b7a8	g4h4	score cp 136	score cp 153
b7/P7/8/5p2/4nK2/5B2/5k2/8 b - - 29 82	a8b7	a8d5	score cp 108	score cp 91
b7/P7/8/5K2/4n3/3k1B2/8/8 b - - 0 87	d3e3	e4d6	score cp 0	score cp 0
8/7k/8/5KPP/6B1/8/7r/8 b - - 6 66	h7g7	h2f2	score cp -199	score cp -192
8/6k1/8/6PP/5K2/5B1r/8/8 b - - 16 71	h3h2	h3h4	score cp -214	score cp -211
8/6k1/8/4K1PP/7r/5B2/8/8 b - - 56 91	h4h2	h4h3	score cp -200	score cp -217
8/6k1/8/6PP/6B1/4K3/7r/8 b - - 66 96	h2c2	h2g2	score cp -202	score cp -206
8/7k/1R5r/8/8/8/1K6/8 w - - 0 76	b6b7	b6b5	score cp 18	score cp 11
8/8/4k3/R7/7r/3K4/8/8 w - - 10 81	a5a7	a5a6	score cp 0	score cp 0
8/8/5K2/8/p7/5R2/1k6/8 w - - 10 79	f3f2	f6e5	score cp 365	score cp 363
R7/8/8/8/3k4/8/p5K1/r7 b - - 91 112	d4e4	d4c4	score cp 41	score cp 43
8/4k3/8/b2K4/8/5R2/8/8 w - - 89 95	f3f2	f3a3	score cp 279	score cp 285
8/1Pb5/8/1BK5/4k3/8/8/8 w - - 63 133	b5c4	c5c4	score cp 333	score cp 340
1b6/1P6/8/4k3/2K5/8/6B1/8 w - - 83 143	c4c5	g2c6	score cp 343	score cp 344
8/1P6/3b4/8/2K1k3/1B6/8/8 w - - 93 148	b3c2	c4b5	score cp 59	score cp 58
8/8/4k3/8/8/1r5R/7K/8 b - - 4 88	b3b7	b3b2	score cp 36	score cp 25
2B5/8/5k2/3K4/8/8/3n4/8 w - - 5 65	c8a6	d5d4	score cp 33	score cp 35
8/8/6k1/8/3K4/5R2/4r3/8 b - - 29 132	e2d2	e2c2	score cp -14	score cp -15
8/8/6k1/8/8/4KR2/3r4/8 b - - 39 137	d2c2	d2b2	score cp -15	score cp -11
8/8/3K2k1/r7/8/5R2/8/8 b - - 49 142	a5a8	a5a6	score cp -11	score cp -17
8/8/8/1R2k3/r7/5KN1/8/8 b - - 10 84	e5e6	e5d4	score cp -361	score cp -361
