k	pairs	c_scale	r_k	y	wins	losses	draws	ptnml	ContHistBonus	ContHistMalus	ContHistWeight	ContHist2Bonus	ContHist2Malus	ContHist2Weight
0	24	2.054887	0.003993184	-5	13	18	17	2/7/10/4/1	17	18	26	17	18	26
1	48	1.915949	0.0045715199	7	21	14	13	2/3/9/6/4	17	18	26	17	18	26
2	72	1.839072	0.0049383343	-2	19	21	8	2/4/13/4/1	17	18	26	17	18	26
3	96	1.786405	0.0052093496	-5	14	19	15	4/6/7/5/2	17	18	26	17	18	27
4	120	1.746594	0.0054242592	1	15	14	19	1/5/11/6/1	17	18	26	17	18	27
5	144	1.714726	0.0056018519	15	23	8	17	0/5/4/10/5	17	18	26	17	18	27
6	168	1.688235	0.0057526333	-2	17	19	12	4/3/9/7/1	17	18	26	17	18	27
7	192	1.665620	0.0058831224	-6	12	18	18	4/7/5/7/1	18	18	25	18	18	27
8	216	1.645923	0.0059976662	-8	14	22	12	4/8/7/2/3	17	18	25	17	18	27
9	240	1.628501	0.0060993206	0	20	20	8	4/1/13/3/3	17	18	25	17	18	27
10	264	1.612899	0.0061903227	-1	18	19	11	5/3/8/4/4	17	18	25	17	18	27
11	288	1.598787	0.0062723636	-7	13	20	15	3/9/6/4/2	17	18	25	17	18	26
12	312	1.585914	0.0063467551	1	20	19	9	4/1/13/2/4	17	18	25	17	18	26
13	336	1.574088	0.0064145375	2	18	16	14	4/3/8/5/4	17	18	25	17	18	26
14	360	1.563157	0.0064765504	-4	13	17	18	2/5/12/5/0	17	18	24	17	18	27
15	384	1.553001	0.0065334824	0	18	18	12	3/3/12/3/3	17	18	24	17	18	27
16	408	1.543521	0.0065859055	4	19	15	14	2/4/9/6/3	17	18	25	17	17	27
17	432	1.534636	0.0066343006	0	16	16	16	1/8/7/6/2	17	18	25	17	17	27
18	456	1.526279	0.0066790762	-6	13	19	16	4/6/7/6/1	18	18	25	18	18	27
19	480	1.518392	0.0067205825	-3	18	21	9	5/3/10/2/4	18	18	25	18	17	26
20	504	1.510928	0.0067591218	4	18	14	16	2/5/7/7/3	18	18	25	17	17	26
21	528	1.503845	0.0067949574	2	19	17	12	3/3/9/7/2	18	18	25	18	17	26
22	552	1.497109	0.00682832	-2	15	17	16	5/2/8/8/1	18	18	25	18	17	26
23	576	1.490687	0.0068594127	2	17	15	16	1/5/12/3/3	18	18	25	18	17	26
24	600	1.484554	0.0068884155	2	18	16	14	1/5/11/5/2	18	18	25	18	17	26
25	624	1.478685	0.0069154889	-5	14	19	15	2/5/13/4/0	18	18	25	18	18	26
26	648	1.473059	0.0069407761	4	19	15	14	2/4/9/6/3	18	18	25	18	18	26
27	672	1.467658	0.0069644059	4	18	14	16	2/3/9/9/1	18	18	25	18	18	26
28	696	1.462466	0.0069864944	-4	13	17	18	3/5/10/5/1	18	18	24	18	18	26
29	720	1.457467	0.0070071466	-3	17	20	11	3/4/11/5/1	18	18	25	18	18	26
30	744	1.452648	0.0070264579	-17	10	27	11	7/6/9/1/1	18	18	24	18	17	26
31	768	1.447997	0.007044515	7	19	12	17	0/7/7/6/4	18	18	24	18	17	26
32	792	1.443504	0.0070613972	-5	16	21	11	7/4/4/5/4	18	18	24	18	17	26
33	816	1.439158	0.0070771771	-8	15	23	10	5/6/8/2/3	18	18	24	19	17	26
34	840	1.434951	0.0070919213	6	19	13	16	1/5/9/5/4	18	18	24	19	17	26
35	864	1.430874	0.0071056911	5	16	11	21	1/5/9/6/3	18	18	24	19	17	26
36	888	1.426920	0.0071185428	-1	17	18	13	4/3/10/4/3	18	18	24	19	17	26
37	912	1.423081	0.0071305289	4	16	12	20	2/6/5/8/3	18	18	24	19	17	26
38	936	1.419353	0.0071416974	-4	14	18	16	3/9/4/5/3	18	18	24	19	17	26
39	960	1.415728	0.0071520934	2	20	18	10	3/5/8/3/5	18	18	24	19	17	26
40	984	1.412202	0.0071617583	5	19	14	15	2/5/6/8/3	18	18	24	19	17	26
41	1008	1.408769	0.0071707311	1	18	17	13	3/3/10/6/2	18	18	24	19	17	26
42	1032	1.405425	0.0071790476	-12	10	22	16	3/7/13/1/0	18	18	24	19	17	25
43	1056	1.402165	0.0071867417	0	16	16	16	2/6/8/6/2	18	18	24	19	17	25
44	1080	1.398986	0.0071938449	-9	11	20	17	3/8/8/5/0	18	19	24	19	17	26
45	1104	1.395884	0.0072003866	-2	13	15	20	0/11/7/3/3	18	19	24	19	17	26
46	1128	1.392855	0.0072063945	2	19	17	12	3/4/9/4/4	18	19	24	19	17	26
47	1152	1.389897	0.0072118946	0	18	18	12	2/4/12/4/2	18	19	24	19	17	26
48	1176	1.387005	0.0072169111	-4	15	19	14	3/7/6/7/1	18	18	24	19	17	26
49	1200	1.384178	0.007221467	-9	14	23	11	5/5/9/4/1	18	18	25	19	17	26
50	1224	1.381412	0.0072255838	-1	17	18	13	2/4/13/3/2	18	18	25	19	17	26
51	1248	1.378706	0.0072292819	-4	13	17	18	4/6/4/10/0	18	18	25	19	17	26
52	1272	1.376056	0.0072325805	-7	15	22	11	5/5/8/4/2	18	18	24	18	17	26
53	1296	1.373460	0.0072354977	1	15	14	19	2/7/6/6/3	18	18	24	18	17	26
54	1320	1.370917	0.0072380505	-9	13	22	13	8/3/6/4/3	18	19	24	19	17	26
55	1344	1.368425	0.0072402552	-3	15	18	15	3/3/12/6/0	18	19	24	19	17	26
56	1368	1.365981	0.007242127	-1	16	17	15	3/3/12/4/2	18	19	24	19	17	26
57	1392	1.363583	0.0072436806	8	20	12	16	1/6/6/6/5	18	19	24	18	17	25
58	1416	1.361231	0.0072449296	-1	16	17	15	2/6/9/5/2	18	19	24	18	17	25
59	1440	1.358922	0.0072458871	-3	17	20	11	5/3/10/2/4	18	19	24	19	17	26
60	1464	1.356656	0.0072465656	-7	12	19	17	4/4/12/3/1	18	19	24	18	17	26
61	1488	1.354429	0.0072469767	3	20	17	11	3/5/7/4/5	18	19	25	18	17	26
62	1512	1.352242	0.0072471318	-1	16	17	15	3/5/9/4/3	18	19	25	18	17	26
63	1536	1.350093	0.0072470414	-6	12	18	18	5/3/11/3/2	18	19	25	18	17	26
64	1560	1.347981	0.0072467157	-2	15	17	16	4/5/6/7/2	18	19	25	18	17	26
65	1584	1.345904	0.0072461644	1	17	16	15	1/7/8/6/2	18	19	25	18	17	26
66	1608	1.343861	0.0072453966	2	21	19	8	3/2/12/4/3	18	19	25	18	17	26
67	1632	1.341852	0.0072444212	-7	13	20	15	4/7/7/4/2	18	19	25	19	18	25
68	1656	1.339875	0.0072432465	4	21	17	10	1/4/12/4/3	18	19	24	19	18	26
69	1680	1.337929	0.0072418806	-1	17	18	13	4/3/10/4/3	18	19	24	18	18	26
70	1704	1.336013	0.0072403311	-4	15	19	14	4/7/5/5/3	19	19	24	18	18	26
71	1728	1.334127	0.0072386052	-2	18	20	10	6/3/7/3/5	19	19	24	18	18	26
72	1752	1.332270	0.0072367099	7	18	11	19	1/2/14/3/4	19	19	24	19	18	25
73	1776	1.330441	0.007234652	11	23	12	13	1/2/11/5/5	19	19	24	18	17	25
74	1800	1.328638	0.0072324379	-7	11	18	19	1/11/8/2/2	18	19	25	19	17	25
75	1824	1.326862	0.0072300735	-8	15	23	10	6/4/8/4/2	18	19	25	18	17	26
76	1848	1.325111	0.0072275648	-1	18	19	11	4/2/11/5/2	18	19	25	18	17	25
77	1872	1.323385	0.0072249174	3	18	15	15	2/6/6/7/3	18	20	25	18	17	25
78	1896	1.321684	0.0072221367	0	18	18	12	2/4/12/4/2	18	20	25	18	17	25
79	1920	1.320006	0.0072192278	12	24	12	12	2/2/8/6/6	18	19	25	19	17	25
80	1944	1.318351	0.0072161957	0	17	17	14	3/6/6/6/3	18	19	25	19	17	25
81	1968	1.316718	0.007213045	6	20	14	14	1/4/11/4/4	18	19	25	19	17	25
82	1992	1.315107	0.0072097805	-3	16	19	13	4/5/8/4/3	18	19	25	19	17	25
83	2016	1.313517	0.0072064063	-15	12	27	9	7/6/8/1/2	18	20	25	19	17	26
84	2040	1.311948	0.0072029268	-10	14	24	10	6/3/12/1/2	18	20	25	19	17	26
85	2064	1.310399	0.0071993459	-4	14	18	16	4/6/6/6/2	18	20	25	19	17	26
86	2088	1.308870	0.0071956676	-3	13	16	19	2/6/10/5/1	18	20	25	19	17	26
87	2112	1.307360	0.0071918956	-8	15	23	10	4/7/8/3/2	18	20	25	19	17	27
88	2136	1.305869	0.0071880333	3	18	15	15	1/5/10/6/2	18	20	25	19	17	27
89	2160	1.304396	0.0071840844	2	17	15	16	0/6/12/4/2	18	19	25	19	18	27
90	2184	1.302941	0.0071800521	-4	14	18	16	3/5/9/7/0	18	19	25	19	17	26
91	2208	1.301504	0.0071759396	-1	16	17	15	4/6/4/7/3	18	19	25	19	17	26
92	2232	1.300083	0.00717175	-5	16	21	11	5/5/8/2/4	18	19	25	19	18	27
93	2256	1.298680	0.0071674861	8	16	8	24	1/3/10/7/3	18	19	25	19	18	26
94	2280	1.297292	0.007163151	-5	13	18	17	2/7/10/4/1	18	19	24	19	18	27
95	2304	1.295921	0.0071587473	4	21	17	10	3/4/7/6/4	18	19	24	19	18	27
96	2328	1.294565	0.0071542777	0	16	16	16	3/6/5/8/2	18	19	24	19	18	27
97	2352	1.293225	0.0071497447	3	20	17	11	1/3/14/4/2	18	19	24	19	17	27
98	2376	1.291900	0.0071451507	2	18	16	14	1/3/14/5/1	18	19	24	19	17	27
99	2400	1.290589	0.0071404983	0	17	17	14	3/5/9/3/4	18	19	24	19	17	27
100	2424	1.289292	0.0071357895	5	20	15	13	1/5/10/4/4	18	20	24	19	18	26
101	2448	1.288010	0.0071310267	-6	16	22	10	3/4/14/2/1	18	19	24	19	17	26
102	2472	1.286742	0.0071262119	-4	15	19	14	3/4/11/6/0	18	19	24	19	17	26
103	2496	1.285487	0.0071213473	6	20	14	14	3/3/6/9/3	18	19	24	19	17	26
104	2520	1.284245	0.0071164348	4	17	13	18	2/5/8/5/4	18	19	24	19	17	26
105	2544	1.283016	0.0071114763	-1	18	19	11	4/5/6/6/3	18	19	24	19	17	26
106	2568	1.281800	0.0071064736	-2	15	17	16	2/6/10/4/2	18	19	24	19	18	26
107	2592	1.280596	0.0071014286	10	22	12	14	1/3/9/7/4	18	19	24	19	17	26
108	2616	1.279404	0.007096343	1	17	16	15	2/4/11/5/2	18	19	24	19	17	26
109	2640	1.278225	0.0070912184	1	17	16	15	3/6/6/5/4	18	19	24	19	17	26
110	2664	1.277057	0.0070860565	11	26	15	7	2/2/10/3/7	17	19	23	19	18	27
111	2688	1.275901	0.0070808587	9	19	10	19	0/3/10/10/1	18	19	23	20	17	26
112	2712	1.274756	0.0070756267	-6	14	20	14	4/6/8/4/2	18	19	23	20	17	27
113	2736	1.273622	0.0070703618	-4	16	20	12	4/2/14/2/2	18	19	23	20	17	26
114	2760	1.272499	0.0070650654	-5	13	18	17	4/6/7/5/2	18	19	23	20	17	26
115	2784	1.271387	0.007059739	-7	11	18	19	4/7/7/4/2	18	19	22	20	17	26
116	2808	1.270285	0.0070543838	7	18	11	19	1/1/14/6/2	18	19	23	20	17	26
117	2832	1.269193	0.0070490012	-4	11	15	22	2/6/11/4/1	18	19	22	20	17	26
118	2856	1.268112	0.0070435922	-1	17	18	13	6/3/5/6/4	18	19	22	20	17	26
119	2880	1.267041	0.0070381582	10	23	13	12	1/3/8/9/3	18	19	23	20	17	26
120	2904	1.265979	0.0070327002	2	17	15	16	1/2/15/6/0	18	19	23	20	17	26
121	2928	1.264927	0.0070272194	-3	15	18	15	2/8/8/3/3	18	19	23	20	17	26
122	2952	1.263885	0.0070217169	1	18	17	13	2/5/9/6/2	18	19	23	20	17	26
123	2976	1.262852	0.0070161936	0	14	14	20	3/4/9/6/2	18	19	23	20	17	26
124	3000	1.261828	0.0070106507	-10	12	22	14	7/5/4/7/1	17	19	23	20	17	26
125	3024	1.260812	0.0070050891	-5	14	19	15	3/7/6/8/0	17	19	23	20	17	26
126	3048	1.259806	0.0069995097	-4	17	21	10	4/6/8/2/4	18	19	23	20	17	26
127	3072	1.258809	0.0069939134	2	18	16	14	3/6/6/4/5	18	19	23	20	17	26
128	3096	1.257820	0.0069883012	5	20	15	13	3/1/11/6/3	18	19	23	20	17	26
129	3120	1.256839	0.0069826739	-1	19	20	9	3/5/9/4/3	18	19	23	20	17	26
130	3144	1.255867	0.0069770323	-4	14	18	16	4/8/3/6/3	18	19	23	20	17	26
131	3168	1.254902	0.0069713773	14	24	10	14	0/2/11/6/5	17	19	24	20	17	26
132	3192	1.253946	0.0069657095	-10	13	23	12	4/5/13/1/1	18	18	23	20	17	27
133	3216	1.252998	0.0069600299	1	16	15	17	1/6/11/3/3	18	18	23	20	17	27
134	3240	1.252057	0.006954339	1	16	15	17	2/6/8/5/3	18	19	23	20	17	27
135	3264	1.251124	0.0069486377	-2	17	19	12	4/4/9/4/3	18	19	24	20	17	27
136	3288	1.250199	0.0069429265	-5	12	17	19	2/8/8/5/1	18	18	23	20	17	27
137	3312	1.249281	0.0069372063	-8	11	19	18	3/8/7/6/0	17	19	24	20	17	26
138	3336	1.248370	0.0069314775	-1	17	18	13	2/6/9/5/2	17	19	24	20	17	27
139	3360	1.247467	0.0069257409	-2	18	20	10	3/6/8/4/3	17	19	24	20	17	26
140	3384	1.246570	0.006919997	0	15	15	18	3/4/8/8/1	17	19	24	20	17	26
141	3408	1.245681	0.0069142465	-9	12	21	15	5/5/10/2/2	18	19	24	20	17	27
142	3432	1.244798	0.0069084899	7	22	15	11	2/2/11/5/4	18	19	24	20	17	27
143	3456	1.243922	0.0069027277	0	16	16	16	2/4/11/6/1	18	19	24	20	17	27
144	3480	1.243053	0.0068969606	-4	15	19	14	5/5/6/5/3	18	19	24	20	17	27
145	3504	1.242191	0.0068911889	-2	15	17	16	4/5/6/7/2	18	19	24	20	17	27
146	3528	1.241335	0.0068854133	-7	11	18	19	3/6/11/3/1	17	19	24	20	17	27
147	3552	1.240485	0.0068796342	-2	11	13	24	1/8/8/6/1	18	19	24	20	17	28
148	3576	1.239641	0.0068738521	5	21	16	11	4/3/7/4/6	17	19	24	20	17	28
149	3600	1.238804	0.0068680674	0	18	18	12	2/6/9/4/3	17	19	24	20	17	28
150	3624	1.237973	0.0068622805	-1	16	17	15	1/6/11/5/1	17	19	24	20	17	28
151	3648	1.237148	0.006856492	-1	15	16	17	3/6/7/5/3	17	19	24	20	17	28
152	3672	1.236329	0.0068507023	-7	13	20	15	6/4/5/9/0	17	19	24	20	17	28
153	3696	1.235516	0.0068449117	-8	13	21	14	4/6/9/4/1	17	19	24	20	17	28
154	3720	1.234708	0.0068391206	11	22	11	15	1/4/9/3/7	17	19	25	20	17	27
155	3744	1.233907	0.0068333294	-8	13	21	14	6/5/7/3/3	17	19	25	20	17	28
156	3768	1.233111	0.0068275385	4	20	16	12	3/6/4/6/5	17	19	25	20	17	27
157	3792	1.232320	0.0068217483	-3	12	15	21	1/8/10/3/2	17	19	25	20	17	27
158	3816	1.231535	0.006815959	-7	15	22	11	4/7/8/2/3	17	19	25	20	17	28
159	3840	1.230756	0.0068101711	6	19	13	16	3/1/9/9/2	17	19	24	20	17	28
160	3864	1.229981	0.0068043848	3	18	15	15	1/6/8/7/2	17	19	25	20	17	28
161	3888	1.229212	0.0067986005	10	20	10	18	1/5/6/7/5	17	19	25	20	17	28
162	3912	1.228449	0.0067928185	-9	11	20	17	4/7/9/2/2	17	18	25	20	17	28
163	3936	1.227690	0.0067870391	10	21	11	16	1/2/10/8/3	17	19	25	20	17	28
164	3960	1.226936	0.0067812625	-6	12	18	18	5/6/5/6/2	18	19	25	21	17	28
165	3984	1.226188	0.006775489	-4	11	15	22	2/8/8/4/2	17	18	25	20	17	28
166	4008	1.225444	0.006769719	9	23	14	11	3/1/7/10/3	18	19	25	21	17	28
167	4032	1.224706	0.0067639527	-4	15	19	14	5/5/6/5/3	18	19	25	21	17	28
168	4056	1.223972	0.0067581903	-10	12	22	14	3/8/10/2/1	18	18	25	21	17	28
169	4080	1.223243	0.006752432	0	15	15	18	0/10/7/4/3	18	18	25	21	17	28
170	4104	1.222518	0.0067466782	-3	14	17	17	3/6/7/7/1	18	18	25	21	17	28
171	4128	1.221798	0.0067409291	-3	16	19	13	3/6/10/1/4	18	18	25	21	17	28
172	4152	1.221083	0.0067351848	0	16	16	16	2/4/11/6/1	18	18	25	21	17	28
173	4176	1.220373	0.0067294456	-4	14	18	16	2/9/6/5/2	18	19	25	20	17	28
174	4200	1.219666	0.0067237117	1	18	17	13	4/5/6/4/5	18	19	25	20	17	28
175	4224	1.218965	0.0067179833	0	14	14	20	0/9/8/5/2	18	19	25	20	17	28
176	4248	1.218267	0.0067122607	-4	17	21	10	6/3/8/3/4	18	19	25	20	17	28
177	4272	1.217574	0.0067065439	2	17	15	16	2/7/6/5/4	18	19	25	20	17	28
178	4296	1.216886	0.0067008332	-4	16	20	12	3/5/10/5/1	18	19	25	20	17	28
179	4320	1.216201	0.0066951288	1	18	17	13	2/5/11/2/4	18	19	25	20	17	28
180	4344	1.215521	0.0066894308	-7	14	21	13	5/6/7/3/3	18	19	25	21	17	28
181	4368	1.214845	0.0066837394	3	19	16	13	4/2/9/5/4	18	19	25	21	17	28
182	4392	1.214172	0.0066780548	0	16	16	16	1/6/12/2/3	18	19	25	21	17	28
183	4416	1.213504	0.0066723772	-6	15	21	12	3/5/12/3/1	18	19	24	20	17	28
184	4440	1.212840	0.0066667066	-5	15	20	13	5/4/8/5/2	18	19	25	20	17	28
185	4464	1.212180	0.0066610433	-11	8	19	21	3/8/10/3/0	18	19	24	21	17	28
186	4488	1.211524	0.0066553873	5	18	13	17	2/5/6/8/3	18	18	24	20	17	28
187	4512	1.210871	0.0066497388	0	17	17	14	3/5/8/5/3	18	18	24	20	17	28
188	4536	1.210223	0.006644098	-10	12	22	14	5/7/6/5/1	18	18	24	20	17	29
189	4560	1.209578	0.006638465	4	18	14	16	1/5/9/7/2	18	18	24	20	17	29
190	4584	1.208937	0.0066328398	-4	16	20	12	5/5/6/5/3	18	18	24	20	17	29
191	4608	1.208299	0.0066272227	1	18	17	13	4/4/7/5/4	18	18	24	20	17	29
192	4632	1.207665	0.0066216137	-4	14	18	16	3/8/6/4/3	19	18	24	20	17	28
193	4656	1.207035	0.006616013	-6	12	18	18	3/8/7/4/2	18	18	24	20	17	29
194	4680	1.206409	0.0066104207	0	15	15	18	2/5/11/3/3	18	18	24	20	17	29
195	4704	1.205785	0.0066048368	2	20	18	10	4/4/7/4/5	18	18	24	20	17	29
196	4728	1.205166	0.0065992615	5	18	13	17	1/4/10/7/2	18	18	24	20	17	28
197	4752	1.204550	0.0065936948	-4	13	17	18	1/7/12/3/1	18	18	24	20	17	28
198	4776	1.203937	0.0065881369	-4	14	18	16	2/7/10/3/2	18	18	24	20	17	28
199	4800	1.203328	0.0065825879	-4	17	21	10	4/6/8/2/4	18	19	24	20	17	29
200	4824	1.202722	0.0065770478	-1	16	17	15	3/5/8/6/2	18	19	24	20	17	29
201	4848	1.202119	0.0065715168	-1	14	15	19	1/7/10/4/2	18	18	24	20	17	28
202	4872	1.201519	0.0065659949	-6	13	19	16	3/6/9/6/0	18	18	24	20	17	28
203	4896	1.200923	0.0065604821	12	21	9	18	1/1/11/7/4	18	19	24	20	17	28
204	4920	1.200330	0.0065549786	2	16	14	18	3/2/10/8/1	19	19	24	20	17	28
205	4944	1.199741	0.0065494845	-2	14	16	18	3/5/9/5/2	18	19	24	20	17	28
206	4968	1.199154	0.0065439998	-2	16	18	14	3/5/10/3/3	19	19	24	20	17	28
207	4992	1.198570	0.0065385245	9	21	12	15	3/2/7/7/5	18	19	24	20	17	28
208	5016	1.197990	0.0065330588	11	24	13	11	0/3/12/4/5	19	19	24	20	17	27
209	5040	1.197412	0.0065276027	-6	12	18	18	4/6/7/6/1	19	19	24	20	17	27
210	5064	1.196838	0.0065221563	5	18	13	17	0/7/10/2/5	19	19	24	20	17	27
211	5088	1.196267	0.0065167196	6	18	12	18	0/6/8/8/2	19	19	24	20	17	27
212	5112	1.195698	0.0065112927	1	15	14	19	2/6/6/9/1	19	19	24	20	17	27
213	5136	1.195133	0.0065058756	2	16	14	18	2/3/11/7/1	19	19	24	20	17	27
214	5160	1.194570	0.0065004684	0	17	17	14	2/6/8/6/2	19	19	24	20	17	27
215	5184	1.194010	0.0064950712	-1	12	13	23	2/6/7/9/0	19	19	24	20	17	27
216	5208	1.193453	0.0064896839	-9	12	21	15	5/5/8/6/0	19	19	23	20	17	27
217	5232	1.192899	0.0064843066	-4	16	20	12	3/4/12/4/1	19	18	23	20	17	27
218	5256	1.192348	0.0064789395	0	15	15	18	2/7/7/5/3	19	18	23	20	17	27
219	5280	1.191800	0.0064735824	-8	15	23	10	4/8/8/0/4	19	19	23	20	17	27
220	5304	1.191254	0.0064682355	5	21	16	11	1/4/11/5/3	19	19	24	20	17	27
221	5328	1.190711	0.0064628987	-7	11	18	19	3/9/7/2/3	19	19	24	20	17	27
222	5352	1.190170	0.0064575722	18	28	10	10	2/3/4/5/10	18	19	24	20	17	27
223	5376	1.189633	0.0064522559	2	18	16	14	2/4/11/4/3	18	19	24	20	17	27
224	5400	1.189098	0.00644695	8	23	15	10	3/2/9/4/6	18	19	25	20	17	27
225	5424	1.188565	0.0064416543	0	15	15	18	2/6/8/6/2	18	19	25	20	17	27
226	5448	1.188035	0.006436369	2	18	16	14	2/4/10/6/2	18	19	25	20	17	27
227	5472	1.187508	0.006431094	-9	12	21	15	4/6/9/5/0	18	19	24	20	17	27
228	5496	1.186983	0.0064258295	2	19	17	12	3/2/10/8/1	18	19	24	20	18	27
229	5520	1.186461	0.0064205754	1	17	16	15	3/3/10/6/2	18	19	24	20	18	27
230	5544	1.185941	0.0064153317	3	19	16	13	3/4/8/5/4	18	19	24	20	18	27
231	5568	1.185424	0.0064100985	1	17	16	15	3/4/8/7/2	18	19	24	20	18	27
232	5592	1.184909	0.0064048757	0	16	16	16	3/6/5/8/2	18	19	24	20	18	27
233	5616	1.184396	0.0063996635	2	18	16	14	2/5/8/7/2	18	19	24	20	18	27
234	5640	1.183886	0.0063944618	3	20	17	11	4/3/6/8/3	18	19	24	20	17	27
235	5664	1.183379	0.0063892706	-6	14	20	14	4/5/9/5/1	18	19	24	20	18	27
236	5688	1.182874	0.00638409	-4	13	17	18	3/5/10/5/1	18	19	25	20	18	27
237	5712	1.182371	0.0063789199	-3	15	18	15	3/6/8/5/2	18	19	25	20	17	27
238	5736	1.181870	0.0063737604	5	20	15	13	2/6/7/3/6	18	19	25	20	18	27
239	5760	1.181372	0.0063686115	-6	11	17	20	2/8/8/6/0	19	19	24	20	17	27
240	5784	1.180876	0.0063634732	-5	11	16	21	1/9/10/2/2	19	19	25	20	18	27
241	5808	1.180382	0.0063583455	-4	16	20	12	5/5/6/5/3	19	19	24	20	18	27
242	5832	1.179890	0.0063532285	4	19	15	14	2/4/9/6/3	19	19	25	20	18	27
243	5856	1.179401	0.006348122	-5	13	18	17	5/3/11/2/3	19	19	24	20	18	27
244	5880	1.178914	0.0063430262	-7	12	19	17	3/2/18/1/0	19	19	24	20	18	27
245	5904	1.178429	0.006337941	0	15	15	18	2/6/8/6/2	19	19	24	20	18	27
246	5928	1.177946	0.0063328664	6	23	17	8	1/4/11/4/4	19	19	24	19	18	27
247	5952	1.177466	0.0063278025	-6	16	22	10	3/7/9/3/2	19	19	25	19	18	27
248	5976	1.176987	0.0063227492	3	17	14	17	1/6/9/5/3	19	19	24	19	18	27
249	6000	1.176511	0.0063177066	1	16	15	17	2/6/6/9/1	19	19	24	19	18	27
250	6024	1.176037	0.0063126746	-1	16	17	15	2/7/8/4/3	19	19	24	19	18	27
251	6048	1.175564	0.0063076532	-15	8	23	17	6/7/8/2/1	19	19	24	20	17	27
252	6072	1.175094	0.0063026425	-7	15	22	11	4/7/8/2/3	19	19	24	20	18	26
253	6096	1.174626	0.0062976424	10	21	11	16	1/4/8/6/5	19	19	24	20	17	26
254	6120	1.174160	0.006292653	7	21	14	13	2/4/7/7/4	19	19	24	20	17	26
255	6144	1.173696	0.0062876742	11	21	10	17	1/3/9/6/5	19	19	24	20	17	26
256	6168	1.173234	0.006282706	1	18	17	13	4/5/6/4/5	19	19	24	20	17	26
257	6192	1.172774	0.0062777485	-10	13	23	12	4/8/7/4/1	19	19	24	20	17	26
258	6216	1.172316	0.0062728016	3	17	14	17	2/5/8/6/3	19	19	24	20	17	26
259	6240	1.171860	0.0062678652	-3	14	17	17	2/6/10/5/1	19	19	24	20	17	26
260	6264	1.171405	0.0062629395	2	13	11	24	1/7/9/3/4	19	19	24	20	17	26
261	6288	1.170953	0.0062580244	-1	16	17	15	4/5/6/6/3	19	19	24	20	17	26
262	6312	1.170503	0.0062531199	0	17	17	14	2/7/8/3/4	19	19	24	20	17	26
263	6336	1.170054	0.006248226	-6	10	16	22	2/7/10/5/0	19	19	24	20	18	26
264	6360	1.169607	0.0062433426	-8	13	21	14	5/5/8/5/1	19	19	24	20	17	25
265	6384	1.169162	0.0062384698	1	15	14	19	1/5/12/4/2	19	19	24	20	17	26
266	6408	1.168719	0.0062336075	4	19	15	14	2/5/8/5/4	19	19	24	20	17	26
267	6432	1.168278	0.0062287558	8	23	15	10	1/2/12/6/3	19	19	24	20	18	26
268	6456	1.167839	0.0062239146	-9	14	23	11	5/8/5/3/3	19	19	24	20	18	26
269	6480	1.167401	0.006219084	-3	14	17	17	2/8/6/7/1	19	19	24	20	18	26
270	6504	1.166965	0.0062142638	-9	12	21	15	3/8/9/3/1	19	19	24	20	18	26
271	6528	1.166531	0.0062094542	1	20	19	9	2/4/11/5/2	19	19	24	20	18	26
272	6552	1.166099	0.006204655	1	18	17	13	3/4/9/5/3	19	19	24	20	18	26
273	6576	1.165669	0.0061998663	1	18	17	13	1/6/10/5/2	19	19	24	20	18	26
274	6600	1.165240	0.006195088	2	17	15	16	0/6/11/6/1	19	19	24	20	18	26
275	6624	1.164813	0.0061903202	-7	13	20	15	4/6/8/5/1	19	20	24	20	18	26
276	6648	1.164387	0.0061855628	-8	11	19	18	3/5/13/3/0	19	20	25	20	18	26
277	6672	1.163964	0.0061808158	-5	13	18	17	3/8/6/5/2	19	20	25	20	18	26
278	6696	1.163542	0.0061760793	7	20	13	15	1/5/7/8/3	19	20	24	20	18	26
279	6720	1.163121	0.006171353	-5	13	18	17	3/9/5/4/3	19	20	24	20	18	26
280	6744	1.162702	0.0061666372	6	19	13	16	2/5/6/7/4	19	20	25	20	18	25
281	6768	1.162285	0.0061619317	8	20	12	16	0/5/10/5/4	19	20	24	20	18	26
282	6792	1.161870	0.0061572365	-9	13	22	13	4/5/11/4/0	19	19	25	20	18	26
283	6816	1.161456	0.0061525516	0	20	20	8	4/4/8/4/4	19	19	25	20	18	26
284	6840	1.161044	0.006147877	4	19	15	14	1/4/10/8/1	19	19	25	20	18	26
285	6864	1.160633	0.0061432127	3	18	15	15	1/7/7/6/3	19	19	25	20	18	26
286	6888	1.160224	0.0061385587	6	22	16	10	2/4/9/4/5	19	19	25	20	18	26
287	6912	1.159816	0.0061339149	-7	14	21	13	4/6/9/3/2	19	19	25	20	18	27
288	6936	1.159411	0.0061292813	5	20	15	13	1/5/10/4/4	19	19	25	20	18	26
289	6960	1.159006	0.0061246579	-2	15	17	16	5/5/5/5/4	19	19	25	20	18	26
290	6984	1.158603	0.0061200447	0	19	19	10	4/4/8/4/4	19	19	25	20	18	26
291	7008	1.158202	0.0061154416	10	22	12	14	3/1/7/9/4	19	19	25	20	18	26
292	7032	1.157802	0.0061108487	-5	12	17	19	3/6/9/5/1	19	19	24	20	18	26
293	7056	1.157404	0.0061062659	0	17	17	14	1/7/10/3/3	19	19	24	20	18	26
294	7080	1.157007	0.0061016932	-4	15	19	14	6/2/8/6/2	19	19	24	20	18	26
295	7104	1.156611	0.0060971306	-5	14	19	15	2/6/11/5/0	19	19	25	20	18	26
296	7128	1.156217	0.006092578	3	18	15	15	3/4/9/3/5	19	19	25	20	18	26
297	7152	1.155825	0.0060880355	-4	13	17	18	3/6/9/4/2	19	19	25	20	18	26
298	7176	1.155434	0.006083503	-2	12	14	22	2/3/15/3/1	19	19	25	20	18	26
299	7200	1.155044	0.0060789805	3	18	15	15	2/5/8/6/3	19	19	25	20	18	26
300	7224	1.154656	0.006074468	-11	8	19	21	2/10/9/3/0	18	19	24	20	18	26
301	7248	1.154269	0.0060699654	5	19	14	15	0/4/12/7/1	18	19	24	20	18	26
302	7272	1.153884	0.0060654727	-5	14	19	15	2/7/11/2/2	18	19	24	20	18	26
303	7296	1.153500	0.00606099	7	20	13	15	1/4/9/7/3	18	19	25	20	18	26
304	7320	1.153118	0.0060565171	2	19	17	12	2/6/8/4/4	18	19	25	20	18	26
305	7344	1.152737	0.0060520541	5	20	15	13	2/4/10/3/5	18	19	24	20	18	26
306	7368	1.152357	0.006047601	-7	13	20	15	1/9/10/4/0	18	19	24	20	18	26
307	7392	1.151978	0.0060431577	-12	10	22	16	4/7/11/1/1	18	19	24	20	18	26
308	7416	1.151601	0.0060387241	9	23	14	11	0/5/9/6/4	18	19	24	20	18	26
309	7440	1.151225	0.0060343003	-5	15	20	13	2/5/14/2/1	18	19	24	20	18	26
310	7464	1.150851	0.0060298863	4	19	15	14	0/6/10/6/2	18	19	24	20	18	26
311	7488	1.150478	0.006025482	2	18	16	14	2/9/5/1/7	18	19	24	20	18	26
312	7512	1.150106	0.0060210874	9	24	15	9	2/3/8/6/5	18	19	24	20	18	26
313	7536	1.149736	0.0060167025	1	15	14	19	2/3/12/6/1	18	19	24	20	18	26
314	7560	1.149367	0.0060123273	2	16	14	18	2/6/7/6/3	18	19	24	20	18	26
315	7584	1.148999	0.0060079617	3	20	17	11	2/4/10/5/3	18	19	24	20	18	25
316	7608	1.148632	0.0060036057	3	17	14	17	2/6/6/7/3	18	19	24	20	18	26
317	7632	1.148267	0.0059992592	0	17	17	14	3/3/11/5/2	18	19	24	20	18	26
318	7656	1.147903	0.0059949224	-2	18	20	10	4/6/6/4/4	18	19	24	20	18	25
319	7680	1.147540	0.005990595	-10	10	20	18	4/8/7/4/1	18	19	24	20	18	25
320	7704	1.147178	0.0059862772	-2	12	14	22	2/7/7/7/1	18	19	24	20	18	25
321	7728	1.146818	0.0059819689	3	19	16	13	2/4/10/5/3	18	19	24	20	18	25
322	7752	1.146459	0.00597767	1	18	17	13	4/4/6/7/3	18	19	24	20	18	25
323	7776	1.146101	0.0059733806	-7	12	19	17	1/11/6/6/0	18	19	24	20	18	25
324	7800	1.145744	0.0059691006	4	18	14	16	3/2/9/8/2	18	19	24	20	18	25
325	7824	1.145389	0.00596483	-3	14	17	17	2/8/6/7/1	18	19	24	20	18	25
326	7848	1.145035	0.0059605687	1	19	18	11	3/1/13/6/1	18	19	24	20	18	25
327	7872	1.144681	0.0059563168	-3	16	19	13	3/8/5/5/3	18	19	24	20	18	25
328	7896	1.144330	0.0059520743	1	15	14	19	2/6/9/3/4	18	19	24	20	18	25
329	7920	1.143979	0.005947841	6	23	17	8	3/3/10/1/7	18	19	24	20	18	25
330	7944	1.143629	0.0059436169	0	17	17	14	5/4/5/6/4	18	19	24	20	18	25
331	7968	1.143281	0.0059394022	-6	13	19	16	5/3/10/5/1	18	19	24	20	18	25
332	7992	1.142934	0.0059351966	6	21	15	12	3/3/7/7/4	18	19	24	20	18	25
333	8016	1.142588	0.0059310003	2	17	15	16	1/6/10/4/3	18	19	24	20	18	25
334	8040	1.142243	0.0059268131	3	16	13	19	4/4/4/9/3	18	19	24	20	18	24
335	8064	1.141899	0.005922635	-4	15	19	14	3/6/8/6/1	18	19	24	20	18	24
336	8088	1.141556	0.0059184661	-7	13	20	15	4/5/10/4/1	18	19	24	20	17	24
337	8112	1.141215	0.0059143063	5	20	15	13	2/5/8/4/5	18	19	25	20	17	24
338	8136	1.140874	0.0059101555	-8	11	19	18	3/8/7/6/0	18	19	25	20	18	24
339	8160	1.140535	0.0059060138	-2	18	20	10	3/4/10/6/1	18	19	25	20	18	24
340	8184	1.140197	0.0059018811	0	18	18	12	2/6/9/4/3	18	19	25	20	18	24
341	8208	1.139859	0.0058977574	4	17	13	18	0/8/7/6/3	18	19	25	20	17	24
342	8232	1.139523	0.0058936427	1	15	14	19	1/3/15/4/1	18	19	25	20	17	24
343	8256	1.139188	0.0058895369	8	22	14	12	2/3/9/5/5	18	19	25	20	18	24
344	8280	1.138854	0.00588544	3	17	14	17	1/4/12/5/2	18	19	25	20	18	24
345	8304	1.138521	0.0058813521	2	18	16	14	2/6/7/6/3	18	19	25	20	18	24
346	8328	1.138190	0.005877273	1	16	15	17	2/4/10/7/1	18	19	25	20	18	24
347	8352	1.137859	0.0058732028	-5	15	20	13	5/4/8/5/2	18	19	24	20	18	24
348	8376	1.137529	0.0058691413	-5	12	17	19	3/6/9/5/1	18	19	24	20	18	24
349	8400	1.137200	0.0058650887	13	20	7	21	0/5/5/10/4	18	19	25	20	18	24
350	8424	1.136873	0.0058610449	10	24	14	10	2/3/8/5/6	18	19	24	20	17	24
351	8448	1.136546	0.0058570097	4	18	14	16	2/6/7/4/5	18	19	25	20	18	24
352	8472	1.136221	0.0058529834	-2	18	20	10	4/6/6/4/4	18	19	25	20	18	24
353	8496	1.135896	0.0058489657	2	19	17	12	2/3/12/5/2	18	19	25	20	17	24
354	8520	1.135572	0.0058449567	6	22	16	10	3/1/10/7/3	18	19	25	20	18	24
355	8544	1.135250	0.0058409563	-3	15	18	15	2/6/11/3/2	18	19	25	20	18	24
356	8568	1.134928	0.0058369645	3	19	16	13	2/5/8/6/3	18	19	25	20	18	24
357	8592	1.134608	0.0058329814	5	21	16	11	3/4/7/5/5	18	19	25	20	18	23
358	8616	1.134288	0.0058290068	4	21	17	10	2/4/10/4/4	18	19	25	20	18	23
359	8640	1.133969	0.0058250408	-2	15	17	16	3/7/7/3/4	18	19	25	20	18	23
360	8664	1.133652	0.0058210833	-2	17	19	12	5/4/7/4/4	18	19	25	20	18	23
361	8688	1.133335	0.0058171343	4	15	11	22	1/5/9/7/2	18	19	25	20	18	23
362	8712	1.133019	0.0058131938	-6	15	21	12	5/5/8/3/3	18	19	25	20	18	23
363	8736	1.132705	0.0058092617	-9	14	23	11	6/7/5/2/4	18	19	25	20	17	23
364	8760	1.132391	0.005805338	-3	17	20	11	5/4/7/5/3	18	19	25	20	18	23
365	8784	1.132078	0.0058014228	-2	16	18	14	4/3/10/5/2	18	19	25	20	18	23
366	8808	1.131766	0.0057975159	-6	16	22	10	4/6/9/2/3	18	19	25	20	18	23
367	8832	1.131455	0.0057936173	-5	14	19	15	3/7/7/6/1	18	19	25	20	18	23
368	8856	1.131145	0.0057897271	3	18	15	15	1/5/10/6/2	18	19	25	20	18	24
369	8880	1.130836	0.0057858452	-3	14	17	17	3/9/3/6/3	18	19	25	20	18	24
370	8904	1.130528	0.0057819716	-4	14	18	16	4/6/7/4/3	18	19	25	20	18	24
371	8928	1.130220	0.0057781062	5	19	14	15	3/2/10/5/4	18	19	25	20	18	24
372	8952	1.129914	0.0057742491	-2	13	15	20	1/7/9/7/0	18	19	25	20	18	24
373	8976	1.129608	0.0057704001	2	16	14	18	2/4/10/6/2	18	19	25	20	18	24
374	9000	1.129304	0.0057665594	2	18	16	14	2/4/10/6/2	18	19	25	20	18	24
375	9024	1.129000	0.0057627267	0	16	16	16	3/3/11/5/2	18	19	25	20	18	24
376	9048	1.128697	0.0057589023	1	15	14	19	0/8/9/5/2	18	19	25	20	18	24
377	9072	1.128395	0.0057550859	-2	17	19	12	4/6/6/4/4	18	19	25	20	18	24
378	9096	1.128094	0.0057512776	3	18	15	15	2/5/8/6/3	18	19	25	20	18	24
379	9120	1.127794	0.0057474774	-6	13	19	16	3/9/6/3/3	18	19	25	20	18	24
380	9144	1.127495	0.0057436852	-7	13	20	15	3/6/10/5/0	18	19	25	20	18	24
381	9168	1.127196	0.005739901	1	16	15	17	1/6/11/3/3	18	19	25	20	18	24
382	9192	1.126899	0.0057361248	11	24	13	11	1/2/11/5/5	18	19	25	20	18	24
383	9216	1.126602	0.0057323565	-10	11	21	16	3/11/5/3/2	18	19	25	20	18	24
384	9240	1.126306	0.0057285962	3	17	14	17	3/2/10/7/2	18	19	25	20	18	24
385	9264	1.126011	0.0057248439	-1	18	19	11	3/4/11/3/3	18	19	25	20	18	24
386	9288	1.125717	0.0057210994	6	19	13	16	2/6/4/8/4	19	19	25	20	18	24
387	9312	1.125423	0.0057173627	-2	15	17	16	1/9/7/5/2	19	19	25	20	18	24
388	9336	1.125131	0.005713634	1	20	19	9	2/4/12/3/3	19	19	25	20	18	24
389	9360	1.124839	0.005709913	0	16	16	16	3/4/10/4/3	19	19	25	20	18	24
390	9384	1.124548	0.0057061998	12	22	10	16	0/5/8/5/6	19	19	25	20	18	24
391	9408	1.124258	0.0057024945	-5	9	14	25	0/10/9/5/0	19	19	25	20	18	24
392	9432	1.123969	0.0056987968	11	24	13	11	2/3/9/2/8	18	19	24	20	18	23
393	9456	1.123680	0.0056951069	0	18	18	12	2/7/9/1/5	18	19	24	20	18	23
394	9480	1.123393	0.0056914247	-10	13	23	12	6/7/5/3/3	18	19	24	20	17	23
395	9504	1.123106	0.0056877502	-11	12	23	13	6/5/8/4/1	18	19	24	20	18	23
396	9528	1.122820	0.0056840833	1	16	15	17	2/4/11/5/2	18	19	24	20	18	23
397	9552	1.122535	0.005680424	0	17	17	14	3/6/7/4/4	18	19	24	20	18	23
398	9576	1.122250	0.0056767724	1	20	19	9	3/3/11/4/3	18	19	24	20	18	23
399	9600	1.121966	0.0056731284	1	18	17	13	3/5/7/6/3	18	19	24	20	18	23
400	9624	1.121683	0.0056694919	-1	17	18	13	2/6/9/5/2	18	19	24	20	17	23
401	9648	1.121401	0.005665863	1	18	17	13	2/5/10/4/3	18	19	24	20	18	23
402	9672	1.121120	0.0056622415	1	19	18	11	3/3/11/4/3	18	19	24	20	18	23
403	9696	1.120839	0.0056586276	1	17	16	15	5/1/9/6/3	18	19	24	20	18	23
404	9720	1.120560	0.0056550212	0	17	17	14	3/4/8/8/1	18	19	24	20	18	23
405	9744	1.120281	0.0056514222	-2	14	16	18	1/8/9/4/2	18	19	24	20	18	23
406	9768	1.120002	0.0056478306	9	19	10	19	1/4/8/7/4	18	19	24	20	17	23
407	9792	1.119725	0.0056442464	-8	13	21	14	3/5/13/3/0	18	19	24	20	17	22
408	9816	1.119448	0.0056406696	2	16	14	18	1/5/10/7/1	18	19	24	20	18	22
409	9840	1.119172	0.0056371002	1	19	18	11	2/4/11/5/2	18	19	24	20	18	22
410	9864	1.118896	0.0056335381	3	18	15	15	1/3/15/2/3	18	19	24	20	18	22
411	9888	1.118622	0.0056299834	2	19	17	12	3/7/5/3/6	18	19	24	20	18	22
412	9912	1.118348	0.0056264359	-8	15	23	10	7/2/10/2/3	18	19	24	20	17	23
413	9936	1.118075	0.0056228957	-2	17	19	12	2/8/7/4/3	18	19	24	20	17	23
414	9960	1.117802	0.0056193627	2	17	15	16	3/4/8/6/3	18	19	24	20	17	23
415	9984	1.117531	0.005615837	3	16	13	19	1/4/12/5/2	18	19	24	20	17	23
416	10008	1.117260	0.0056123185	-4	14	18	16	4/5/8/5/2	18	19	24	20	17	23
417	10032	1.116990	0.0056088071	-5	15	20	13	3/9/6/2/4	18	19	24	20	17	23
418	10056	1.116720	0.0056053029	6	22	16	10	1/5/9/5/4	18	19	24	20	18	23
419	10080	1.116451	0.0056018059	-8	11	19	18	3/8/9/2/2	18	19	24	20	18	23
420	10104	1.116183	0.005598316	-6	13	19	16	2/9/7/5/1	18	19	24	20	18	23
421	10128	1.115916	0.0055948331	-10	12	22	14	5/9/5/1/4	18	18	24	20	18	23
422	10152	1.115649	0.0055913574	-4	13	17	18	2/4/14/4/0	18	18	24	20	18	23
423	10176	1.115383	0.0055878887	6	21	15	12	1/6/8/4/5	18	19	24	20	18	23
424	10200	1.115117	0.005584427	-4	14	18	16	4/4/9/6/1	18	18	24	20	18	23
425	10224	1.114853	0.0055809723	6	19	13	16	1/4/10/6/3	18	19	24	20	18	23
426	10248	1.114589	0.0055775247	-1	18	19	11	4/6/5/5/4	18	19	24	20	18	23
427	10272	1.114326	0.005574084	-2	17	19	12	3/5/10/3/3	18	19	24	20	18	23
428	10296	1.114063	0.0055706502	4	15	11	22	1/3/13/5/2	18	19	24	20	18	23
429	10320	1.113801	0.0055672234	6	23	17	8	2/3/10/5/4	18	19	24	20	18	23
430	10344	1.113540	0.0055638034	-11	13	24	11	6/6/7/3/2	18	19	24	20	18	23
431	10368	1.113279	0.0055603904	-2	18	20	10	4/4/9/4/3	18	19	24	20	18	23
432	10392	1.113019	0.0055569842	-5	13	18	17	1/9/8/6/0	18	19	24	20	18	23
433	10416	1.112760	0.0055535848	0	17	17	14	3/5/8/5/3	18	19	24	20	18	23
434	10440	1.112501	0.0055501923	-7	14	21	13	4/6/9/3/2	18	18	24	20	18	23
435	10464	1.112243	0.0055468066	-3	17	20	11	4/5/7/6/2	18	19	24	20	18	23
436	10488	1.111986	0.0055434276	1	14	13	21	3/2/12/5/2	18	19	24	20	18	23
437	10512	1.111729	0.0055400554	-1	18	19	11	4/2/10/7/1	18	19	24	20	18	23
438	10536	1.111473	0.00553669	-12	16	28	4	7/3/11/1/2	18	18	24	20	18	22
439	10560	1.111218	0.0055333312	-1	13	14	21	1/9/7/4/3	18	18	24	20	18	22
440	10584	1.110963	0.0055299792	-4	16	20	12	4/7/5/5/3	18	18	24	20	18	22
441	10608	1.110709	0.0055266338	7	21	14	13	3/2/7/9/3	18	18	24	20	18	22
442	10632	1.110455	0.0055232951	3	17	14	17	1/7/6/8/2	18	18	24	20	18	22
443	10656	1.110203	0.005519963	0	17	17	14	2/4/11/6/1	18	18	24	20	18	22
444	10680	1.109950	0.0055166376	-5	13	18	17	4/7/5/6/2	18	18	24	20	18	22
445	10704	1.109699	0.0055133187	4	19	15	14	2/2/12/6/2	18	18	24	20	18	22
446	10728	1.109448	0.0055100064	8	22	14	12	1/5/7/7/4	18	18	24	20	18	22
447	10752	1.109197	0.0055067007	-2	18	20	10	1/6/12/4/1	18	18	24	20	18	22
448	10776	1.108948	0.0055034015	-4	15	19	14	6/4/5/6/3	18	19	24	20	18	22
449	10800	1.108698	0.0055001088	-4	14	18	16	3/6/9/4/2	18	19	24	20	18	22
450	10824	1.108450	0.0054968226	-4	13	17	18	2/9/5/7/1	18	19	24	20	18	22
451	10848	1.108202	0.0054935429	7	19	12	17	0/5/8/10/1	18	18	24	20	18	22
452	10872	1.107955	0.0054902696	5	20	15	13	0/3/13/8/0	18	18	24	20	18	22
453	10896	1.107708	0.0054870028	2	18	16	14	1/4/14/2/3	18	18	24	20	18	22
454	10920	1.107462	0.0054837424	-3	17	20	11	2/3/16/2/1	18	18	24	20	18	22
455	10944	1.107216	0.0054804884	-3	15	18	15	3/5/11/2/3	18	18	24	20	18	22
456	10968	1.106971	0.0054772407	-3	17	20	11	4/2/12/5/1	18	18	24	20	18	22
457	10992	1.106727	0.0054739995	2	17	15	16	4/3/8/5/4	18	18	24	20	18	22
458	11016	1.106483	0.0054707645	-8	10	18	20	3/9/6/5/1	18	18	24	20	18	22
459	11040	1.106240	0.0054675359	6	21	15	12	0/6/10/4/4	18	18	24	20	18	21
460	11064	1.105997	0.0054643136	-2	17	19	12	4/5/7/5/3	18	18	24	20	18	21
461	11088	1.105755	0.0054610976	6	22	16	10	3/2/9/6/4	18	19	24	20	18	21
462	11112	1.105514	0.0054578878	1	18	17	13	4/1/11/6/2	18	19	24	20	18	21
463	11136	1.105273	0.0054546843	-3	14	17	17	2/4/14/3/1	18	19	24	20	18	21
464	11160	1.105033	0.005451487	5	19	14	15	2/4/8/7/3	18	19	25	20	18	21
465	11184	1.104793	0.0054482959	-4	13	17	18	4/4/10/4/2	18	19	25	20	18	21
466	11208	1.104554	0.005445111	0	17	17	14	2/9/5/3/5	18	19	25	20	18	21
467	11232	1.104315	0.0054419322	3	18	15	15	2/4/9/7/2	18	19	25	20	18	21
468	11256	1.104077	0.0054387597	3	18	15	15	2/6/6/7/3	18	18	25	20	18	21
469	11280	1.103840	0.0054355932	-1	15	16	17	1/8/7/7/1	18	18	25	20	18	21
470	11304	1.103603	0.0054324329	7	18	11	19	1/3/10/8/2	18	18	25	20	18	21
471	11328	1.103366	0.0054292786	4	18	14	16	5/1/7/7/4	18	18	25	20	18	21
472	11352	1.103131	0.0054261305	-2	16	18	14	3/5/10/3/3	18	18	25	20	18	21
473	11376	1.102895	0.0054229883	7	20	13	15	2/3/9/6/4	18	18	25	20	18	21
474	11400	1.102661	0.0054198523	3	20	17	11	1/5/11/4/3	18	18	25	20	18	21
475	11424	1.102426	0.0054167222	-6	15	21	12	5/5/8/3/3	18	19	25	20	18	21
476	11448	1.102193	0.0054135982	1	18	17	13	4/2/10/5/3	18	18	25	20	18	21
477	11472	1.101960	0.0054104801	-6	12	18	18	3/8/7/4/2	18	18	25	20	18	21
478	11496	1.101727	0.005407368	9	21	12	15	1/4/9/5/5	18	19	25	20	18	21
479	11520	1.101495	0.0054042619	5	19	14	15	1/3/13/4/3	18	19	24	20	19	21
480	11544	1.101264	0.0054011617	0	19	19	10	5/2/9/4/4	18	19	24	20	19	21
481	11568	1.101033	0.0053980674	-7	13	20	15	6/5/6/4/3	18	19	24	20	19	21
482	11592	1.100802	0.005394979	-1	17	18	13	4/4/7/7/2	18	19	24	20	19	21
483	11616	1.100572	0.0053918965	1	18	17	13	2/5/9/6/2	18	19	24	20	19	21
484	11640	1.100343	0.0053888198	4	21	17	10	2/4/10/4/4	18	19	24	20	19	21
485	11664	1.100114	0.005385749	4	20	16	12	2/3/11/5/3	18	19	24	20	19	21
486	11688	1.099886	0.005382684	9	20	11	17	1/2/12/5/4	18	19	24	20	19	21
487	11712	1.099658	0.0053796249	-5	11	16	21	5/4/7/7/1	18	19	24	20	19	22
488	11736	1.099430	0.0053765715	4	21	17	10	4/2/7/8/3	18	19	24	20	19	22
489	11760	1.099204	0.0053735239	6	18	12	18	2/3/9/7/3	18	19	24	20	19	22
490	11784	1.098977	0.005370482	3	22	19	7	4/0/12/5/3	18	19	24	20	18	22
491	11808	1.098751	0.0053674459	-5	14	19	15	4/7/6/4/3	18	19	24	20	19	22
492	11832	1.098526	0.0053644155	-8	16	24	8	7/2/9/4/2	18	19	25	20	19	22
493	11856	1.098301	0.0053613908	6	21	15	12	2/2/12/4/4	18	19	25	20	19	22
494	11880	1.098077	0.0053583718	7	18	11	19	2/2/10/7/3	18	19	25	20	19	22
495	11904	1.097853	0.0053553585	-7	13	20	15	3/10/5/3/3	18	19	25	20	19	22
496	11928	1.097630	0.0053523508	-8	12	20	16	5/7/6/3/3	19	19	24	20	19	22
497	11952	1.097407	0.0053493488	5	21	16	11	2/4/8/7/3	19	18	24	20	19	22
498	11976	1.097185	0.0053463524	4	20	16	12	5/5/1/7/6	19	18	25	20	19	22
499	12000	1.096963	0.0053433616	5	18	13	17	2/6/5/7/4	19	18	25	20	19	22
500	12024	1.096742	0.0053403764	1	17	16	15	1/5/11/6/1	19	18	25	20	19	22
501	12048	1.096521	0.0053373967	0	14	14	20	2/4/10/8/0	19	18	25	20	19	22
502	12072	1.096300	0.0053344226	2	18	16	14	2/6/9/2/5	19	18	25	20	19	22
503	12096	1.096080	0.0053314541	-7	10	17	21	3/8/6/7/0	18	19	25	20	19	22
504	12120	1.095861	0.005328491	3	18	15	15	3/6/5/5/5	18	18	25	20	18	22
505	12144	1.095642	0.0053255335	-4	15	19	14	3/6/9/4/2	18	19	25	20	18	22
506	12168	1.095424	0.0053225815	3	19	16	13	1/5/9/8/1	19	18	25	20	18	22
507	12192	1.095206	0.0053196349	4	18	14	16	2/7/5/5/5	18	18	25	20	18	22
508	12216	1.094988	0.0053166938	2	19	17	12	4/3/8/5/4	18	18	25	20	18	22
509	12240	1.094771	0.0053137582	-1	15	16	17	2/6/9/5/2	18	18	25	20	18	22
510	12264	1.094555	0.0053108279	2	19	17	12	2/3/12/5/2	18	18	25	20	18	22
511	12288	1.094338	0.0053079031	-3	13	16	19	2/7/9/4/2	19	18	25	20	18	22
512	12312	1.094123	0.0053049837	-6	12	18	18	4/6/8/4/2	18	18	25	20	18	22
513	12336	1.093908	0.0053020696	-7	13	20	15	4/5/10/4/1	19	18	25	20	18	22
514	12360	1.093693	0.0052991609	0	19	19	10	3/3/11/5/2	19	18	25	20	18	22
515	12384	1.093479	0.0052962576	-7	12	19	17	1/11/6/6/0	19	18	25	20	18	22
516	12408	1.093265	0.0052933596	6	20	14	14	3/3/7/7/4	19	18	25	20	18	22
517	12432	1.093051	0.0052904669	3	16	13	19	1/2/16/3/2	19	18	25	20	18	22
518	12456	1.092839	0.0052875795	5	19	14	15	2/5/6/8/3	18	18	25	20	18	22
519	12480	1.092626	0.0052846973	-4	14	18	16	2/8/8/4/2	19	18	25	20	18	21
520	12504	1.092414	0.0052818205	11	19	8	21	1/3/8/8/4	18	18	25	20	19	22
521	12528	1.092203	0.0052789489	7	22	15	11	3/3/9/2/7	18	18	25	20	19	22
522	12552	1.091991	0.0052760825	5	19	14	15	1/4/10/7/2	18	18	25	20	19	21
523	12576	1.091781	0.0052732214	-3	15	18	15	1/7/11/4/1	18	18	25	20	19	21
524	12600	1.091571	0.0052703655	8	20	12	16	1/3/10/7/3	18	18	25	20	19	21
525	12624	1.091361	0.0052675147	-5	16	21	11	3/5/11/4/1	18	18	26	20	19	21
526	12648	1.091151	0.0052646692	-8	8	16	24	3/7/9/5/0	18	18	25	20	19	21
527	12672	1.090943	0.0052618288	8	19	11	18	2/4/5/10/3	18	18	26	20	19	22
528	12696	1.090734	0.0052589935	6	19	13	16	1/3/13/3/4	18	18	25	20	19	22
529	12720	1.090526	0.0052561634	-6	15	21	12	6/4/8/2/4	19	18	25	20	19	22
530	12744	1.090318	0.0052533384	11	22	11	15	1/4/8/5/6	18	19	25	19	19	21
531	12768	1.090111	0.0052505185	6	19	13	16	0/6/8/8/2	18	19	25	20	19	22
532	12792	1.089905	0.0052477036	-1	14	15	19	2/7/8/4/3	18	19	25	20	19	22
533	12816	1.089698	0.0052448939	2	16	14	18	1/4/12/6/1	18	19	25	20	19	22
534	12840	1.089492	0.0052420892	-8	14	22	12	5/4/10/4/1	18	18	25	19	19	22
535	12864	1.089287	0.0052392896	9	22	13	13	1/3/10/6/4	18	18	25	19	19	22
536	12888	1.089082	0.005236495	2	15	13	20	2/4/10/6/2	18	18	25	19	19	22
537	12912	1.088877	0.0052337053	-2	14	16	18	2/7/8/5/2	18	18	25	19	19	22
538	12936	1.088673	0.0052309207	4	17	13	18	0/7/9/5/3	18	18	25	19	19	22
539	12960	1.088469	0.0052281411	2	15	13	20	0/5/12/7/0	18	18	25	19	19	22
540	12984	1.088266	0.0052253665	7	22	15	11	2/4/8/5/5	18	18	25	19	19	22
541	13008	1.088063	0.0052225968	-4	17	21	10	3/7/8/3/3	18	18	25	19	19	22
542	13032	1.087860	0.005219832	-2	15	17	16	4/6/6/4/4	18	18	25	19	19	22
543	13056	1.087658	0.0052170722	-7	16	23	9	7/2/7/7/1	19	18	25	19	19	22
544	13080	1.087456	0.0052143173	0	18	18	12	3/4/9/6/2	19	18	25	19	19	22
545	13104	1.087255	0.0052115673	-2	16	18	14	2/7/8/5/2	19	18	25	19	19	22
546	13128	1.087054	0.0052088222	6	21	15	12	2/2/12/4/4	19	18	26	19	19	22
547	13152	1.086854	0.0052060819	1	20	19	9	4/3/10/2/5	19	18	26	19	19	22
548	13176	1.086654	0.0052033465	0	16	16	16	1/6/10/6/1	19	18	26	19	19	22
549	13200	1.086454	0.005200616	-4	15	19	14	3/4/11/6/0	19	19	26	19	19	22
550	13224	1.086255	0.0051978902	-2	16	18	14	3/9/3/5/4	19	19	26	19	19	22
551	13248	1.086056	0.0051951693	8	22	14	12	2/4/7/6/5	19	18	26	19	19	22
552	13272	1.085857	0.0051924532	0	18	18	12	3/4/9/6/2	19	18	26	19	19	22
553	13296	1.085659	0.0051897419	1	18	17	13	3/3/11/4/3	19	18	26	19	19	22
554	13320	1.085461	0.0051870354	-10	12	22	14	5/7/7/3/2	18	18	26	19	19	22
555	13344	1.085264	0.0051843336	-9	13	22	13	4/9/5/4/2	19	18	25	19	19	22
556	13368	1.085067	0.0051816366	7	23	16	9	2/1/13/4/4	18	18	26	19	19	22
557	13392	1.084870	0.0051789443	-6	13	19	16	3/6/11/2/2	18	18	26	19	20	22
558	13416	1.084674	0.0051762567	0	17	17	14	4/5/5/7/3	18	18	26	19	20	22
559	13440	1.084478	0.0051735738	2	17	15	16	2/4/9/8/1	18	18	26	19	20	22
560	13464	1.084283	0.0051708956	9	21	12	15	1/5/7/6/5	18	18	26	19	19	22
561	13488	1.084088	0.0051682222	6	18	12	18	1/5/8/7/3	18	18	26	19	19	22
562	13512	1.083893	0.0051655533	7	20	13	15	3/4/5/7/5	18	18	26	19	19	22
563	13536	1.083699	0.0051628891	-6	15	21	12	5/4/8/6/1	18	18	26	19	19	22
564	13560	1.083505	0.0051602296	0	20	20	8	4/3/10/3/4	18	18	26	19	19	22
565	13584	1.083312	0.0051575747	3	19	16	13	1/4/12/5/2	18	18	26	19	19	22
566	13608	1.083119	0.0051549244	4	15	11	22	1/5/9/7/2	18	18	26	19	19	22
567	13632	1.082926	0.0051522787	3	20	17	11	4/1/10/6/3	18	18	25	19	19	22
568	13656	1.082733	0.0051496376	7	21	14	13	2/5/7/4/6	18	19	26	19	19	22
569	13680	1.082541	0.0051470011	0	18	18	12	4/3/8/7/2	18	19	26	19	19	22
570	13704	1.082350	0.0051443691	5	18	13	17	1/4/8/11/0	18	19	26	19	20	22
571	13728	1.082159	0.0051417417	-3	16	19	13	6/2/8/5/3	18	18	26	19	20	22
572	13752	1.081968	0.0051391189	-5	12	17	19	2/7/9/6/0	18	19	26	19	20	22
573	13776	1.081777	0.0051365005	2	17	15	16	3/4/6/10/1	18	19	26	19	20	22
574	13800	1.081587	0.0051338867	-5	14	19	15	3/5/10/6/0	18	19	25	19	20	22
575	13824	1.081397	0.0051312773	3	19	16	13	2/5/9/4/4	18	19	25	19	20	23
576	13848	1.081208	0.0051286725	4	19	15	14	3/3/9/5/4	18	19	25	19	20	22
577	13872	1.081019	0.0051260721	-2	16	18	14	4/4/8/6/2	18	19	25	19	20	22
578	13896	1.080830	0.0051234762	-1	14	15	19	4/4/7/7/2	18	19	26	19	20	22
579	13920	1.080642	0.0051208847	-4	15	19	14	3/5/10/5/1	18	19	26	19	19	22
580	13944	1.080454	0.0051182977	-7	14	21	13	5/5/9/2/3	18	19	25	19	20	22
581	13968	1.080266	0.0051157151	-2	14	16	18	2/9/6/3/4	18	19	25	19	20	22
582	13992	1.080079	0.0051131369	-12	11	23	14	5/7/7/5/0	18	19	25	19	20	22
583	14016	1.079892	0.0051105631	2	18	16	14	4/3/7/7/3	18	19	25	19	20	22
584	14040	1.079705	0.0051079937	-4	17	21	10	4/3/12/3/2	18	19	25	19	20	22
585	14064	1.079519	0.0051054287	-6	12	18	18	4/8/4/6/2	18	19	25	19	20	22
586	14088	1.079333	0.005102868	-4	14	18	16	3/7/7/5/2	18	19	25	19	20	22
587	14112	1.079147	0.0051003117	4	19	15	14	0/6/11/4/3	18	19	25	19	20	22
588	14136	1.078962	0.0050977597	10	21	11	16	1/3/10/5/5	18	19	25	19	20	22
589	14160	1.078777	0.005095212	9	20	11	17	1/2/11/7/3	18	18	25	19	20	22
590	14184	1.078593	0.0050926687	-4	14	18	16	5/5/6/5/3	18	18	25	19	20	22
591	14208	1.078409	0.0050901297	7	20	13	15	2/4/8/5/5	18	18	25	19	20	22
592	14232	1.078225	0.0050875949	3	18	15	15	2/5/8/6/3	18	18	24	19	20	22
593	14256	1.078042	0.0050850645	-9	14	23	11	5/7/7/2/3	18	18	25	19	20	22
594	14280	1.077858	0.0050825383	-2	17	19	12	4/4/9/4/3	18	18	25	19	20	22
595	14304	1.077676	0.0050800163	-6	14	20	14	2/9/7/5/1	18	18	25	19	20	22
596	14328	1.077493	0.0050774986	9	23	14	11	3/2/6/9/4	18	18	25	19	20	22
597	14352	1.077311	0.0050749852	1	17	16	15	1/3/15/4/1	18	18	25	19	20	22
598	14376	1.077129	0.0050724759	-3	18	21	9	4/4/10/3/3	18	18	25	19	20	22
599	14400	1.076948	0.0050699709	-8	13	21	14	3/9/7/3/2	18	18	25	19	20	22
600	14424	1.076767	0.0050674701	4	19	15	14	2/5/8/5/4	18	18	25	19	20	22
601	14448	1.076586	0.0050649734	-1	17	18	13	1/6/12/3/2	18	18	25	19	20	22
602	14472	1.076405	0.0050624809	9	22	13	13	1/4/10/3/6	18	18	24	19	20	22
603	14496	1.076225	0.0050599926	4	18	14	16	1/3/14/3/3	18	18	24	19	20	22
604	14520	1.076045	0.0050575084	13	23	10	15	0/4/7/9/4	18	18	24	19	20	22
605	14544	1.075866	0.0050550284	5	20	15	13	3/3/7/8/3	18	18	24	19	20	22
606	14568	1.075687	0.0050525525	1	17	16	15	3/4/10/3/4	18	18	24	19	20	22
607	14592	1.075508	0.0050500808	5	19	14	15	1/3/12/6/2	18	18	24	19	20	22
608	14616	1.075330	0.0050476131	-9	13	22	13	5/6/7/5/1	18	18	24	19	20	22
609	14640	1.075151	0.0050451495	-4	17	21	10	4/4/11/2/3	18	18	24	19	20	22
610	14664	1.074973	0.00504269	-1	16	17	15	4/5/6/6/3	18	18	24	19	20	22
611	14688	1.074796	0.0050402346	5	21	16	11	5/3/3/8/5	18	18	24	19	20	22
612	14712	1.074619	0.0050377833	-8	15	23	10	7/4/5/6/2	18	18	24	19	20	22
613	14736	1.074442	0.005035336	-3	17	20	11	3/4/12/3/2	18	18	24	19	20	22
614	14760	1.074265	0.0050328927	-5	14	19	15	3/6/8/7/0	18	18	24	19	20	22
615	14784	1.074089	0.0050304535	1	14	13	21	2/5/9/6/2	18	18	24	19	20	22
616	14808	1.073913	0.0050280182	4	20	16	12	1/6/8/6/3	18	18	24	19	20	22
617	14832	1.073737	0.005025587	3	19	16	13	4/2/9/5/4	18	18	24	19	20	22
618	14856	1.073562	0.0050231598	5	19	14	15	1/3/11/8/1	18	18	24	19	20	22
619	14880	1.073387	0.0050207366	12	23	11	14	1/3/9/5/6	18	18	25	19	20	22
620	14904	1.073212	0.0050183174	3	17	14	17	1/6/9/5/3	18	18	25	19	20	22
621	14928	1.073038	0.0050159021	1	17	16	15	2/9/5/2/6	18	18	25	19	20	22
622	14952	1.072864	0.0050134907	5	20	15	13	1/4/11/5/3	18	18	25	19	20	22
623	14976	1.072690	0.0050110833	-3	15	18	15	2/9/6/4/3	18	18	25	19	20	22
624	15000	1.072517	0.0050086799	3	19	16	13	2/3/11/6/2	18	18	25	19	20	22
625	15024	1.072343	0.0050062803	-8	11	19	18	4/7/6/7/0	18	18	25	18	20	23
626	15048	1.072171	0.0050038847	6	22	16	10	1/6/8/4/5	18	18	25	19	20	22
627	15072	1.071998	0.005001493	5	18	13	17	2/6/5/7/4	18	18	25	18	20	23
628	15096	1.071826	0.0049991052	2	18	16	14	2/5/9/5/3	18	18	25	18	20	22
629	15120	1.071654	0.0049967212	-5	15	20	13	3/8/7/3/3	18	18	25	19	20	23
630	15144	1.071482	0.0049943411	3	16	13	19	1/5/10/6/2	18	18	25	19	20	23
631	15168	1.071311	0.0049919649	5	18	13	17	0/6/10/5/3	18	18	25	19	20	22
632	15192	1.071140	0.0049895925	-7	12	19	17	4/6/10/1/3	18	17	25	19	20	23
633	15216	1.070969	0.004987224	7	21	14	13	1/3/11/6/3	18	17	25	19	20	23
634	15240	1.070799	0.0049848593	2	16	14	18	2/4/9/8/1	18	17	25	19	20	23
635	15264	1.070628	0.0049824984	2	17	15	16	2/4/10/6/2	18	17	25	19	20	23
636	15288	1.070458	0.0049801413	-4	12	16	20	1/9/9/3/2	18	17	24	19	20	23
637	15312	1.070289	0.004977788	4	18	14	16	3/3/7/9/2	18	17	24	19	20	23
638	15336	1.070120	0.0049754385	-5	14	19	15	2/6/12/3/1	18	17	24	19	20	23
639	15360	1.069951	0.0049730928	0	16	16	16	1/6/10/6/1	18	17	24	19	20	23
640	15384	1.069782	0.0049707509	-9	14	23	11	4/5/12/2/1	18	17	24	19	20	23
641	15408	1.069613	0.0049684127	-5	16	21	11	4/2/14/3/1	18	17	24	19	20	23
642	15432	1.069445	0.0049660782	-3	17	20	11	1/7/12/2/2	18	17	24	19	20	23
643	15456	1.069278	0.0049637475	10	23	13	12	1/4/9/4/6	18	17	25	19	20	23
644	15480	1.069110	0.0049614205	-2	17	19	12	3/5/10/3/3	18	17	25	19	20	23
645	15504	1.068943	0.0049590973	5	21	16	11	2/5/8/4/5	18	17	25	19	20	24
646	15528	1.068776	0.0049567777	1	17	16	15	2/3/12/6/1	18	17	25	19	20	24
647	15552	1.068609	0.0049544619	0	16	16	16	4/3/9/5/3	18	17	25	19	20	24
648	15576	1.068443	0.0049521497	0	15	15	18	2/3/13/5/1	18	17	25	19	20	24
649	15600	1.068276	0.0049498412	-1	17	18	13	4/6/4/7/3	18	17	25	19	20	23
650	15624	1.068111	0.0049475364	-2	14	16	18	5/4/6/6/3	18	17	25	19	20	24
651	15648	1.067945	0.0049452352	0	15	15	18	2/4/13/2/3	18	17	25	19	20	24
652	15672	1.067780	0.0049429377	2	19	17	12	2/2/14/4/2	18	17	25	19	20	24
653	15696	1.067615	0.0049406439	2	13	11	24	1/6/8/8/1	18	17	25	19	20	24
654	15720	1.067450	0.0049383536	-9	11	20	17	3/8/9/3/1	18	17	25	19	20	23
655	15744	1.067286	0.004936067	2	20	18	10	3/4/8/6/3	18	17	25	19	20	23
656	15768	1.067121	0.004933784	-2	13	15	20	0/7/13/3/1	18	17	25	19	20	23
657	15792	1.066957	0.0049315046	0	16	16	16	2/3/13/5/1	18	17	25	19	20	23
658	15816	1.066794	0.0049292288	-5	14	19	15	4/5/8/6/1	18	17	25	19	20	23
659	15840	1.066630	0.0049269566	6	20	14	14	1/5/8/7/3	18	17	25	19	20	23
660	15864	1.066467	0.0049246879	-1	17	18	13	2/5/11/4/2	18	17	25	19	20	23
661	15888	1.066305	0.0049224228	4	18	14	16	0/5/13/3/3	18	17	25	19	20	23
662	15912	1.066142	0.0049201613	-5	14	19	15	3/6/9/5/1	18	17	25	19	20	23
663	15936	1.065980	0.0049179033	-8	15	23	10	6/4/8/4/2	18	17	25	18	20	24
664	15960	1.065818	0.0049156489	-4	14	18	16	1/8/10/4/1	18	17	24	18	20	24
665	15984	1.065656	0.004913398	4	20	16	12	2/3/10/7/2	18	17	24	18	20	24
666	16008	1.065494	0.0049111506	-1	16	17	15	2/6/8/7/1	18	17	24	18	20	24
667	16032	1.065333	0.0049089067	-1	18	19	11	4/5/7/4/4	18	17	24	18	20	24
668	16056	1.065172	0.0049066663	-1	14	15	19	2/3/13/6/0	18	17	24	18	20	24
669	16080	1.065012	0.0049044295	-4	14	18	16	3/5/11/3/2	18	17	24	18	20	24
670	16104	1.064851	0.004902196	2	19	17	12	5/3/7/3/6	18	17	24	18	20	24
671	16128	1.064691	0.0048999661	0	14	14	20	1/8/7/6/2	18	17	24	18	20	24
672	16152	1.064531	0.0048977396	9	21	12	15	0/4/11/5/4	18	17	24	18	20	24
673	16176	1.064372	0.0048955166	9	19	10	19	0/3/12/6/3	18	17	24	18	20	24
674	16200	1.064212	0.0048932971	2	18	16	14	3/3/10/5/3	18	17	24	18	20	24
675	16224	1.064053	0.004891081	-4	15	19	14	2/9/6/5/2	18	17	24	18	20	24
676	16248	1.063894	0.0048888683	3	14	11	23	3/4/9/3/5	18	17	24	18	20	24
677	16272	1.063736	0.004886659	7	20	13	15	4/1/7/8/4	18	17	24	19	20	24
678	16296	1.063577	0.0048844531	0	15	15	18	1/3/15/5/0	18	17	24	19	20	24
679	16320	1.063419	0.0048822507	5	20	15	13	1/5/8/8/2	18	17	24	19	20	24
680	16344	1.063261	0.0048800516	8	19	11	18	2/2/7/12/1	18	17	24	19	20	24
681	16368	1.063104	0.0048778559	-2	15	17	16	3/7/4/9/1	18	17	24	19	20	24
682	16392	1.062947	0.0048756636	4	18	14	16	4/1/9/7/3	18	18	24	19	20	24
683	16416	1.062789	0.0048734747	5	18	13	17	2/5/6/8/3	18	17	24	19	20	24
684	16440	1.062633	0.0048712891	0	16	16	16	3/4/8/8/1	18	17	24	19	20	24
685	16464	1.062476	0.0048691069	15	27	12	9	3/0/7/7/7	18	17	23	18	20	24
686	16488	1.062320	0.004866928	2	16	14	18	0/8/8/6/2	18	17	23	18	20	24
687	16512	1.062164	0.0048647525	7	22	15	11	1/5/8/6/4	18	17	23	18	20	24
688	16536	1.062008	0.0048625803	6	20	14	14	1/5/9/5/4	18	17	23	19	20	24
689	16560	1.061852	0.0048604114	0	17	17	14	2/7/7/5/3	18	17	23	19	20	24
690	16584	1.061697	0.0048582458	5	19	14	15	3/5/5/6/5	18	17	23	18	20	24
691	16608	1.061542	0.0048560835	2	20	18	10	5/2/7/6/4	18	17	23	18	20	24
692	16632	1.061387	0.0048539245	8	21	13	14	2/3/10/3/6	18	17	23	19	20	24
693	16656	1.061233	0.0048517688	4	17	13	18	3/3/9/5/4	18	17	23	18	20	24
694	16680	1.061078	0.0048496164	8	21	13	14	2/1/12/5/4	18	17	23	19	20	24
695	16704	1.060924	0.0048474672	1	15	14	19	1/5/11/6/1	18	17	23	19	20	24
696	16728	1.060770	0.0048453213	3	20	17	11	2/4/9/7/2	18	17	23	19	20	24
697	16752	1.060617	0.0048431786	-10	12	22	14	3/7/12/1/1	18	17	23	18	20	23
698	16776	1.060463	0.0048410392	1	17	16	15	3/6/6/5/4	18	17	23	18	20	23
699	16800	1.060310	0.004838903	-12	8	20	20	5/7/8/3/1	18	18	23	19	20	23
700	16824	1.060158	0.0048367701	6	21	15	12	4/3/4/9/4	18	17	23	19	20	23
701	16848	1.060005	0.0048346404	-3	16	19	13	2/5/13/2/2	18	17	23	19	20	23
702	16872	1.059852	0.0048325138	5	19	14	15	0/6/9/7/2	18	18	23	19	20	23
703	16896	1.059700	0.0048303905	-8	11	19	18	5/5/9/3/2	18	18	23	19	20	23
704	16920	1.059548	0.0048282704	3	19	16	13	2/4/12/1/5	18	18	23	19	20	23
705	16944	1.059397	0.0048261534	-7	15	22	11	2/9/9/2/2	18	17	23	18	20	23
706	16968	1.059245	0.0048240397	-5	13	18	17	3/5/11/4/1	18	18	23	18	20	23
707	16992	1.059094	0.0048219291	-6	15	21	12	5/7/4/5/3	18	17	23	18	20	23
708	17016	1.058943	0.0048198217	-1	15	16	17	2/4/12/5/1	18	17	23	19	20	23
709	17040	1.058792	0.0048177174	-13	12	25	11	8/4/7/3/2	18	17	23	19	20	23
710	17064	1.058642	0.0048156163	1	20	19	9	4/3/9/4/4	18	17	23	19	20	23
711	17088	1.058492	0.0048135183	1	17	16	15	3/4/8/7/2	18	17	23	19	20	23
712	17112	1.058342	0.0048114234	5	18	13	17	2/3/11/4/4	18	17	23	19	20	23
713	17136	1.058192	0.0048093317	0	14	14	20	1/5/11/7/0	18	17	23	19	20	23
714	17160	1.058042	0.0048072431	7	19	12	17	2/5/6/6/5	18	17	23	19	20	23
715	17184	1.057893	0.0048051576	8	22	14	12	1/5/8/5/5	18	17	23	19	20	23
716	17208	1.057744	0.0048030752	5	16	11	21	0/6/10/5/3	18	17	23	19	20	23
717	17232	1.057595	0.0048009959	0	14	14	20	2/6/9/4/3	18	17	23	19	20	23
718	17256	1.057446	0.0047989196	8	18	10	20	0/5/11/3/5	18	17	23	19	20	23
719	17280	1.057298	0.0047968465	0	16	16	16	3/3/11/5/2	18	17	23	19	20	23
720	17304	1.057150	0.0047947764	7	21	14	13	1/5/9/4/5	18	17	23	19	20	23
721	17328	1.057002	0.0047927094	-4	17	21	10	2/5/13/3/1	18	17	23	19	20	23
722	17352	1.056854	0.0047906454	-8	13	21	14	5/4/11/2/2	18	17	23	19	21	23
723	17376	1.056706	0.0047885845	-6	11	17	20	3/9/5/5/2	18	17	23	19	21	23
724	17400	1.056559	0.0047865266	1	20	19	9	3/6/7/3/5	18	17	23	19	21	23
725	17424	1.056412	0.0047844718	2	18	16	14	2/6/7/6/3	18	17	23	19	21	23
726	17448	1.056265	0.0047824199	14	25	11	12	1/1/10/7/5	18	17	23	19	20	23
727	17472	1.056118	0.0047803711	-2	17	19	12	3/5/8/7/1	18	17	23	19	21	23
728	17496	1.055972	0.0047783253	8	20	12	16	3/3/7/5/6	18	17	23	19	21	23
729	17520	1.055826	0.0047762825	-5	15	20	13	4/8/4/5/3	18	17	23	19	21	23
730	17544	1.055680	0.0047742427	5	19	14	15	1/4/10/7/2	18	17	23	19	21	23
731	17568	1.055534	0.0047722059	-3	15	18	15	3/6/8/5/2	18	17	23	19	21	23
732	17592	1.055389	0.0047701721	5	19	14	15	2/3/10/6/3	18	17	23	19	21	23
733	17616	1.055243	0.0047681413	3	17	14	17	1/5/10/6/2	17	17	23	19	20	23
734	17640	1.055098	0.0047661134	0	16	16	16	2/5/10/5/2	17	17	23	19	20	23
735	17664	1.054953	0.0047640884	-6	11	17	20	3/5/12/3/1	17	17	23	19	20	23
736	17688	1.054809	0.0047620665	-8	14	22	12	2/9/9/3/1	17	17	23	19	20	23
737	17712	1.054664	0.0047600474	4	19	15	14	1/5/9/7/2	17	17	23	19	20	23
738	17736	1.054520	0.0047580313	-9	15	24	9	7/3/8/4/2	17	17	23	18	21	23
739	17760	1.054376	0.0047560182	-7	12	19	17	1/10/9/3/1	17	17	23	18	20	23
740	17784	1.054232	0.0047540079	3	20	17	11	4/4/6/5/5	17	17	23	18	21	23
741	17808	1.054089	0.0047520006	0	17	17	14	4/1/10/9/0	17	17	23	18	21	23
742	17832	1.053945	0.0047499962	0	17	17	14	2/6/9/4/3	17	17	23	18	21	23
743	17856	1.053802	0.0047479946	3	15	12	21	1/4/11/7/1	17	17	23	18	21	23
744	17880	1.053659	0.004745996	-3	16	19	13	4/5/7/6/2	17	17	23	18	21	24
745	17904	1.053516	0.0047440003	11	22	11	15	1/5/5/8/5	17	17	23	19	20	24
746	17928	1.053374	0.0047420074	1	17	16	15	1/6/11/3/3	17	17	23	19	20	24
747	17952	1.053232	0.0047400175	0	15	15	18	2/6/8/6/2	17	17	23	19	20	24
748	17976	1.053089	0.0047380303	2	16	14	18	4/2/10/4/4	17	17	23	19	20	24
749	18000	1.052948	0.0047360461	2	19	17	12	2/5/8/7/2	17	17	23	19	20	24
750	18024	1.052806	0.0047340647	-11	8	19	21	4/7/10/2/1	17	17	23	19	20	24
751	18048	1.052664	0.0047320861	0	16	16	16	3/5/7/7/2	17	17	23	19	20	24
752	18072	1.052523	0.0047301104	1	17	16	15	3/5/9/2/5	17	17	23	19	20	24
753	18096	1.052382	0.0047281375	1	17	16	15	2/4/10/7/1	17	17	23	19	20	24
754	18120	1.052241	0.0047261675	4	17	13	18	0/7/8/7/2	17	17	23	19	20	24
755	18144	1.052100	0.0047242003	3	16	13	19	0/7/10/4/3	17	17	23	19	20	24
756	18168	1.051960	0.0047222358	4	17	13	18	1/8/5/6/4	17	17	23	19	20	23
757	18192	1.051820	0.0047202742	4	18	14	16	3/2/11/4/4	17	17	23	19	20	23
758	18216	1.051680	0.0047183154	-8	13	21	14	3/6/11/4/0	17	17	23	19	20	23
759	18240	1.051540	0.0047163594	-1	15	16	17	1/6/10/7/0	17	17	23	19	20	23
760	18264	1.051400	0.0047144061	-9	13	22	13	7/4/6/5/2	17	17	23	19	20	23
761	18288	1.051261	0.0047124557	-12	10	22	16	4/8/8/4/0	17	17	23	19	20	23
762	18312	1.051122	0.004710508	1	18	17	13	2/6/8/5/3	17	17	23	19	20	23
763	18336	1.050982	0.0047085631	-3	14	17	17	3/7/7/4/3	17	17	23	19	20	23
764	18360	1.050844	0.0047066209	3	18	15	15	2/5/9/4/4	17	17	23	19	20	23
765	18384	1.050705	0.0047046815	1	15	14	19	2/5/11/2/4	17	17	23	19	20	23
766	18408	1.050567	0.0047027448	-6	10	16	22	3/8/6/6/1	17	17	23	19	20	23
767	18432	1.050428	0.0047008109	-4	12	16	20	4/3/10/7/0	17	17	23	19	20	23
768	18456	1.050290	0.0046988797	-3	16	19	13	3/5/10/4/2	17	17	23	19	20	23
769	18480	1.050152	0.0046969512	-4	15	19	14	3/5/11/3/2	17	17	23	19	20	23
770	18504	1.050015	0.0046950255	-5	15	20	13	3/8/6/5/2	17	17	23	19	20	23
771	18528	1.049877	0.0046931025	-2	16	18	14	4/3/10/5/2	17	17	23	19	20	23
772	18552	1.049740	0.0046911821	-4	16	20	12	3/4/12/4/1	17	17	23	19	20	23
773	18576	1.049603	0.0046892645	-4	13	17	18	3/6/10/2/3	17	17	23	19	21	23
774	18600	1.049466	0.0046873496	-2	15	17	16	3/7/7/3/4	17	17	23	19	21	23
775	18624	1.049329	0.0046854374	9	22	13	13	1/4/7/9/3	18	17	22	19	21	23
776	18648	1.049193	0.0046835278	1	18	17	13	2/7/7/4/4	18	17	23	19	21	23
777	18672	1.049057	0.0046816209	0	17	17	14	1/8/7/6/2	18	17	23	19	21	23
778	18696	1.048921	0.0046797167	5	21	16	11	1/6/8/5/4	17	17	23	19	21	23
779	18720	1.048785	0.0046778152	-8	11	19	18	4/6/9/4/1	18	17	22	19	21	24
780	18744	1.048649	0.0046759163	7	17	10	21	1/2/11/9/1	18	17	23	19	21	24
781	18768	1.048514	0.00467402	5	19	14	15	0/4/13/5/2	18	17	23	19	21	24
782	18792	1.048378	0.0046721264	3	18	15	15	1/7/7/6/3	18	17	23	18	21	24
783	18816	1.048243	0.0046702355	-4	13	17	18	3/6/9/4/2	18	17	23	18	21	24
784	18840	1.048108	0.0046683472	5	19	14	15	2/5/7/6/4	18	17	22	19	21	24
785	18864	1.047973	0.0046664615	-9	12	21	15	3/9/8/2/2	18	17	22	18	21	24
786	18888	1.047839	0.0046645784	-4	15	19	14	2/5/12/5/0	18	17	22	18	21	24
787	18912	1.047704	0.0046626979	5	18	13	17	1/4/11/5/3	18	17	22	18	21	24
788	18936	1.047570	0.0046608201	-6	13	19	16	6/4/7/4/3	18	17	22	18	21	24
789	18960	1.047436	0.0046589448	3	18	15	15	1/6/9/5/3	18	17	22	18	21	24
790	18984	1.047302	0.0046570722	5	18	13	17	0/5/11/6/2	18	17	22	18	21	24
791	19008	1.047169	0.0046552021	9	23	14	11	1/2/12/5/4	18	17	22	18	21	23
792	19032	1.047035	0.0046533346	1	13	12	23	1/7/8/6/2	18	17	22	18	21	23
793	19056	1.046902	0.0046514697	-5	14	19	15	3/9/5/4/3	18	17	22	18	21	23
794	19080	1.046769	0.0046496074	-4	16	20	12	3/7/8/3/3	18	17	22	18	21	23
795	19104	1.046636	0.0046477476	-9	12	21	15	4/7/9/2/2	18	17	22	19	21	24
796	19128	1.046503	0.0046458904	0	16	16	16	3/6/6/6/3	18	17	22	19	21	24
797	19152	1.046371	0.0046440357	-11	13	24	11	6/5/9/2/2	18	17	22	19	21	23
798	19176	1.046238	0.0046421836	-6	10	16	22	2/8/9/4/1	18	17	22	19	21	23
799	19200	1.046106	0.0046403341	5	19	14	15	1/7/7/4/5	18	17	22	19	21	24
800	19224	1.045974	0.004638487	1	17	16	15	1/5/12/4/2	18	17	22	19	21	24
801	19248	1.045843	0.0046366425	1	18	17	13	1/7/10/2/4	18	17	22	19	21	24
802	19272	1.045711	0.0046348006	-1	19	20	9	4/5/7/4/4	18	17	22	19	21	24
803	19296	1.045579	0.0046329611	1	17	16	15	1/6/11/3/3	18	17	22	19	21	23
804	19320	1.045448	0.0046311242	3	21	18	9	3/5/8/2/6	18	17	22	19	21	24
805	19344	1.045317	0.0046292897	-2	14	16	18	3/6/8/4/3	18	17	22	19	21	24
806	19368	1.045186	0.0046274578	-3	15	18	15	4/4/10/3/3	18	17	22	19	21	24
807	19392	1.045056	0.0046256284	3	19	16	13	2/5/8/6/3	18	17	22	19	21	23
808	19416	1.044925	0.0046238014	-6	14	20	14	2/7/11/3/1	18	17	22	19	21	23
809	19440	1.044795	0.004621977	-7	11	18	19	2/10/5/7/0	18	17	21	19	21	23
810	19464	1.044664	0.004620155	1	15	14	19	2/5/8/8/1	18	17	21	19	21	23
811	19488	1.044534	0.0046183355	16	23	7	18	2/2/4/10/6	18	17	22	19	22	24
812	19512	1.044405	0.0046165184	7	21	14	13	2/4/6/9/3	18	17	22	19	22	24
813	19536	1.044275	0.0046147039	-7	12	19	17	2/8/10/3/1	18	17	22	19	22	24
814	19560	1.044145	0.0046128917	-1	11	12	25	2/6/9/5/2	18	17	22	19	22	23
815	19584	1.044016	0.0046110821	-11	12	23	13	6/3/11/4/0	18	17	21	19	21	23
816	19608	1.043887	0.0046092748	-12	13	25	10	7/3/10/3/1	18	17	21	19	22	24
817	19632	1.043758	0.0046074701	-7	14	21	13	4/5/10/4/1	18	17	21	19	21	24
818	19656	1.043629	0.0046056677	-4	11	15	22	1/9/9/3/2	18	17	21	19	22	24
819	19680	1.043501	0.0046038678	9	22	13	13	2/1/9/10/2	18	17	21	19	21	24
820	19704	1.043372	0.0046020703	-2	17	19	12	2/9/6/3/4	18	17	21	19	21	24
821	19728	1.043244	0.0046002752	0	17	17	14	3/6/7/4/4	18	17	21	19	21	24
822	19752	1.043116	0.0045984825	-1	18	19	11	3/4/10/5/2	18	17	21	19	21	24
823	19776	1.042988	0.0045966923	9	21	12	15	2/2/9/7/4	18	17	22	19	21	24
824	19800	1.042860	0.0045949044	-1	17	18	13	3/6/7/5/3	18	17	22	19	22	24
825	19824	1.042733	0.0045931189	2	16	14	18	2/4/10/6/2	18	17	22	19	21	24
826	19848	1.042605	0.0045913359	-6	14	20	14	6/6/3/6/3	18	17	22	19	22	24
827	19872	1.042478	0.0045895552	0	17	17	14	3/2/13/4/2	18	17	22	19	22	24
828	19896	1.042351	0.0045877769	-4	11	15	22	2/8/7/6/1	18	17	22	19	22	24
829	19920	1.042224	0.0045860009	-2	15	17	16	2/6/10/4/2	18	17	22	19	21	24
830	19944	1.042097	0.0045842274	-3	16	19	13	3/7/8/2/4	18	17	22	19	21	24
831	19968	1.041971	0.0045824562	2	18	16	14	2/3/12/5/2	18	17	22	19	21	24
832	19992	1.041844	0.0045806873	-2	16	18	14	4/5/8/3/4	18	17	22	19	21	24
833	20016	1.041718	0.0045789208	0	16	16	16	4/3/8/7/2	18	17	22	19	21	24
834	20040	1.041592	0.0045771567	-8	16	24	8	4/5/12/1/2	18	17	21	19	22	24
835	20064	1.041466	0.0045753949	-4	15	19	14	3/7/8/3/3	18	17	21	19	22	24
836	20088	1.041340	0.0045736354	-5	14	19	15	4/7/6/4/3	18	17	22	19	22	23
837	20112	1.041215	0.0045718783	-2	16	18	14	4/4/8/6/2	18	17	22	19	22	23
838	20136	1.041089	0.0045701235	-7	9	16	23	1/11/7/4/1	18	17	22	19	21	24
839	20160	1.040964	0.004568371	8	18	10	20	0/4/10/8/2	18	17	22	19	21	24
840	20184	1.040839	0.0045666208	1	17	16	15	1/6/9/7/1	18	17	22	19	21	24
841	20208	1.040714	0.004564873	1	16	15	17	2/5/9/6/2	18	17	22	19	21	24
842	20232	1.040589	0.0045631274	-6	14	20	14	5/6/6/4/3	18	17	22	19	21	24
843	20256	1.040465	0.0045613842	14	25	11	12	2/2/6/8/6	18	17	22	19	21	23
844	20280	1.040340	0.0045596432	12	22	10	16	0/5/8/5/6	18	17	22	19	21	24
845	20304	1.040216	0.0045579046	5	17	12	19	0/4/13/5/2	18	18	22	19	21	24
846	20328	1.040092	0.0045561682	-1	18	19	11	4/3/9/6/2	18	18	22	19	21	24
847	20352	1.039968	0.0045544341	0	16	16	16	4/5/5/7/3	18	18	22	19	21	24
848	20376	1.039844	0.0045527023	-3	14	17	17	3/6/7/7/1	18	18	22	19	21	24
849	20400	1.039720	0.0045509728	7	21	14	13	2/4/8/5/5	18	17	22	19	21	24
850	20424	1.039597	0.0045492455	5	19	14	15	1/4/11/5/3	18	18	22	19	21	24
851	20448	1.039474	0.0045475205	-2	14	16	18	2/7/8/5/2	18	18	22	19	21	24
852	20472	1.039351	0.0045457977	7	24	17	7	3/2/10/3/6	18	18	22	19	21	24
853	20496	1.039228	0.0045440772	1	17	16	15	2/6/9/3/4	18	18	22	19	21	24
854	20520	1.039105	0.004542359	-2	17	19	12	3/4/10/6/1	18	18	21	19	21	24
855	20544	1.038982	0.0045406429	-1	16	17	15	3/5/10/2/4	18	18	22	19	21	24
856	20568	1.038860	0.0045389291	-2	17	19	12	3/6/7/6/2	18	18	22	19	21	24
857	20592	1.038737	0.0045372176	0	16	16	16	1/7/9/5/2	18	18	22	19	21	24
858	20616	1.038615	0.0045355083	1	14	13	21	1/7/7/8/1	18	18	22	19	21	24
859	20640	1.038493	0.0045338012	-3	19	22	7	5/2/11/3/3	18	18	22	19	21	24
860	20664	1.038371	0.0045320963	4	17	13	18	2/4/11/2/5	18	18	22	19	21	24
861	20688	1.038249	0.0045303936	-2	13	15	20	2/7/9/3/3	18	18	22	19	21	24
862	20712	1.038128	0.0045286931	-6	11	17	20	2/9/6/7/0	18	18	22	19	21	24
863	20736	1.038006	0.0045269949	10	22	12	14	1/2/10/8/3	18	17	22	19	21	24
864	20760	1.037885	0.0045252988	5	20	15	13	2/3/11/4/4	18	18	22	19	21	24
865	20784	1.037764	0.0045236049	2	18	16	14	3/5/6/7/3	18	18	22	19	21	24
866	20808	1.037643	0.0045219132	-1	17	18	13	2/6/9/5/2	18	18	22	19	21	24
867	20832	1.037522	0.0045202237	-8	9	17	22	1/10/10/2/1	18	17	22	19	21	24
868	20856	1.037402	0.0045185364	-7	15	22	11	3/6/10/5/0	18	18	22	19	21	24
869	20880	1.037281	0.0045168512	5	21	16	11	2/3/10/6/3	18	18	22	19	21	24
870	20904	1.037161	0.0045151683	10	21	11	16	1/3/9/7/4	18	17	22	19	21	24
871	20928	1.037041	0.0045134874	2	19	17	12	1/4/12/6/1	18	17	22	19	21	24
872	20952	1.036921	0.0045118088	-3	16	19	13	3/6/8/5/2	18	17	22	19	21	24
873	20976	1.036801	0.0045101323	-1	16	17	15	3/5/9/4/3	18	17	22	19	21	24
874	21000	1.036681	0.0045084579	1	15	14	19	2/5/10/4/3	18	17	22	19	21	24
875	21024	1.036561	0.0045067857	-2	15	17	16	2/6/9/6/1	18	17	22	19	21	24
876	21048	1.036442	0.0045051156	2	19	17	12	0/6/11/6/1	18	17	22	19	21	24
877	21072	1.036323	0.0045034477	-15	8	23	17	6/7/7/4/0	18	17	22	19	21	24
878	21096	1.036203	0.0045017819	8	23	15	10	4/1/7/7/5	18	17	22	19	21	24
879	21120	1.036084	0.0045001182	-5	15	20	13	5/5/7/4/3	18	17	22	19	21	24
880	21144	1.035966	0.0044984567	-3	15	18	15	2/6/11/3/2	18	17	22	19	21	24
881	21168	1.035847	0.0044967972	0	20	20	8	2/6/10/2/4	18	17	22	19	21	24
882	21192	1.035728	0.0044951399	7	19	12	17	2/2/10/7/3	18	17	22	19	21	23
883	21216	1.035610	0.0044934847	0	17	17	14	4/3/9/5/3	18	17	22	19	21	23
884	21240	1.035492	0.0044918316	2	16	14	18	1/4/12/6/1	18	17	22	19	21	23
885	21264	1.035374	0.0044901806	6	22	16	10	2/5/7/5/5	18	17	22	19	21	23
886	21288	1.035256	0.0044885317	-5	16	21	11	5/2/12/3/2	18	17	22	19	21	24
887	21312	1.035138	0.0044868849	-5	15	20	13	4/4/11/3/2	18	17	22	19	21	23
888	21336	1.035020	0.0044852401	-6	14	20	14	3/7/9/3/2	18	17	22	19	21	23
889	21360	1.034903	0.0044835975	-3	12	15	21	1/8/8/7/0	18	17	22	19	21	23
890	21384	1.034785	0.0044819569	-2	16	18	14	3/7/6/5/3	18	17	22	19	21	23
891	21408	1.034668	0.0044803184	2	18	16	14	2/4/11/4/3	18	17	22	19	21	23
892	21432	1.034551	0.004478682	-9	14	23	11	4/7/8/4/1	19	17	22	19	21	24
893	21456	1.034434	0.0044770476	-6	15	21	12	3/5/12/3/1	18	17	22	19	21	23
894	21480	1.034317	0.0044754153	1	13	12	23	0/10/4/9/1	18	17	22	19	21	23
895	21504	1.034201	0.0044737851	6	21	15	12	1/2/13/6/2	18	17	22	19	21	24
896	21528	1.034084	0.0044721569	7	20	13	15	2/2/9/9/2	18	17	22	19	21	24
897	21552	1.033968	0.0044705307	-3	14	17	17	4/3/10/6/1	18	17	22	19	21	24
898	21576	1.033852	0.0044689066	-4	14	18	16	3/6/8/6/1	18	17	22	19	20	24
899	21600	1.033735	0.0044672845	-4	11	15	22	3/6/9/4/2	18	18	22	19	21	24
900	21624	1.033620	0.0044656645	1	13	12	23	1/8/6/7/2	18	18	22	19	21	24
901	21648	1.033504	0.0044640465	-3	18	21	9	3/3/13/4/1	18	17	22	19	20	24
902	21672	1.033388	0.0044624305	5	19	14	15	2/4/8/7/3	18	18	22	19	21	24
903	21696	1.033273	0.0044608165	-8	14	22	12	5/7/6/3/3	19	17	22	19	21	24
904	21720	1.033157	0.0044592046	3	20	17	11	3/4/7/7/3	19	17	22	19	21	24
905	21744	1.033042	0.0044575946	-1	19	20	9	4/2/11/5/2	19	17	22	19	21	24
906	21768	1.032927	0.0044559867	-4	14	18	16	3/7/7/5/2	19	17	22	19	21	24
907	21792	1.032812	0.0044543808	-3	13	16	19	3/5/10/4/2	19	17	22	19	21	24
908	21816	1.032697	0.0044527769	7	22	15	11	2/3/10/4/5	19	17	22	19	20	24
909	21840	1.032582	0.0044511749	-7	11	18	19	2/10/6/5/1	18	17	22	19	21	24
910	21864	1.032468	0.004449575	-5	12	17	19	2/7/10/4/1	18	17	22	19	21	24
911	21888	1.032353	0.0044479771	7	20	13	15	2/4/5/11/2	18	17	22	19	21	24
912	21912	1.032239	0.0044463811	4	18	14	16	1/5/9/7/2	18	17	22	19	21	24
913	21936	1.032125	0.0044447871	-2	16	18	14	3/4/10/6/1	18	17	22	19	21	24
914	21960	1.032011	0.0044431951	-1	17	18	13	4/5/7/4/4	18	17	22	19	21	24
915	21984	1.031897	0.0044416051	-4	17	21	10	4/5/8/5/2	18	17	22	19	21	24
916	22008	1.031784	0.004440017	9	20	11	17	1/4/7/9/3	19	17	22	19	21	24
917	22032	1.031670	0.0044384309	-1	14	15	19	1/5/12/6/0	19	17	22	19	21	24
918	22056	1.031557	0.0044368467	-1	17	18	13	1/5/14/2/2	19	17	22	19	21	24
919	22080	1.031443	0.0044352645	-8	13	21	14	4/4/12/4/0	19	17	22	19	21	24
920	22104	1.031330	0.0044336843	-4	15	19	14	3/6/8/6/1	19	17	22	19	21	24
921	22128	1.031217	0.004432106	-9	13	22	13	5/6/7/5/1	19	17	22	19	21	24
922	22152	1.031104	0.0044305296	6	20	14	14	3/3/8/5/5	19	17	22	19	21	24
923	22176	1.030991	0.0044289552	5	21	16	11	1/3/13/4/3	19	17	22	19	21	24
924	22200	1.030879	0.0044273827	-2	15	17	16	2/4/13/4/1	19	17	22	19	21	24
925	22224	1.030766	0.0044258122	-1	15	16	17	2/5/10/6/1	19	17	22	19	21	24
926	22248	1.030654	0.0044242435	1	20	19	9	5/3/7/4/5	19	17	22	19	21	24
927	22272	1.030542	0.0044226768	7	20	13	15	2/5/5/8/4	19	17	22	19	20	24
928	22296	1.030430	0.004421112	-4	13	17	18	3/6/9/4/2	19	17	22	19	21	24
929	22320	1.030318	0.0044195491	-3	15	18	15	3/6/7/7/1	19	17	22	19	21	24
930	22344	1.030206	0.0044179882	-2	14	16	18	2/6/9/6/1	19	17	22	19	21	24
931	22368	1.030094	0.0044164291	7	19	12	17	0/5/9/8/2	19	18	22	19	21	24
932	22392	1.029983	0.004414872	1	15	14	19	2/5/9/6/2	19	18	22	19	21	24
933	22416	1.029871	0.0044133167	5	21	16	11	3/4/7/5/5	19	18	22	19	21	24
934	22440	1.029760	0.0044117633	0	16	16	16	3/4/10/4/3	19	18	22	19	21	24
935	22464	1.029649	0.0044102119	-6	14	20	14	4/6/8/4/2	19	18	22	19	21	24
936	22488	1.029538	0.0044086623	2	19	17	12	3/4/9/4/4	19	17	22	19	21	24
937	22512	1.029427	0.0044071146	3	18	15	15	2/5/7/8/2	19	18	22	19	21	24
938	22536	1.029316	0.0044055687	0	18	18	12	2/5/10/5/2	19	18	22	19	21	24
939	22560	1.029205	0.0044040248	-6	14	20	14	2/8/9/4/1	19	18	22	19	21	24
940	22584	1.029095	0.0044024827	4	20	16	12	2/4/9/6/3	19	18	22	19	21	24
941	22608	1.028984	0.0044009425	-6	15	21	12	5/5/8/3/3	19	18	22	19	21	24
942	22632	1.028874	0.0043994042	-9	13	22	13	4/7/9/2/2	19	17	22	20	21	24
943	22656	1.028764	0.0043978677	2	17	15	16	1/8/7/4/4	19	17	22	20	21	24
944	22680	1.028654	0.004396333	8	21	13	14	2/2/10/6/4	19	17	22	19	21	24
945	22704	1.028544	0.0043948003	12	21	9	18	1/1/9/11/2	19	17	22	19	21	24
946	22728	1.028434	0.0043932693	-5	14	19	15	4/6/8/3/3	19	17	22	19	21	24
947	22752	1.028325	0.0043917402	10	22	12	14	0/6/8/4/6	19	17	23	19	21	24
948	22776	1.028215	0.004390213	0	15	15	18	3/4/7/10/0	19	17	23	19	21	24
949	22800	1.028106	0.0043886876	1	17	16	15	2/6/7/7/2	19	17	23	19	21	24
950	22824	1.027997	0.004387164	-1	18	19	11	4/3/10/4/3	19	17	23	19	21	24
951	22848	1.027887	0.0043856423	0	14	14	20	2/5/9/7/1	19	17	23	19	21	24
952	22872	1.027778	0.0043841223	-5	15	20	13	5/4/9/3/3	19	17	23	19	21	24
953	22896	1.027670	0.0043826042	0	18	18	12	4/6/5/4/5	19	17	23	19	21	24
954	22920	1.027561	0.004381088	2	19	17	12	3/3/10/5/3	19	17	23	19	21	24
955	22944	1.027452	0.0043795735	0	17	17	14	2/8/6/4/4	19	17	23	19	21	24
956	22968	1.027344	0.0043780608	0	17	17	14	3/3/10/7/1	19	17	23	19	21	24
957	22992	1.027235	0.00437655	1	13	12	23	2/4/10/7/1	19	17	23	19	21	24
958	23016	1.027127	0.004375041	-2	16	18	14	4/7/4/5/4	19	17	23	19	21	24
959	23040	1.027019	0.0043735337	-1	18	19	11	3/5/8/6/2	19	17	23	19	21	24
960	23064	1.026911	0.0043720283	-1	19	20	9	3/4/11/3/3	19	17	23	19	21	24
961	23088	1.026803	0.0043705246	-9	14	23	11	5/6/8/3/2	18	17	23	19	21	24
962	23112	1.026695	0.0043690228	-2	16	18	14	4/6/6/4/4	18	17	23	19	21	24
963	23136	1.026588	0.0043675227	4	19	15	14	1/4/11/6/2	18	17	23	19	21	24
964	23160	1.026480	0.0043660244	9	23	14	11	2/3/8/6/5	18	17	22	19	21	23
965	23184	1.026373	0.0043645279	0	18	18	12	0/5/14/5/0	18	17	22	19	21	23
966	23208	1.026266	0.0043630331	-5	14	19	15	5/5/6/6/2	18	17	23	19	21	23
967	23232	1.026159	0.0043615402	-3	13	16	19	4/4/9/5/2	18	17	23	19	21	23
968	23256	1.026052	0.004360049	-4	14	18	16	3/8/6/4/3	18	17	23	19	21	23
969	23280	1.025945	0.0043585595	3	16	13	19	2/8/3/7/4	18	17	23	19	21	23
970	23304	1.025838	0.0043570719	-7	13	20	15	3/9/6/4/2	18	17	22	19	21	23
971	23328	1.025731	0.004355586	-5	13	18	17	1/9/10/2/2	18	17	23	19	21	23
972	23352	1.025625	0.0043541018	2	19	17	12	2/4/11/4/3	18	17	23	19	21	23
973	23376	1.025518	0.0043526194	8	22	14	12	0/6/9/4/5	18	17	22	19	21	23
974	23400	1.025412	0.0043511387	-1	12	13	23	1/4/14/5/0	18	17	22	19	21	23
975	23424	1.025306	0.0043496598	-7	13	20	15	5/8/4/3/4	18	17	22	19	21	23
976	23448	1.025200	0.0043481826	-1	16	17	15	3/6/8/3/4	18	17	22	19	21	23
977	23472	1.025094	0.0043467072	0	16	16	16	4/1/12/5/2	18	17	22	19	21	23
978	23496	1.024988	0.0043452335	6	19	13	16	2/5/6/7/4	18	17	22	19	21	23
979	23520	1.024883	0.0043437615	2	16	14	18	1/6/9/6/2	18	17	22	19	21	23
980	23544	1.024777	0.0043422912	-5	11	16	21	2/5/13/4/0	18	17	23	19	21	23
981	23568	1.024671	0.0043408227	0	20	20	8	5/2/9/4/4	18	17	23	19	21	23
982	23592	1.024566	0.0043393559	-5	15	20	13	4/6/7/5/2	18	17	22	19	21	23
983	23616	1.024461	0.0043378908	-2	15	17	16	3/5/8/7/1	18	17	22	19	21	23
984	23640	1.024356	0.0043364274	-1	18	19	11	3/3/12/4/2	18	17	22	19	21	23
985	23664	1.024251	0.0043349657	-7	14	21	13	5/7/4/6/2	19	17	22	19	21	23
986	23688	1.024146	0.0043335057	4	21	17	10	2/4/10/4/4	19	17	22	19	21	23
987	23712	1.024041	0.0043320475	10	22	12	14	1/1/11/9/2	18	17	23	19	21	23
988	23736	1.023937	0.0043305909	-3	16	19	13	2/6/11/3/2	18	17	23	19	21	23
989	23760	1.023832	0.004329136	4	17	13	18	3/3/8/7/3	18	17	23	19	21	23
990	23784	1.023728	0.0043276828	5	21	16	11	3/5/6/4/6	18	17	23	19	21	23
991	23808	1.023623	0.0043262314	2	17	15	16	3/3/11/3/4	18	17	23	19	21	23
992	23832	1.023519	0.0043247815	-5	14	19	15	2/8/10/1/3	18	17	23	19	21	23
993	23856	1.023415	0.0043233334	4	18	14	16	2/5/8/5/4	18	17	23	19	21	23
994	23880	1.023311	0.004321887	0	14	14	20	1/7/7/9/0	18	17	23	19	21	23
995	23904	1.023208	0.0043204422	4	17	13	18	1/6/7/8/2	18	17	23	19	21	23
996	23928	1.023104	0.0043189991	-6	15	21	12	7/3/6/5/3	18	17	23	19	21	23
997	23952	1.023000	0.0043175577	1	15	14	19	1/10/3/7/3	18	17	23	19	21	23
998	23976	1.022897	0.0043161179	6	21	15	12	2/4/9/4/5	18	17	23	20	21	23
999	24000	1.022793	0.0043146798	3	17	14	17	3/5/6/6/4	18	17	23	20	21	23
1000	24024	1.022690	0.0043132434	-6	12	18	18	3/9/5/5/2	19	17	23	20	21	23
1001	24048	1.022587	0.0043118086	-8	12	20	16	3/8/7/6/0	18	17	23	19	21	23
1002	24072	1.022484	0.0043103755	-2	17	19	12	5/5/6/3/5	18	17	23	19	21	23
1003	24096	1.022381	0.004308944	13	21	8	19	0/3/9/8/4	19	17	23	19	21	23
1004	24120	1.022278	0.0043075142	2	19	17	12	2/3/12/5/2	19	17	23	19	21	23
1005	24144	1.022176	0.004306086	-2	12	14	22	1/7/10/5/1	19	17	23	19	21	23
1006	24168	1.022073	0.0043046594	2	13	11	24	3/4/7/8/2	19	17	23	19	21	23
1007	24192	1.021971	0.0043032345	4	17	13	18	2/5/6/9/2	19	17	23	19	21	23
1008	24216	1.021868	0.0043018112	-4	17	21	10	3/6/9/4/2	19	17	23	19	21	23
1009	24240	1.021766	0.0043003896	5	20	15	13	3/3/7/8/3	19	17	23	19	20	23
1010	24264	1.021664	0.0042989696	4	16	12	20	1/7/7/5/4	19	17	23	19	21	23
1011	24288	1.021562	0.0042975512	-4	14	18	16	2/7/10/3/2	19	17	23	19	21	23
1012	24312	1.021460	0.0042961344	7	22	15	11	3/1/11/4/5	19	17	23	19	20	23
1013	24336	1.021358	0.0042947192	2	19	17	12	4/3/7/7/3	19	17	23	19	20	23
1014	24360	1.021257	0.0042933057	5	20	15	13	1/4/11/5/3	19	17	23	19	21	23
1015	24384	1.021155	0.0042918938	-7	11	18	19	4/6/8/5/1	19	17	23	19	20	23
1016	24408	1.021053	0.0042904834	0	17	17	14	2/3/12/7/0	19	17	23	19	20	23
1017	24432	1.020952	0.0042890747	7	22	15	11	1/5/8/6/4	19	17	23	19	21	23
1018	24456	1.020851	0.0042876676	-3	14	17	17	3/3/13/4/1	19	17	23	19	20	23
1019	24480	1.020750	0.0042862621	9	19	10	19	1/3/11/4/5	19	17	23	19	20	23
1020	24504	1.020649	0.0042848582	4	18	14	16	2/5/8/5/4	19	17	23	19	20	23
1021	24528	1.020548	0.0042834559	-3	16	19	13	4/3/10/6/1	19	17	23	19	20	23
1022	24552	1.020447	0.0042820551	-3	14	17	17	1/8/9/5/1	19	17	23	19	20	23
1023	24576	1.020346	0.004280656	-11	10	21	17	4/8/9/1/2	19	17	23	19	20	23
1024	24600	1.020246	0.0042792584	-3	15	18	15	5/5/4/8/2	19	17	23	19	20	23
1025	24624	1.020145	0.0042778624	7	19	12	17	1/6/8/3/6	19	17	23	19	20	23
1026	24648	1.020045	0.004276468	2	20	18	10	3/4/8/6/3	19	17	23	19	20	23
1027	24672	1.019945	0.0042750752	3	16	13	19	1/7/7/6/3	19	17	23	19	20	23
1028	24696	1.019845	0.0042736839	-1	14	15	19	2/7/6/8/1	19	17	23	19	20	23
1029	24720	1.019744	0.0042722943	-9	12	21	15	6/6/5/5/2	19	17	23	19	20	23
1030	24744	1.019645	0.0042709061	-1	17	18	13	3/4/11/3/3	19	17	23	19	20	23
1031	24768	1.019545	0.0042695196	3	24	21	3	3/2/13/1/5	19	17	23	19	20	23
1032	24792	1.019445	0.0042681346	2	21	19	8	3/4/9/4/4	19	17	23	19	20	23
1033	24816	1.019345	0.0042667511	-8	12	20	16	5/5/7/7/0	19	17	23	19	20	23
1034	24840	1.019246	0.0042653693	2	17	15	16	2/5/9/5/3	18	17	23	19	20	23
1035	24864	1.019146	0.0042639889	1	18	17	13	2/5/9/6/2	18	17	23	19	20	23
1036	24888	1.019047	0.0042626101	-3	15	18	15	3/6/8/5/2	18	17	23	19	21	23
1037	24912	1.018948	0.0042612329	3	16	13	19	2/4/10/5/3	18	17	23	19	20	23
1038	24936	1.018849	0.0042598572	-3	17	20	11	4/4/8/7/1	18	17	23	19	20	23
1039	24960	1.018750	0.004258483	2	20	18	10	4/2/9/6/3	18	17	23	19	20	23
1040	24984	1.018651	0.0042571104	4	19	15	14	0/5/13/3/3	18	17	23	19	20	23
1041	25008	1.018552	0.0042557393	6	21	15	12	2/5/7/5/5	18	17	23	19	20	23
1042	25032	1.018453	0.0042543697	-2	13	15	20	1/8/8/6/1	18	17	23	19	20	23
1043	25056	1.018355	0.0042530017	-8	14	22	12	6/5/7/3/3	19	17	23	19	20	23
1044	25080	1.018256	0.0042516352	6	17	11	20	1/1/14/7/1	18	17	23	19	20	23
1045	25104	1.018158	0.0042502702	-2	15	17	16	2/6/9/6/1	18	17	23	19	20	23
1046	25128	1.018060	0.0042489068	5	19	14	15	0/8/7/5/4	19	17	23	19	20	23
1047	25152	1.017962	0.0042475448	-5	13	18	17	3/5/11/4/1	19	17	23	19	20	23
1048	25176	1.017864	0.0042461844	2	12	10	26	0/6/11/6/1	19	17	23	19	20	23
1049	25200	1.017766	0.0042448254	4	19	15	14	4/2/6/10/2	19	17	23	19	20	23
1050	25224	1.017668	0.004243468	-2	15	17	16	4/3/10/5/2	19	17	23	19	20	23
1051	25248	1.017570	0.0042421121	-4	14	18	16	1/9/8/5/1	19	17	23	19	20	23
1052	25272	1.017472	0.0042407577	2	19	17	12	3/5/6/7/3	19	17	23	19	20	23
1053	25296	1.017375	0.0042394048	1	17	16	15	3/4/9/5/3	19	17	23	19	20	23
1054	25320	1.017277	0.0042380534	4	18	14	16	2/6/6/6/4	19	17	23	19	20	23
1055	25344	1.017180	0.0042367034	0	15	15	18	0/5/15/3/1	19	17	23	19	20	23
1056	25368	1.017083	0.004235355	0	14	14	20	0/9/8/5/2	19	17	23	19	20	23
1057	25392	1.016986	0.0042340081	3	18	15	15	1/5/11/4/3	19	17	23	19	20	23
1058	25416	1.016889	0.0042326626	-1	18	19	11	3/4/11/3/3	19	17	23	19	20	23
1059	25440	1.016792	0.0042313186	-11	9	20	19	6/3/11/4/0	19	17	22	19	20	24
1060	25464	1.016695	0.0042299761	7	22	15	11	2/5/6/6/5	19	17	22	19	21	24
1061	25488	1.016598	0.0042286351	2	17	15	16	2/4/10/6/2	19	17	22	19	21	24
1062	25512	1.016502	0.0042272956	5	20	15	13	2/7/6/2/7	19	17	22	19	20	24
1063	25536	1.016405	0.0042259575	6	18	12	18	1/7/4/9/3	19	17	22	19	21	24
1064	25560	1.016309	0.0042246209	0	15	15	18	2/3/13/5/1	19	17	22	19	21	24
1065	25584	1.016212	0.0042232858	1	16	15	17	1/8/7/5/3	19	17	22	19	21	24
1066	25608	1.016116	0.0042219521	-11	12	23	13	6/5/9/2/2	19	17	22	19	21	23
1067	25632	1.016020	0.0042206199	-4	16	20	12	3/5/10/5/1	19	17	22	19	21	23
1068	25656	1.015924	0.0042192891	4	21	17	10	3/4/7/6/4	19	17	22	19	21	23
1069	25680	1.015828	0.0042179598	-2	15	17	16	2/6/11/2/3	19	17	22	19	21	23
1070	25704	1.015732	0.004216632	2	17	15	16	2/3/11/7/1	19	17	22	19	21	23
1071	25728	1.015636	0.0042153056	2	20	18	10	3/3/11/3/4	19	17	22	19	21	23
1072	25752	1.015541	0.0042139806	7	21	14	13	1/5/9/4/5	19	17	23	19	21	24
1073	25776	1.015445	0.0042126571	-11	15	26	7	8/3/7/4/2	19	17	23	19	20	24
1074	25800	1.015350	0.004211335	-4	17	21	10	6/3/7/5/3	19	17	23	19	20	24
1075	25824	1.015254	0.0042100144	-15	8	23	17	5/10/5/3/1	19	17	23	19	21	23
1076	25848	1.015159	0.0042086952	2	17	15	16	2/5/8/7/2	19	17	23	19	21	23
1077	25872	1.015064	0.0042073775	3	18	15	15	2/5/8/6/3	19	17	23	19	21	23
1078	25896	1.014969	0.0042060611	7	20	13	15	0/5/10/6/3	19	17	23	19	21	23
1079	25920	1.014874	0.0042047462	-1	17	18	13	2/6/10/3/3	19	17	23	19	21	23
1080	25944	1.014779	0.0042034328	9	20	11	17	1/2/11/7/3	19	17	23	19	21	23
1081	25968	1.014684	0.0042021207	5	20	15	13	2/6/5/7/4	19	17	23	19	21	23
1082	25992	1.014590	0.0042008101	2	14	12	22	1/5/11/5/2	19	17	23	19	21	23
1083	26016	1.014495	0.0041995009	8	21	13	14	1/3/12/3/5	19	17	24	19	21	23
1084	26040	1.014401	0.0041981931	4	19	15	14	2/5/8/5/4	19	17	24	19	21	23
1085	26064	1.014306	0.0041968867	0	16	16	16	0/9/8/5/2	19	17	24	19	21	23
1086	26088	1.014212	0.0041955817	-2	14	16	18	4/3/9/7/1	19	17	24	19	21	23
1087	26112	1.014118	0.0041942781	-5	14	19	15	5/7/3/6/3	19	17	24	19	21	23
1088	26136	1.014024	0.004192976	4	20	16	12	3/4/7/6/4	19	17	24	19	21	23
1089	26160	1.013930	0.0041916752	5	20	15	13	3/3/9/4/5	19	17	24	19	21	23
1090	26184	1.013836	0.0041903759	-3	14	17	17	3/4/13/1/3	19	17	24	19	21	23
1091	26208	1.013742	0.0041890779	3	17	14	17	2/6/7/5/4	19	17	24	19	21	23
1092	26232	1.013648	0.0041877813	-4	17	21	10	6/2/8/6/2	19	17	24	19	21	23
1093	26256	1.013555	0.0041864862	-5	14	19	15	5/4/7/7/1	19	17	24	19	21	23
1094	26280	1.013461	0.0041851924	1	17	16	15	3/3/11/4/3	19	17	24	19	21	23
1095	26304	1.013368	0.0041839	8	19	11	18	1/4/10/4/5	19	17	24	18	21	23
1096	26328	1.013274	0.004182609	-7	12	19	17	5/5/7/6/1	19	17	24	19	21	23
1097	26352	1.013181	0.0041813194	4	18	14	16	2/6/6/6/4	19	17	24	19	21	23
1098	26376	1.013088	0.0041800311	-1	15	16	17	3/4/11/3/3	19	17	24	19	21	23
1099	26400	1.012995	0.0041787442	2	20	18	10	4/4/6/6/4	19	17	24	19	21	23
1100	26424	1.012902	0.0041774587	4	18	14	16	1/5/9/7/2	19	17	24	19	21	23
1101	26448	1.012809	0.0041761746	1	17	16	15	4/5/5/6/4	19	17	24	19	21	23
1102	26472	1.012716	0.0041748919	3	17	14	17	0/6/10/7/1	19	17	24	19	21	23
1103	26496	1.012624	0.0041736105	-5	13	18	17	2/7/10/4/1	19	17	24	18	21	23
1104	26520	1.012531	0.0041723304	-14	10	24	14	4/9/9/1/1	19	17	24	19	21	24
1105	26544	1.012438	0.0041710518	5	20	15	13	2/3/10/6/3	19	17	24	19	21	24
1106	26568	1.012346	0.0041697745	-1	17	18	13	5/3/6/8/2	19	17	24	19	21	24
1107	26592	1.012254	0.0041684985	4	18	14	16	3/2/9/8/2	19	17	24	19	21	24
1108	26616	1.012162	0.0041672239	9	22	13	13	1/5/8/4/6	19	17	24	19	21	23
1109	26640	1.012069	0.0041659507	3	19	16	13	3/5/8/2/6	19	17	24	19	21	23
1110	26664	1.011977	0.0041646788	8	18	10	20	1/2/11/8/2	19	17	24	19	21	24
1111	26688	1.011885	0.0041634083	0	14	14	20	4/2/10/6/2	19	17	24	19	21	24
1112	26712	1.011794	0.0041621391	5	18	13	17	1/6/7/7/3	19	17	24	19	21	23
1113	26736	1.011702	0.0041608712	2	18	16	14	3/2/11/6/2	19	17	24	19	21	23
1114	26760	1.011610	0.0041596047	-5	16	21	11	3/5/11/4/1	19	17	24	19	21	24
1115	26784	1.011518	0.0041583395	-7	14	21	13	6/4/7/5/2	19	17	24	19	20	24
1116	26808	1.011427	0.0041570757	-4	17	21	10	4/6/7/4/3	19	17	24	19	20	24
1117	26832	1.011336	0.0041558132	3	20	17	11	2/2/13/5/2	19	17	24	19	20	24
1118	26856	1.011244	0.004154552	-8	12	20	16	3/8/9/2/2	19	17	24	19	20	24
1119	26880	1.011153	0.0041532922	-3	17	20	11	3/6/9/3/3	19	17	24	19	21	24
1120	26904	1.011062	0.0041520337	9	21	12	15	3/4/4/7/6	19	17	24	19	20	24
1121	26928	1.010971	0.0041507765	13	22	9	17	1/2/8/9/4	19	17	24	19	21	24
1122	26952	1.010880	0.0041495206	10	20	10	18	1/3/8/9/3	19	17	24	19	20	24
1123	26976	1.010789	0.004148266	1	17	16	15	4/4/7/5/4	19	17	24	19	20	24
1124	27000	1.010698	0.0041470128	0	17	17	14	1/8/7/6/2	19	17	24	19	20	24
1125	27024	1.010608	0.0041457609	0	17	17	14	3/3/11/5/2	19	17	24	19	20	24
1126	27048	1.010517	0.0041445103	2	17	15	16	3/4/9/4/4	19	17	24	19	20	24
1127	27072	1.010426	0.0041432609	11	22	11	15	2/5/3/8/6	19	17	24	19	21	24
1128	27096	1.010336	0.0041420129	-15	9	24	15	4/9/9/2/0	19	17	23	19	21	24
1129	27120	1.010246	0.0041407663	3	15	12	21	1/5/10/6/2	19	17	23	19	21	24
1130	27144	1.010155	0.0041395209	1	18	17	13	2/5/9/6/2	19	17	23	19	21	24
1131	27168	1.010065	0.0041382768	1	17	16	15	1/7/9/4/3	19	17	23	19	21	24
1132	27192	1.009975	0.004137034	-5	11	16	21	2/7/10/4/1	19	17	23	19	21	24
1133	27216	1.009885	0.0041357925	4	19	15	14	2/5/8/5/4	19	17	23	19	21	24
1134	27240	1.009795	0.0041345523	3	20	17	11	4/2/9/5/4	19	17	23	19	21	24
1135	27264	1.009705	0.0041333134	-11	10	21	17	3/8/10/3/0	19	17	23	18	21	24
1136	27288	1.009616	0.0041320758	4	18	14	16	1/4/12/4/3	19	17	23	18	21	24
1137	27312	1.009526	0.0041308394	4	18	14	16	2/5/6/9/2	19	17	23	19	21	24
1138	27336	1.009437	0.0041296044	2	16	14	18	2/6/7/6/3	19	17	23	19	21	24
1139	27360	1.009347	0.0041283706	1	15	14	19	2/4/10/7/1	19	17	23	19	21	24
1140	27384	1.009258	0.0041271381	3	19	16	13	3/7/5/2/7	19	17	23	19	20	23
1141	27408	1.009168	0.0041259069	0	15	15	18	3/5/9/3/4	19	17	23	19	20	23
1142	27432	1.009079	0.004124677	6	20	14	14	3/4/6/6/5	19	17	23	18	20	23
1143	27456	1.008990	0.0041234483	-3	16	19	13	4/5/6/8/1	19	17	23	18	20	23
1144	27480	1.008901	0.0041222209	-5	16	21	11	6/5/5/4/4	19	17	23	18	21	24
1145	27504	1.008812	0.0041209948	-5	14	19	15	3/4/12/5/0	19	17	23	18	20	24
1146	27528	1.008723	0.0041197699	7	19	12	17	1/3/9/10/1	19	17	23	19	20	24
1147	27552	1.008634	0.0041185463	6	17	11	20	1/6/6/8/3	19	17	23	18	20	24
1148	27576	1.008546	0.004117324	4	17	13	18	4/3/6/7/4	19	17	24	18	20	24
1149	27600	1.008457	0.0041161029	-1	19	20	9	3/4/11/3/3	19	17	24	18	20	24
1150	27624	1.008369	0.0041148831	6	19	13	16	1/5/8/7/3	19	17	24	18	20	23
1151	27648	1.008280	0.0041136645	4	17	13	18	2/4/9/6/3	19	17	24	18	20	23
1152	27672	1.008192	0.0041124472	-10	11	21	16	5/7/6/5/1	19	17	23	18	20	24
1153	27696	1.008104	0.0041112312	6	21	15	12	1/5/9/5/4	19	17	23	18	20	24
1154	27720	1.008015	0.0041100164	5	18	13	17	2/4/8/7/3	19	17	23	18	20	24
1155	27744	1.007927	0.0041088028	3	17	14	17	2/5/6/10/1	19	17	23	18	20	24
1156	27768	1.007839	0.0041075905	7	21	14	13	1/5/9/4/5	19	17	23	18	20	24
1157	27792	1.007751	0.0041063794	-2	16	18	14	1/6/12/4/1	19	17	23	18	20	24
1158	27816	1.007663	0.0041051696	4	19	15	14	1/6/9/4/4	19	17	23	18	20	24
1159	27840	1.007576	0.004103961	6	20	14	14	1/3/10/9/1	19	17	23	18	20	24
1160	27864	1.007488	0.0041027536	5	19	14	15	2/4/8/7/3	19	17	24	18	20	24
1161	27888	1.007400	0.0041015475	-7	14	21	13	4/5/10/4/1	19	17	23	18	20	24
1162	27912	1.007313	0.0041003426	5	19	14	15	2/2/11/7/2	19	17	24	18	20	24
1163	27936	1.007225	0.0040991389	-4	16	20	12	3/4/13/2/2	19	17	24	18	20	24
1164	27960	1.007138	0.0040979365	1	17	16	15	2/6/8/5/3	19	17	24	18	20	24
1165	27984	1.007051	0.0040967353	-4	16	20	12	3/5/11/3/2	19	17	24	18	20	24
1166	28008	1.006964	0.0040955353	-5	12	17	19	5/4/7/7/1	19	17	24	18	20	24
1167	28032	1.006876	0.0040943365	3	16	13	19	0/7/9/6/2	19	17	24	18	20	24
1168	28056	1.006789	0.004093139	3	21	18	9	3/2/11/5/3	19	17	24	18	20	24
1169	28080	1.006702	0.0040919426	6	21	15	12	3/0/12/6/3	19	17	24	18	20	24
1170	28104	1.006616	0.0040907475	11	23	12	13	1/4/6/9/4	19	17	24	18	20	24
1171	28128	1.006529	0.0040895536	-1	18	19	11	3/6/8/3/4	19	17	24	18	20	24
1172	28152	1.006442	0.0040883609	6	20	14	14	1/5/8/7/3	19	17	24	18	20	24
1173	28176	1.006356	0.0040871694	-3	15	18	15	2/6/9/7/0	19	17	24	18	20	24
1174	28200	1.006269	0.0040859791	-5	14	19	15	4/6/6/7/1	19	17	24	18	20	24
1175	28224	1.006183	0.00408479	5	19	14	15	3/4/6/7/4	19	17	24	18	20	24
1176	28248	1.006096	0.0040836022	0	16	16	16	2/5/10/5/2	19	17	24	18	20	24
1177	28272	1.006010	0.0040824155	-11	12	23	13	4/9/6/4/1	19	17	24	18	20	24
1178	28296	1.005924	0.00408123	0	17	17	14	5/3/6/7/3	19	17	24	18	20	24
1179	28320	1.005838	0.0040800457	-1	16	17	15	3/4/11/3/3	19	17	24	18	20	24
1180	28344	1.005751	0.0040788626	1	17	16	15	1/6/10/5/2	19	17	24	18	20	24
1181	28368	1.005665	0.0040776807	-10	13	23	12	7/3/9/3/2	19	17	24	18	21	23
1182	28392	1.005580	0.0040765	-9	11	20	17	4/9/5/4/2	19	17	24	18	21	23
1183	28416	1.005494	0.0040753205	6	17	11	20	0/6/7/10/1	19	17	24	18	21	23
1184	28440	1.005408	0.0040741422	-1	14	15	19	1/8/8/5/2	19	17	24	18	21	23
1185	28464	1.005322	0.004072965	-1	15	16	17	1/5/12/6/0	19	17	24	18	21	23
1186	28488	1.005237	0.004071789	1	19	18	11	2/3/13/4/2	19	17	24	18	21	23
1187	28512	1.005151	0.0040706143	3	16	13	19	3/3/8/8/2	19	17	24	18	21	23
1188	28536	1.005066	0.0040694406	4	18	14	16	3/1/11/7/2	19	17	24	18	21	23
1189	28560	1.004981	0.0040682682	-6	15	21	12	3/8/8/2/3	19	17	24	18	20	23
1190	28584	1.004895	0.0040670969	9	20	11	17	0/6/7/7/4	19	17	24	18	20	23
1191	28608	1.004810	0.0040659268	1	19	18	11	1/4/14/3/2	19	17	24	18	20	23
1192	28632	1.004725	0.0040647579	11	21	10	17	1/4/7/7/5	19	17	24	18	20	24
1193	28656	1.004640	0.0040635902	-3	17	20	11	3/8/7/1/5	19	17	24	18	20	24
1194	28680	1.004555	0.0040624236	-1	15	16	17	1/5/13/4/1	19	17	24	18	20	24
1195	28704	1.004470	0.0040612581	0	17	17	14	3/5/8/5/3	19	17	24	18	20	24
1196	28728	1.004385	0.0040600939	0	17	17	14	3/4/10/4/3	19	17	24	18	20	24
1197	28752	1.004301	0.0040589308	-5	14	19	15	4/7/5/6/2	19	17	24	18	21	24
1198	28776	1.004216	0.0040577688	8	20	12	16	1/7/4/7/5	19	17	23	18	21	24
1199	28800	1.004132	0.004056608	4	17	13	18	2/5/7/7/3	19	17	23	18	21	24
1200	28824	1.004047	0.0040554484	-2	16	18	14	3/5/9/5/2	19	17	23	18	21	24
1201	28848	1.003963	0.0040542899	2	16	14	18	3/2/10/8/1	19	17	23	18	21	24
1202	28872	1.003878	0.0040531326	-2	15	17	16	3/3/11/7/0	19	17	23	18	21	24
1203	28896	1.003794	0.0040519764	0	18	18	12	1/5/12/5/1	19	17	23	18	21	24
1204	28920	1.003710	0.0040508213	2	17	15	16	1/8/7/4/4	19	17	24	18	21	24
1205	28944	1.003626	0.0040496674	0	18	18	12	3/3/12/3/3	19	17	24	18	21	24
1206	28968	1.003542	0.0040485147	-7	15	22	11	4/6/9/3/2	19	17	24	18	20	24
1207	28992	1.003458	0.0040473631	-3	17	20	11	6/3/6/6/3	19	17	24	18	21	24
1208	29016	1.003374	0.0040462126	4	18	14	16	3/3/8/7/3	19	17	24	18	20	24
1209	29040	1.003290	0.0040450632	-1	17	18	13	2/7/8/4/3	19	17	24	18	20	24
1210	29064	1.003207	0.004043915	8	22	14	12	2/5/5/7/5	19	17	24	18	21	24
1211	29088	1.003123	0.004042768	9	18	9	21	2/2/8/9/3	19	17	24	18	20	24
1212	29112	1.003039	0.004041622	8	24	16	8	3/2/8/6/5	19	17	23	18	20	24
1213	29136	1.002956	0.0040404772	8	20	12	16	0/6/8/6/4	19	17	24	18	20	24
1214	29160	1.002872	0.0040393335	6	19	13	16	3/5/4/7/5	19	17	24	18	21	24
1215	29184	1.002789	0.0040381909	0	21	21	6	3/3/13/1/4	19	17	24	18	21	24
1216	29208	1.002706	0.0040370495	-4	17	21	10	3/6/10/2/3	19	17	24	18	21	24
1217	29232	1.002623	0.0040359092	-4	16	20	12	0/8/13/2/1	19	17	24	18	20	24
1218	29256	1.002540	0.00403477	17	25	8	15	2/1/8/4/9	19	17	24	18	21	24
1219	29280	1.002457	0.0040336319	-5	13	18	17	2/7/10/4/1	19	17	24	18	21	24
1220	29304	1.002374	0.0040324949	2	16	14	18	2/6/7/6/3	19	17	24	18	21	24
1221	29328	1.002291	0.0040313591	4	19	15	14	3/4/5/10/2	19	17	24	18	21	24
1222	29352	1.002208	0.0040302243	9	22	13	13	2/3/7/8/4	19	17	24	18	21	24
1223	29376	1.002125	0.0040290907	-4	13	17	18	4/6/7/4/3	19	17	24	18	21	24
1224	29400	1.002043	0.0040279582	1	17	16	15	1/7/9/4/3	19	17	24	18	21	24
1225	29424	1.001960	0.0040268268	-1	18	19	11	3/6/8/3/4	19	17	24	18	21	24
1226	29448	1.001877	0.0040256965	4	18	14	16	1/5/11/3/4	19	17	24	18	21	24
1227	29472	1.001795	0.0040245673	4	20	16	12	3/3/11/1/6	19	17	24	18	21	24
1228	29496	1.001713	0.0040234391	-14	10	24	14	7/6/7/2/2	19	17	24	18	20	24
1229	29520	1.001630	0.0040223121	-17	7	24	17	5/10/6/3/0	19	17	24	18	20	24
1230	29544	1.001548	0.0040211862	-4	18	22	8	5/6/6/2/5	19	17	24	18	20	24
1231	29568	1.001466	0.0040200614	-6	12	18	18	2/7/12/1/2	19	17	24	18	20	24
1232	29592	1.001384	0.0040189377	-2	16	18	14	3/5/8/7/1	19	17	24	18	20	24
1233	29616	1.001302	0.0040178151	-6	15	21	12	3/10/5/2/4	19	18	24	18	20	24
1234	29640	1.001220	0.0040166935	5	20	15	13	3/4/7/5/5	19	18	24	18	20	24
1235	29664	1.001138	0.0040155731	7	18	11	19	2/2/11/5/4	19	18	24	18	20	24
1236	29688	1.001056	0.0040144537	10	23	13	12	0/6/8/4/6	18	17	24	18	20	24
1237	29712	1.000975	0.0040133354	-4	16	20	12	4/4/11/2/3	19	17	23	18	20	24
1238	29736	1.000893	0.0040122182	-6	15	21	12	3/7/10/1/3	18	18	23	18	20	24
1239	29760	1.000812	0.0040111021	4	16	12	20	1/7/5/9/2	18	17	23	18	20	24
1240	29784	1.000730	0.0040099871	-9	16	25	7	6/3/11/2/2	19	18	23	18	20	24
1241	29808	1.000649	0.0040088731	13	23	10	15	1/2/9/7/5	18	17	23	18	20	24
1242	29832	1.000567	0.0040077602	2	18	16	14	1/5/10/7/1	18	17	23	18	20	24
1243	29856	1.000486	0.0040066484	-13	11	24	13	7/3/10/4/0	18	17	23	18	20	24
1244	29880	1.000405	0.0040055377	1	20	19	9	4/3/8/6/3	18	17	23	18	20	24
1245	29904	1.000324	0.004004428	12	24	12	12	0/4/10/4/6	19	17	24	18	20	24
1246	29928	1.000243	0.0040033194	7	20	13	15	3/3/5/10/3	19	17	24	18	20	24
1247	29952	1.000162	0.0040022119	3	17	14	17	1/4/11/7/1	19	17	24	18	20	24
1248	29976	1.000081	0.0040011054	-6	14	20	14	2/6/12/4/0	19	17	23	18	20	24
1249	30000	1.000000	0.004	-11	8	19	21	2/9/11/2/0	18	17	24	18	20	24
